postId,accountName,status,imagesDownloaded,imagesFailed,error
4ec16dcd-19db-426c-8314-b4739cbeafaa_214767308577397_1118244913676470,"The Star Sydney Poker",fixed,1,0,
5a94c0cc-6a42-4d23-b8a2-fa2ad7c07828_112289674918260_119133640913847,"Kings Room",fixed,1,0,
4ec16dcd-19db-426c-8314-b4739cbeafaa_214767308577397_866387308862233,"The Star Sydney Poker",fixed,1,0,
bd7730a8-6a81-4ddf-a6c7-1d1a1c2a8f90_554057605040938_1412770183388256,"Poker Palace Australia",fixed,1,0,
4ec16dcd-19db-426c-8314-b4739cbeafaa_214767308577397_666950885472544,"The Star Sydney Poker",fixed,1,0,
4ec16dcd-19db-426c-8314-b4739cbeafaa_214767308577397_6072302176157185,"The Star Sydney Poker",fixed,2,0,
4ec16dcd-19db-426c-8314-b4739cbeafaa_214767308577397_1127971416037153,"The Star Sydney Poker",fixed,1,0,
bd7730a8-6a81-4ddf-a6c7-1d1a1c2a8f90_554057605040938_1249215813077028,"Poker Palace Australia",fixed,1,0,
bd7730a8-6a81-4ddf-a6c7-1d1a1c2a8f90_554057605040938_1506954717303135,"Poker Palace Australia",fixed,1,0,
4ec16dcd-19db-426c-8314-b4739cbeafaa_214767308577397_5868336323220439,"The Star Sydney Poker",fixed,2,0,
bd7730a8-6a81-4ddf-a6c7-1d1a1c2a8f90_554057605040938_1293141765351099,"Poker Palace Australia",fixed,1,0,
4ec16dcd-19db-426c-8314-b4739cbeafaa_214767308577397_1110252117809083,"The Star Sydney Poker",fixed,1,0,
4ec16dcd-19db-426c-8314-b4739cbeafaa_214767308577397_1163756015792026,"The Star Sydney Poker",fixed,1,0,
4ec16dcd-19db-426c-8314-b4739cbeafaa_214767308577397_1191314043036223,"The Star Sydney Poker",fixed,1,0,
4ec16dcd-19db-426c-8314-b4739cbeafaa_214767308577397_861821385985492,"The Star Sydney Poker",fixed,2,0,
4ec16dcd-19db-426c-8314-b4739cbeafaa_214767308577397_688663753301257,"The Star Sydney Poker",fixed,1,0,
bd7730a8-6a81-4ddf-a6c7-1d1a1c2a8f90_554057605040938_1219209596077650,"Poker Palace Australia",fixed,1,0,
4ec16dcd-19db-426c-8314-b4739cbeafaa_214767308577397_1231989348968692,"The Star Sydney Poker",fixed,1,0,
4ec16dcd-19db-426c-8314-b4739cbeafaa_214767308577397_792870962880535,"The Star Sydney Poker",fixed,1,0,
4ec16dcd-19db-426c-8314-b4739cbeafaa_214767308577397_990143846486578,"The Star Sydney Poker",fixed,1,0,
4ec16dcd-19db-426c-8314-b4739cbeafaa_214767308577397_5614781025242638,"The Star Sydney Poker",fixed,2,0,
4ec16dcd-19db-426c-8314-b4739cbeafaa_214767308577397_963471285820501,"The Star Sydney Poker",fixed,1,0,
5a94c0cc-6a42-4d23-b8a2-fa2ad7c07828_112289674918260_862007729959764,"Kings Room",pending,0,1,
4ec16dcd-19db-426c-8314-b4739cbeafaa_214767308577397_5764086333645439,"The Star Sydney Poker",fixed,2,0,
bd7730a8-6a81-4ddf-a6c7-1d1a1c2a8f90_554057605040938_1468337194498221,"Poker Palace Australia",fixed,1,0,
4ec16dcd-19db-426c-8314-b4739cbeafaa_214767308577397_633960715438228,"The Star Sydney Poker",fixed,1,0,
bd7730a8-6a81-4ddf-a6c7-1d1a1c2a8f90_554057605040938_1284074656257810,"Poker Palace Australia",fixed,1,0,
bd7730a8-6a81-4ddf-a6c7-1d1a1c2a8f90_554057605040938_1519656019366338,"Poker Palace Australia",fixed,1,0,
4ec16dcd-19db-426c-8314-b4739cbeafaa_214767308577397_988792846621678,"The Star Sydney Poker",fixed,1,0,
bd7730a8-6a81-4ddf-a6c7-1d1a1c2a8f90_554057605040938_1368057824526159,"Poker Palace Australia",fixed,1,0,
bd7730a8-6a81-4ddf-a6c7-1d1a1c2a8f90_554057605040938_1443973290267945,"Poker Palace Australia",fixed,1,0,
bd7730a8-6a81-4ddf-a6c7-1d1a1c2a8f90_554057605040938_1473174944014446,"Poker Palace Australia",fixed,1,0,
bd7730a8-6a81-4ddf-a6c7-1d1a1c2a8f90_554057605040938_1247213493277260,"Poker Palace Australia",fixed,1,0,
4ec16dcd-19db-426c-8314-b4739cbeafaa_214767308577397_1189209666579994,"The Star Sydney Poker",fixed,1,0,
4ec16dcd-19db-426c-8314-b4739cbeafaa_214767308577397_699930108841288,"The Star Sydney Poker",fixed,1,0,
4ec16dcd-19db-426c-8314-b4739cbeafaa_214767308577397_1228748189292808,"The Star Sydney Poker",fixed,4,0,
4ec16dcd-19db-426c-8314-b4739cbeafaa_214767308577397_1131508055683489,"The Star Sydney Poker",fixed,1,0,
4ec16dcd-19db-426c-8314-b4739cbeafaa_214767308577397_821923516641946,"The Star Sydney Poker",fixed,1,0,
4ec16dcd-19db-426c-8314-b4739cbeafaa_214767308577397_783300143837617,"The Star Sydney Poker",fixed,1,0,
bd7730a8-6a81-4ddf-a6c7-1d1a1c2a8f90_554057605040938_1598668361465103,"Poker Palace Australia",fixed,1,0,
4ec16dcd-19db-426c-8314-b4739cbeafaa_214767308577397_957199043114392,"The Star Sydney Poker",fixed,1,0,
4ec16dcd-19db-426c-8314-b4739cbeafaa_214767308577397_781363850697913,"The Star Sydney Poker",fixed,1,0,
4ec16dcd-19db-426c-8314-b4739cbeafaa_214767308577397_1123207279846900,"The Star Sydney Poker",fixed,1,0,
bd7730a8-6a81-4ddf-a6c7-1d1a1c2a8f90_554057605040938_1658968318768440,"Poker Palace Australia",fixed,1,0,
bd7730a8-6a81-4ddf-a6c7-1d1a1c2a8f90_554057605040938_1414575876541020,"Poker Palace Australia",fixed,1,0,
4ec16dcd-19db-426c-8314-b4739cbeafaa_214767308577397_983155200518776,"The Star Sydney Poker",fixed,1,0,
4ec16dcd-19db-426c-8314-b4739cbeafaa_214767308577397_659847072849592,"The Star Sydney Poker",fixed,1,0,
bd7730a8-6a81-4ddf-a6c7-1d1a1c2a8f90_554057605040938_1678853133446625,"Poker Palace Australia",fixed,1,0,
bd7730a8-6a81-4ddf-a6c7-1d1a1c2a8f90_554057605040938_1338701107461831,"Poker Palace Australia",fixed,1,0,
bd7730a8-6a81-4ddf-a6c7-1d1a1c2a8f90_554057605040938_1243200193678590,"Poker Palace Australia",fixed,1,0,
4ec16dcd-19db-426c-8314-b4739cbeafaa_214767308577397_735759861924979,"The Star Sydney Poker",fixed,1,0,
4ec16dcd-19db-426c-8314-b4739cbeafaa_214767308577397_982224433945186,"The Star Sydney Poker",fixed,1,0,
bd7730a8-6a81-4ddf-a6c7-1d1a1c2a8f90_554057605040938_1636371184361487,"Poker Palace Australia",fixed,1,0,
4ec16dcd-19db-426c-8314-b4739cbeafaa_214767308577397_5943678172352920,"The Star Sydney Poker",fixed,1,0,
4ec16dcd-19db-426c-8314-b4739cbeafaa_214767308577397_1200043815496579,"The Star Sydney Poker",fixed,1,0,
4ec16dcd-19db-426c-8314-b4739cbeafaa_214767308577397_695055689328730,"The Star Sydney Poker",fixed,1,0,
bd7730a8-6a81-4ddf-a6c7-1d1a1c2a8f90_554057605040938_1432207351444539,"Poker Palace Australia",fixed,1,0,
bd7730a8-6a81-4ddf-a6c7-1d1a1c2a8f90_554057605040938_1299848141347128,"Poker Palace Australia",fixed,1,0,
bd7730a8-6a81-4ddf-a6c7-1d1a1c2a8f90_554057605040938_1658112235520715,"Poker Palace Australia",fixed,1,0,
4ec16dcd-19db-426c-8314-b4739cbeafaa_214767308577397_1220408520126775,"The Star Sydney Poker",fixed,1,0,
5a94c0cc-6a42-4d23-b8a2-fa2ad7c07828_112289674918260_118237374336807,"Kings Room",fixed,1,0,
bd7730a8-6a81-4ddf-a6c7-1d1a1c2a8f90_554057605040938_1421378952527379,"Poker Palace Australia",fixed,1,0,
bd7730a8-6a81-4ddf-a6c7-1d1a1c2a8f90_554057605040938_1621373819194557,"Poker Palace Australia",fixed,1,0,
bd7730a8-6a81-4ddf-a6c7-1d1a1c2a8f90_554057605040938_1676133337051938,"Poker Palace Australia",fixed,1,0,
4ec16dcd-19db-426c-8314-b4739cbeafaa_214767308577397_1178084921025802,"The Star Sydney Poker",fixed,1,0,
bd7730a8-6a81-4ddf-a6c7-1d1a1c2a8f90_554057605040938_1354243669240908,"Poker Palace Australia",fixed,1,0,
4ec16dcd-19db-426c-8314-b4739cbeafaa_214767308577397_1216248237209470,"The Star Sydney Poker",fixed,1,0,
4ec16dcd-19db-426c-8314-b4739cbeafaa_214767308577397_1182776617223299,"The Star Sydney Poker",fixed,1,0,
bd7730a8-6a81-4ddf-a6c7-1d1a1c2a8f90_554057605040938_1481986233133317,"Poker Palace Australia",fixed,1,0,
bd7730a8-6a81-4ddf-a6c7-1d1a1c2a8f90_554057605040938_1541627093835897,"Poker Palace Australia",fixed,1,0,
bd7730a8-6a81-4ddf-a6c7-1d1a1c2a8f90_554057605040938_1407368703928404,"Poker Palace Australia",fixed,1,0,
bd7730a8-6a81-4ddf-a6c7-1d1a1c2a8f90_554057605040938_1658452738819998,"Poker Palace Australia",fixed,1,0,
bd7730a8-6a81-4ddf-a6c7-1d1a1c2a8f90_554057605040938_1404631177535490,"Poker Palace Australia",fixed,1,0,
bd7730a8-6a81-4ddf-a6c7-1d1a1c2a8f90_554057605040938_1400513117947296,"Poker Palace Australia",fixed,1,0,
bd7730a8-6a81-4ddf-a6c7-1d1a1c2a8f90_554057605040938_1507670917231515,"Poker Palace Australia",fixed,1,0,
bd7730a8-6a81-4ddf-a6c7-1d1a1c2a8f90_554057605040938_1592873308711275,"Poker Palace Australia",fixed,1,0,
bd7730a8-6a81-4ddf-a6c7-1d1a1c2a8f90_554057605040938_1553677922630814,"Poker Palace Australia",fixed,1,0,
4ec16dcd-19db-426c-8314-b4739cbeafaa_214767308577397_731224275711871,"The Star Sydney Poker",fixed,1,0,
4ec16dcd-19db-426c-8314-b4739cbeafaa_214767308577397_760195929481372,"The Star Sydney Poker",fixed,1,0,
4ec16dcd-19db-426c-8314-b4739cbeafaa_214767308577397_1111057377728557,"The Star Sydney Poker",fixed,1,0,
bd7730a8-6a81-4ddf-a6c7-1d1a1c2a8f90_554057605040938_1251827699482506,"Poker Palace Australia",fixed,1,0,
4ec16dcd-19db-426c-8314-b4739cbeafaa_214767308577397_865503168950647,"The Star Sydney Poker",fixed,1,0,
4ec16dcd-19db-426c-8314-b4739cbeafaa_214767308577397_1205037614997199,"The Star Sydney Poker",fixed,1,0,
4ec16dcd-19db-426c-8314-b4739cbeafaa_214767308577397_5674404152613658,"The Star Sydney Poker",fixed,2,0,
bd7730a8-6a81-4ddf-a6c7-1d1a1c2a8f90_554057605040938_1248581876473755,"Poker Palace Australia",fixed,1,0,
5a94c0cc-6a42-4d23-b8a2-fa2ad7c07828_112289674918260_121002344060310,"Kings Room",fixed,1,0,
4ec16dcd-19db-426c-8314-b4739cbeafaa_214767308577397_869390051895292,"The Star Sydney Poker",fixed,1,0,
4ec16dcd-19db-426c-8314-b4739cbeafaa_214767308577397_1191700419664252,"The Star Sydney Poker",fixed,1,0,
bd7730a8-6a81-4ddf-a6c7-1d1a1c2a8f90_554057605040938_1634932611172011,"Poker Palace Australia",fixed,1,0,
bd7730a8-6a81-4ddf-a6c7-1d1a1c2a8f90_554057605040938_1301059891225953,"Poker Palace Australia",fixed,1,0,
bd7730a8-6a81-4ddf-a6c7-1d1a1c2a8f90_554057605040938_1591808968817709,"Poker Palace Australia",fixed,1,0,
bd7730a8-6a81-4ddf-a6c7-1d1a1c2a8f90_554057605040938_1365000031498605,"Poker Palace Australia",fixed,1,0,
4ec16dcd-19db-426c-8314-b4739cbeafaa_214767308577397_1231940495640244,"The Star Sydney Poker",fixed,1,0,
4ec16dcd-19db-426c-8314-b4739cbeafaa_214767308577397_5815726095148129,"The Star Sydney Poker",fixed,2,0,
bd7730a8-6a81-4ddf-a6c7-1d1a1c2a8f90_554057605040938_1420997985898809,"Poker Palace Australia",fixed,1,0,
4ec16dcd-19db-426c-8314-b4739cbeafaa_214767308577397_850232103811087,"The Star Sydney Poker",fixed,1,0,
5a94c0cc-6a42-4d23-b8a2-fa2ad7c07828_112289674918260_125576766936201,"Kings Room",fixed,1,0,
4ec16dcd-19db-426c-8314-b4739cbeafaa_214767308577397_1224759819691645,"The Star Sydney Poker",fixed,1,0,
bd7730a8-6a81-4ddf-a6c7-1d1a1c2a8f90_554057605040938_1445874253411182,"Poker Palace Australia",fixed,1,0,
4ec16dcd-19db-426c-8314-b4739cbeafaa_214767308577397_5861840483870023,"The Star Sydney Poker",fixed,1,0,
bd7730a8-6a81-4ddf-a6c7-1d1a1c2a8f90_554057605040938_1455338955798045,"Poker Palace Australia",fixed,1,0,
bd7730a8-6a81-4ddf-a6c7-1d1a1c2a8f90_554057605040938_1286800805985195,"Poker Palace Australia",fixed,1,0,
4ec16dcd-19db-426c-8314-b4739cbeafaa_214767308577397_1228821679285459,"The Star Sydney Poker",fixed,1,0,
bd7730a8-6a81-4ddf-a6c7-1d1a1c2a8f90_554057605040938_1336654870999788,"Poker Palace Australia",fixed,1,0,
bd7730a8-6a81-4ddf-a6c7-1d1a1c2a8f90_554057605040938_1241498267182116,"Poker Palace Australia",fixed,1,0,
bd7730a8-6a81-4ddf-a6c7-1d1a1c2a8f90_554057605040938_1538613357470604,"Poker Palace Australia",fixed,1,0,
bd7730a8-6a81-4ddf-a6c7-1d1a1c2a8f90_554057605040938_1412802433385031,"Poker Palace Australia",fixed,1,0,
4ec16dcd-19db-426c-8314-b4739cbeafaa_214767308577397_1180417457459215,"The Star Sydney Poker",fixed,1,0,
bd7730a8-6a81-4ddf-a6c7-1d1a1c2a8f90_554057605040938_1240560957275847,"Poker Palace Australia",fixed,1,0,
4ec16dcd-19db-426c-8314-b4739cbeafaa_214767308577397_1100199802147648,"The Star Sydney Poker",fixed,1,0,
bd7730a8-6a81-4ddf-a6c7-1d1a1c2a8f90_554057605040938_1335832011082074,"Poker Palace Australia",fixed,1,0,
4ec16dcd-19db-426c-8314-b4739cbeafaa_214767308577397_5927885007265570,"The Star Sydney Poker",fixed,2,0,
4ec16dcd-19db-426c-8314-b4739cbeafaa_214767308577397_1192492062918421,"The Star Sydney Poker",fixed,1,0,
4ec16dcd-19db-426c-8314-b4739cbeafaa_214767308577397_1131660372334924,"The Star Sydney Poker",fixed,1,0,
bd7730a8-6a81-4ddf-a6c7-1d1a1c2a8f90_554057605040938_1573550843976855,"Poker Palace Australia",fixed,1,0,
bd7730a8-6a81-4ddf-a6c7-1d1a1c2a8f90_554057605040938_1278085663523376,"Poker Palace Australia",fixed,1,0,
bd7730a8-6a81-4ddf-a6c7-1d1a1c2a8f90_554057605040938_1484685956196678,"Poker Palace Australia",fixed,1,0,
4ec16dcd-19db-426c-8314-b4739cbeafaa_214767308577397_797580835742881,"The Star Sydney Poker",fixed,1,0,
bd7730a8-6a81-4ddf-a6c7-1d1a1c2a8f90_554057605040938_1339807394017869,"Poker Palace Australia",fixed,1,0,
bd7730a8-6a81-4ddf-a6c7-1d1a1c2a8f90_554057605040938_1514525349879405,"Poker Palace Australia",fixed,1,0,
4ec16dcd-19db-426c-8314-b4739cbeafaa_214767308577397_813257717508526,"The Star Sydney Poker",fixed,1,0,
4ec16dcd-19db-426c-8314-b4739cbeafaa_214767308577397_850231430477821,"The Star Sydney Poker",fixed,1,0,
4ec16dcd-19db-426c-8314-b4739cbeafaa_214767308577397_1088340393333589,"The Star Sydney Poker",fixed,1,0,
4ec16dcd-19db-426c-8314-b4739cbeafaa_214767308577397_681715787329387,"The Star Sydney Poker",fixed,1,0,
4ec16dcd-19db-426c-8314-b4739cbeafaa_214767308577397_1130757622425199,"The Star Sydney Poker",fixed,1,0,
4ec16dcd-19db-426c-8314-b4739cbeafaa_214767308577397_1153804110120550,"The Star Sydney Poker",fixed,1,0,
bd7730a8-6a81-4ddf-a6c7-1d1a1c2a8f90_554057605040938_1617565186242087,"Poker Palace Australia",fixed,1,0,
4ec16dcd-19db-426c-8314-b4739cbeafaa_214767308577397_866850005482630,"The Star Sydney Poker",fixed,3,0,
4ec16dcd-19db-426c-8314-b4739cbeafaa_214767308577397_1230123612488599,"The Star Sydney Poker",fixed,5,0,
4ec16dcd-19db-426c-8314-b4739cbeafaa_214767308577397_1149891787178449,"The Star Sydney Poker",fixed,1,0,
4ec16dcd-19db-426c-8314-b4739cbeafaa_214767308577397_1073148454852783,"The Star Sydney Poker",fixed,1,0,
bd7730a8-6a81-4ddf-a6c7-1d1a1c2a8f90_554057605040938_1662905085041430,"Poker Palace Australia",fixed,1,0,
bd7730a8-6a81-4ddf-a6c7-1d1a1c2a8f90_554057605040938_1594288458569760,"Poker Palace Australia",fixed,1,0,
bd7730a8-6a81-4ddf-a6c7-1d1a1c2a8f90_554057605040938_1579622933369646,"Poker Palace Australia",fixed,1,0,
bd7730a8-6a81-4ddf-a6c7-1d1a1c2a8f90_554057605040938_1407923050539636,"Poker Palace Australia",fixed,1,0,
4ec16dcd-19db-426c-8314-b4739cbeafaa_214767308577397_1121061196728175,"The Star Sydney Poker",fixed,1,0,
4ec16dcd-19db-426c-8314-b4739cbeafaa_214767308577397_906579044843059,"The Star Sydney Poker",fixed,1,0,
bd7730a8-6a81-4ddf-a6c7-1d1a1c2a8f90_554057605040938_1421818975816710,"Poker Palace Australia",fixed,1,0,
bd7730a8-6a81-4ddf-a6c7-1d1a1c2a8f90_554057605040938_1303596787638930,"Poker Palace Australia",fixed,1,0,
bd7730a8-6a81-4ddf-a6c7-1d1a1c2a8f90_554057605040938_1391929878805620,"Poker Palace Australia",fixed,1,0,
4ec16dcd-19db-426c-8314-b4739cbeafaa_214767308577397_5849603085093763,"The Star Sydney Poker",fixed,1,0,
4ec16dcd-19db-426c-8314-b4739cbeafaa_214767308577397_859746632859634,"The Star Sydney Poker",fixed,1,0,
FACEBOOK_112289674918260_854272257399978,"Kings Room",pending,0,1,
4ec16dcd-19db-426c-8314-b4739cbeafaa_214767308577397_1208283688005925,"The Star Sydney Poker",fixed,1,0,
bd7730a8-6a81-4ddf-a6c7-1d1a1c2a8f90_554057605040938_1325265888805353,"Poker Palace Australia",fixed,1,0,
5a94c0cc-6a42-4d23-b8a2-fa2ad7c07828_112289674918260_125477453612799,"Kings Room",fixed,4,0,
bd7730a8-6a81-4ddf-a6c7-1d1a1c2a8f90_554057605040938_1673888357276436,"Poker Palace Australia",fixed,1,0,
bd7730a8-6a81-4ddf-a6c7-1d1a1c2a8f90_554057605040938_1457771445554796,"Poker Palace Australia",fixed,1,0,
bd7730a8-6a81-4ddf-a6c7-1d1a1c2a8f90_554057605040938_1378371350161473,"Poker Palace Australia",fixed,1,0,
4ec16dcd-19db-426c-8314-b4739cbeafaa_214767308577397_1308983577935935,"The Star Sydney Poker",fixed,1,0,
bd7730a8-6a81-4ddf-a6c7-1d1a1c2a8f90_554057605040938_1474403193891621,"Poker Palace Australia",fixed,1,0,
bd7730a8-6a81-4ddf-a6c7-1d1a1c2a8f90_554057605040938_1616569513008321,"Poker Palace Australia",fixed,1,0,
5a94c0cc-6a42-4d23-b8a2-fa2ad7c07828_112289674918260_863823749778162,"Kings Room",pending,0,1,
4ec16dcd-19db-426c-8314-b4739cbeafaa_214767308577397_1043609874473308,"The Star Sydney Poker",fixed,1,0,
4ec16dcd-19db-426c-8314-b4739cbeafaa_214767308577397_861140949386869,"The Star Sydney Poker",fixed,1,0,
bd7730a8-6a81-4ddf-a6c7-1d1a1c2a8f90_554057605040938_1643864336945505,"Poker Palace Australia",fixed,1,0,
FACEBOOK_112289674918260_852570967570107,"Kings Room",pending,0,1,
5a94c0cc-6a42-4d23-b8a2-fa2ad7c07828_112289674918260_863475639812973,"Kings Room",pending,0,1,
4ec16dcd-19db-426c-8314-b4739cbeafaa_214767308577397_804773235023641,"The Star Sydney Poker",fixed,1,0,
4ec16dcd-19db-426c-8314-b4739cbeafaa_214767308577397_860663349434629,"The Star Sydney Poker",fixed,1,0,
bd7730a8-6a81-4ddf-a6c7-1d1a1c2a8f90_554057605040938_1676198580378747,"Poker Palace Australia",fixed,1,0,
bd7730a8-6a81-4ddf-a6c7-1d1a1c2a8f90_554057605040938_1593676301964309,"Poker Palace Australia",fixed,1,0,
4ec16dcd-19db-426c-8314-b4739cbeafaa_214767308577397_1131553689012259,"The Star Sydney Poker",fixed,1,0,
4ec16dcd-19db-426c-8314-b4739cbeafaa_214767308577397_1140936981407263,"The Star Sydney Poker",fixed,1,0,
bd7730a8-6a81-4ddf-a6c7-1d1a1c2a8f90_554057605040938_1485157769482830,"Poker Palace Australia",fixed,1,0,
4ec16dcd-19db-426c-8314-b4739cbeafaa_214767308577397_865519952282302,"The Star Sydney Poker",fixed,1,0,
bd7730a8-6a81-4ddf-a6c7-1d1a1c2a8f90_554057605040938_1547270416604898,"Poker Palace Australia",fixed,1,0,
4ec16dcd-19db-426c-8314-b4739cbeafaa_214767308577397_661204986047134,"The Star Sydney Poker",fixed,3,0,
4ec16dcd-19db-426c-8314-b4739cbeafaa_214767308577397_1232314835602810,"The Star Sydney Poker",fixed,1,0,
bd7730a8-6a81-4ddf-a6c7-1d1a1c2a8f90_554057605040938_1639807730684499,"Poker Palace Australia",fixed,1,0,
4ec16dcd-19db-426c-8314-b4739cbeafaa_214767308577397_6057775260943210,"The Star Sydney Poker",fixed,1,0,
4ec16dcd-19db-426c-8314-b4739cbeafaa_214767308577397_865122722322025,"The Star Sydney Poker",fixed,4,0,
bd7730a8-6a81-4ddf-a6c7-1d1a1c2a8f90_554057605040938_1235150844483525,"Poker Palace Australia",fixed,1,0,
4ec16dcd-19db-426c-8314-b4739cbeafaa_214767308577397_1181226087378352,"The Star Sydney Poker",fixed,1,0,
4ec16dcd-19db-426c-8314-b4739cbeafaa_214767308577397_981455737355389,"The Star Sydney Poker",fixed,1,0,
4ec16dcd-19db-426c-8314-b4739cbeafaa_214767308577397_744956491005316,"The Star Sydney Poker",fixed,1,0,
4ec16dcd-19db-426c-8314-b4739cbeafaa_214767308577397_773119091522389,"The Star Sydney Poker",fixed,1,0,
bd7730a8-6a81-4ddf-a6c7-1d1a1c2a8f90_554057605040938_1475098357155438,"Poker Palace Australia",fixed,1,0,
bd7730a8-6a81-4ddf-a6c7-1d1a1c2a8f90_554057605040938_1199505858048024,"Poker Palace Australia",fixed,1,0,
4ec16dcd-19db-426c-8314-b4739cbeafaa_214767308577397_1213785790789048,"The Star Sydney Poker",fixed,1,0,
4ec16dcd-19db-426c-8314-b4739cbeafaa_214767308577397_760792502755048,"The Star Sydney Poker",fixed,1,0,
bd7730a8-6a81-4ddf-a6c7-1d1a1c2a8f90_554057605040938_1682652156400056,"Poker Palace Australia",fixed,1,0,
4ec16dcd-19db-426c-8314-b4739cbeafaa_214767308577397_903465818487715,"The Star Sydney Poker",fixed,1,0,
bd7730a8-6a81-4ddf-a6c7-1d1a1c2a8f90_554057605040938_1489962262335714,"Poker Palace Australia",fixed,1,0,
bd7730a8-6a81-4ddf-a6c7-1d1a1c2a8f90_554057605040938_1339029917428950,"Poker Palace Australia",fixed,1,0,
4ec16dcd-19db-426c-8314-b4739cbeafaa_214767308577397_1224986416335652,"The Star Sydney Poker",fixed,1,0,
bd7730a8-6a81-4ddf-a6c7-1d1a1c2a8f90_554057605040938_1616830562982216,"Poker Palace Australia",fixed,1,0,
4ec16dcd-19db-426c-8314-b4739cbeafaa_214767308577397_5671326052921468,"The Star Sydney Poker",fixed,1,0,
4ec16dcd-19db-426c-8314-b4739cbeafaa_214767308577397_1125628336271461,"The Star Sydney Poker",fixed,3,0,
5a94c0cc-6a42-4d23-b8a2-fa2ad7c07828_112289674918260_126560746837803,"Kings Room",fixed,1,0,
bd7730a8-6a81-4ddf-a6c7-1d1a1c2a8f90_554057605040938_1371586537506621,"Poker Palace Australia",fixed,1,0,
bd7730a8-6a81-4ddf-a6c7-1d1a1c2a8f90_554057605040938_1651651612833444,"Poker Palace Australia",fixed,1,0,
4ec16dcd-19db-426c-8314-b4739cbeafaa_214767308577397_1276535914514035,"The Star Sydney Poker",fixed,1,0,
bd7730a8-6a81-4ddf-a6c7-1d1a1c2a8f90_554057605040938_1679606190037986,"Poker Palace Australia",fixed,1,0,
bd7730a8-6a81-4ddf-a6c7-1d1a1c2a8f90_554057605040938_1662887115043227,"Poker Palace Australia",fixed,1,0,
bd7730a8-6a81-4ddf-a6c7-1d1a1c2a8f90_554057605040938_1232511744747435,"Poker Palace Australia",fixed,1,0,
4ec16dcd-19db-426c-8314-b4739cbeafaa_214767308577397_905191701648460,"The Star Sydney Poker",fixed,1,0,
bd7730a8-6a81-4ddf-a6c7-1d1a1c2a8f90_554057605040938_1254046332593976,"Poker Palace Australia",fixed,1,0,
4ec16dcd-19db-426c-8314-b4739cbeafaa_214767308577397_1201610362006591,"The Star Sydney Poker",fixed,1,0,
bd7730a8-6a81-4ddf-a6c7-1d1a1c2a8f90_554057605040938_1663241785007760,"Poker Palace Australia",fixed,1,0,
4ec16dcd-19db-426c-8314-b4739cbeafaa_214767308577397_989423009891995,"The Star Sydney Poker",fixed,1,0,
bd7730a8-6a81-4ddf-a6c7-1d1a1c2a8f90_554057605040938_1244647986867144,"Poker Palace Australia",fixed,1,0,
4ec16dcd-19db-426c-8314-b4739cbeafaa_214767308577397_5846459855408086,"The Star Sydney Poker",fixed,1,0,
4ec16dcd-19db-426c-8314-b4739cbeafaa_214767308577397_5886305554756849,"The Star Sydney Poker",fixed,2,0,
4ec16dcd-19db-426c-8314-b4739cbeafaa_214767308577397_791559636345001,"The Star Sydney Poker",fixed,1,0,
4ec16dcd-19db-426c-8314-b4739cbeafaa_214767308577397_864240282410269,"The Star Sydney Poker",fixed,1,0,
4ec16dcd-19db-426c-8314-b4739cbeafaa_214767308577397_1233798038787823,"The Star Sydney Poker",fixed,1,0,
4ec16dcd-19db-426c-8314-b4739cbeafaa_214767308577397_5862622030458535,"The Star Sydney Poker",fixed,2,0,
bd7730a8-6a81-4ddf-a6c7-1d1a1c2a8f90_554057605040938_1338977574100851,"Poker Palace Australia",fixed,1,0,
4ec16dcd-19db-426c-8314-b4739cbeafaa_214767308577397_755369816630650,"The Star Sydney Poker",fixed,1,0,
4ec16dcd-19db-426c-8314-b4739cbeafaa_214767308577397_1230412285793065,"The Star Sydney Poker",fixed,1,0,
4ec16dcd-19db-426c-8314-b4739cbeafaa_214767308577397_5641112849276122,"The Star Sydney Poker",fixed,2,0,
bd7730a8-6a81-4ddf-a6c7-1d1a1c2a8f90_554057605040938_1679379400060665,"Poker Palace Australia",fixed,1,0,
4ec16dcd-19db-426c-8314-b4739cbeafaa_214767308577397_911235404377423,"The Star Sydney Poker",fixed,1,0,
bd7730a8-6a81-4ddf-a6c7-1d1a1c2a8f90_554057605040938_1516891206309486,"Poker Palace Australia",fixed,1,0,
4ec16dcd-19db-426c-8314-b4739cbeafaa_214767308577397_6006070632780340,"The Star Sydney Poker",fixed,2,0,
4ec16dcd-19db-426c-8314-b4739cbeafaa_214767308577397_5624085180978889,"The Star Sydney Poker",fixed,2,0,
4ec16dcd-19db-426c-8314-b4739cbeafaa_214767308577397_725642602936705,"The Star Sydney Poker",fixed,1,0,
4ec16dcd-19db-426c-8314-b4739cbeafaa_214767308577397_860936072740690,"The Star Sydney Poker",fixed,5,0,
bd7730a8-6a81-4ddf-a6c7-1d1a1c2a8f90_554057605040938_1559290222069584,"Poker Palace Australia",fixed,1,0,
bd7730a8-6a81-4ddf-a6c7-1d1a1c2a8f90_554057605040938_1277685330230076,"Poker Palace Australia",fixed,1,0,
5a94c0cc-6a42-4d23-b8a2-fa2ad7c07828_112289674918260_119155510911660,"Kings Room",fixed,1,0,
4ec16dcd-19db-426c-8314-b4739cbeafaa_214767308577397_861015719399392,"The Star Sydney Poker",fixed,3,0,
4ec16dcd-19db-426c-8314-b4739cbeafaa_214767308577397_986605343507095,"The Star Sydney Poker",fixed,3,0,
5a94c0cc-6a42-4d23-b8a2-fa2ad7c07828_112289674918260_126652470161964,"Kings Room",fixed,1,0,
bd7730a8-6a81-4ddf-a6c7-1d1a1c2a8f90_554057605040938_1386968442635097,"Poker Palace Australia",fixed,1,0,
bd7730a8-6a81-4ddf-a6c7-1d1a1c2a8f90_554057605040938_1785284762423458,"Poker Palace Australia",fixed,1,0,
bd7730a8-6a81-4ddf-a6c7-1d1a1c2a8f90_554057605040938_1231717764826833,"Poker Palace Australia",fixed,1,0,
4ec16dcd-19db-426c-8314-b4739cbeafaa_214767308577397_5734261996627873,"The Star Sydney Poker",fixed,2,0,
bd7730a8-6a81-4ddf-a6c7-1d1a1c2a8f90_554057605040938_1323286815669927,"Poker Palace Australia",fixed,1,0,
bd7730a8-6a81-4ddf-a6c7-1d1a1c2a8f90_554057605040938_1479667773365163,"Poker Palace Australia",fixed,1,0,
4ec16dcd-19db-426c-8314-b4739cbeafaa_214767308577397_864914829009481,"The Star Sydney Poker",fixed,1,0,
bd7730a8-6a81-4ddf-a6c7-1d1a1c2a8f90_554057605040938_1438088004189807,"Poker Palace Australia",fixed,1,0,
bd7730a8-6a81-4ddf-a6c7-1d1a1c2a8f90_554057605040938_1431706851494589,"Poker Palace Australia",fixed,1,0,
4ec16dcd-19db-426c-8314-b4739cbeafaa_214767308577397_5623653001022107,"The Star Sydney Poker",fixed,1,0,
bd7730a8-6a81-4ddf-a6c7-1d1a1c2a8f90_554057605040938_1477988543533086,"Poker Palace Australia",fixed,1,0,
4ec16dcd-19db-426c-8314-b4739cbeafaa_214767308577397_1234632185371075,"The Star Sydney Poker",fixed,3,0,
4ec16dcd-19db-426c-8314-b4739cbeafaa_214767308577397_773114484856183,"The Star Sydney Poker",fixed,1,0,
4ec16dcd-19db-426c-8314-b4739cbeafaa_214767308577397_857737543060543,"The Star Sydney Poker",fixed,1,0,
5a94c0cc-6a42-4d23-b8a2-fa2ad7c07828_112289674918260_121948430632368,"Kings Room",fixed,1,0,
bd7730a8-6a81-4ddf-a6c7-1d1a1c2a8f90_554057605040938_1217987516199858,"Poker Palace Australia",fixed,1,0,
4ec16dcd-19db-426c-8314-b4739cbeafaa_214767308577397_639568251544141,"The Star Sydney Poker",fixed,1,0,
4ec16dcd-19db-426c-8314-b4739cbeafaa_214767308577397_5855818097805595,"The Star Sydney Poker",fixed,1,0,
bd7730a8-6a81-4ddf-a6c7-1d1a1c2a8f90_554057605040938_1660019638663308,"Poker Palace Australia",fixed,1,0,
bd7730a8-6a81-4ddf-a6c7-1d1a1c2a8f90_554057605040938_1396510565014218,"Poker Palace Australia",fixed,1,0,
4ec16dcd-19db-426c-8314-b4739cbeafaa_214767308577397_1194246466076314,"The Star Sydney Poker",fixed,1,0,
bd7730a8-6a81-4ddf-a6c7-1d1a1c2a8f90_554057605040938_1522921349039805,"Poker Palace Australia",fixed,1,0,
4ec16dcd-19db-426c-8314-b4739cbeafaa_214767308577397_6106772779376791,"The Star Sydney Poker",fixed,2,0,
bd7730a8-6a81-4ddf-a6c7-1d1a1c2a8f90_554057605040938_1344016220263653,"Poker Palace Australia",fixed,1,0,
4ec16dcd-19db-426c-8314-b4739cbeafaa_214767308577397_1133959002105061,"The Star Sydney Poker",fixed,5,0,
bd7730a8-6a81-4ddf-a6c7-1d1a1c2a8f90_554057605040938_1260832895248653,"Poker Palace Australia",fixed,1,0,
4ec16dcd-19db-426c-8314-b4739cbeafaa_214767308577397_1166191982215096,"The Star Sydney Poker",fixed,1,0,
4ec16dcd-19db-426c-8314-b4739cbeafaa_214767308577397_5918570451530359,"The Star Sydney Poker",fixed,1,0,
FACEBOOK_112289674918260_856054700555067,"Kings Room",pending,0,1,
bd7730a8-6a81-4ddf-a6c7-1d1a1c2a8f90_554057605040938_1426972278634713,"Poker Palace Australia",fixed,1,0,
4ec16dcd-19db-426c-8314-b4739cbeafaa_214767308577397_755378796629752,"The Star Sydney Poker",fixed,1,0,
4ec16dcd-19db-426c-8314-b4739cbeafaa_214767308577397_984975377003425,"The Star Sydney Poker",fixed,1,0,
4ec16dcd-19db-426c-8314-b4739cbeafaa_214767308577397_991706566330306,"The Star Sydney Poker",fixed,2,0,
4ec16dcd-19db-426c-8314-b4739cbeafaa_214767308577397_861549136012717,"The Star Sydney Poker",fixed,1,0,
4ec16dcd-19db-426c-8314-b4739cbeafaa_214767308577397_1213122457522048,"The Star Sydney Poker",fixed,2,0,
4ec16dcd-19db-426c-8314-b4739cbeafaa_214767308577397_1127166146117680,"The Star Sydney Poker",fixed,4,0,
bd7730a8-6a81-4ddf-a6c7-1d1a1c2a8f90_554057605040938_1451107222887885,"Poker Palace Australia",fixed,1,0,
bd7730a8-6a81-4ddf-a6c7-1d1a1c2a8f90_554057605040938_1635398331125439,"Poker Palace Australia",fixed,1,0,
4ec16dcd-19db-426c-8314-b4739cbeafaa_214767308577397_687044383463194,"The Star Sydney Poker",fixed,1,0,
bd7730a8-6a81-4ddf-a6c7-1d1a1c2a8f90_554057605040938_1499201778078429,"Poker Palace Australia",fixed,1,0,
bd7730a8-6a81-4ddf-a6c7-1d1a1c2a8f90_554057605040938_1566222248043048,"Poker Palace Australia",fixed,1,0,
4ec16dcd-19db-426c-8314-b4739cbeafaa_214767308577397_735205565313742,"The Star Sydney Poker",fixed,1,0,
4ec16dcd-19db-426c-8314-b4739cbeafaa_214767308577397_1251384673695826,"The Star Sydney Poker",fixed,1,0,
bd7730a8-6a81-4ddf-a6c7-1d1a1c2a8f90_554057605040938_1577038893628050,"Poker Palace Australia",fixed,1,0,
4ec16dcd-19db-426c-8314-b4739cbeafaa_214767308577397_961981172636179,"The Star Sydney Poker",fixed,1,0,
bd7730a8-6a81-4ddf-a6c7-1d1a1c2a8f90_554057605040938_1301922514473024,"Poker Palace Australia",fixed,1,0,
4ec16dcd-19db-426c-8314-b4739cbeafaa_214767308577397_989410713226558,"The Star Sydney Poker",fixed,1,0,
4ec16dcd-19db-426c-8314-b4739cbeafaa_214767308577397_1191876509646643,"The Star Sydney Poker",fixed,1,0,
4ec16dcd-19db-426c-8314-b4739cbeafaa_214767308577397_866147715552859,"The Star Sydney Poker",fixed,1,0,
bd7730a8-6a81-4ddf-a6c7-1d1a1c2a8f90_554057605040938_1417809702884304,"Poker Palace Australia",fixed,1,0,
bd7730a8-6a81-4ddf-a6c7-1d1a1c2a8f90_554057605040938_1251209529544323,"Poker Palace Australia",fixed,1,0,
bd7730a8-6a81-4ddf-a6c7-1d1a1c2a8f90_554057605040938_1249848786347064,"Poker Palace Australia",fixed,1,0,
bd7730a8-6a81-4ddf-a6c7-1d1a1c2a8f90_554057605040938_1447916129873661,"Poker Palace Australia",fixed,1,0,
4ec16dcd-19db-426c-8314-b4739cbeafaa_214767308577397_1133081105526184,"The Star Sydney Poker",fixed,1,0,
bd7730a8-6a81-4ddf-a6c7-1d1a1c2a8f90_554057605040938_1579717793360160,"Poker Palace Australia",fixed,1,0,
4ec16dcd-19db-426c-8314-b4739cbeafaa_214767308577397_990132866487676,"The Star Sydney Poker",fixed,1,0,
4ec16dcd-19db-426c-8314-b4739cbeafaa_214767308577397_1127197262781235,"The Star Sydney Poker",fixed,3,0,
5a94c0cc-6a42-4d23-b8a2-fa2ad7c07828_112289674918260_865534532940417,"Kings Room",fixed,1,0,
4ec16dcd-19db-426c-8314-b4739cbeafaa_214767308577397_813227667511531,"The Star Sydney Poker",fixed,1,0,
4ec16dcd-19db-426c-8314-b4739cbeafaa_214767308577397_5874001202653951,"The Star Sydney Poker",fixed,1,0,
bd7730a8-6a81-4ddf-a6c7-1d1a1c2a8f90_554057605040938_599062073082811,"Poker Palace Australia",fixed,1,0,
4ec16dcd-19db-426c-8314-b4739cbeafaa_214767308577397_985380106962952,"The Star Sydney Poker",fixed,3,0,
bd7730a8-6a81-4ddf-a6c7-1d1a1c2a8f90_554057605040938_1331481818183760,"Poker Palace Australia",fixed,1,0,
bd7730a8-6a81-4ddf-a6c7-1d1a1c2a8f90_554057605040938_1651692422829363,"Poker Palace Australia",fixed,1,0,
bd7730a8-6a81-4ddf-a6c7-1d1a1c2a8f90_554057605040938_1299638084701467,"Poker Palace Australia",fixed,1,0,
bd7730a8-6a81-4ddf-a6c7-1d1a1c2a8f90_554057605040938_1487135665951707,"Poker Palace Australia",fixed,1,0,
bd7730a8-6a81-4ddf-a6c7-1d1a1c2a8f90_554057605040938_1388418399156768,"Poker Palace Australia",fixed,1,0,
4ec16dcd-19db-426c-8314-b4739cbeafaa_214767308577397_5904599526260785,"The Star Sydney Poker",fixed,1,0,
4ec16dcd-19db-426c-8314-b4739cbeafaa_214767308577397_1183556390478655,"The Star Sydney Poker",fixed,1,0,
4ec16dcd-19db-426c-8314-b4739cbeafaa_214767308577397_1223937193107241,"The Star Sydney Poker",fixed,1,0,
4ec16dcd-19db-426c-8314-b4739cbeafaa_214767308577397_984254973742132,"The Star Sydney Poker",fixed,4,0,
4ec16dcd-19db-426c-8314-b4739cbeafaa_214767308577397_1112071584293803,"The Star Sydney Poker",fixed,1,0,
bd7730a8-6a81-4ddf-a6c7-1d1a1c2a8f90_554057605040938_1509408653724408,"Poker Palace Australia",fixed,1,0,
bd7730a8-6a81-4ddf-a6c7-1d1a1c2a8f90_554057605040938_1237235314275078,"Poker Palace Australia",fixed,1,0,
4ec16dcd-19db-426c-8314-b4739cbeafaa_214767308577397_5844239965630075,"The Star Sydney Poker",fixed,2,0,
bd7730a8-6a81-4ddf-a6c7-1d1a1c2a8f90_554057605040938_1615618043103468,"Poker Palace Australia",fixed,1,0,
bd7730a8-6a81-4ddf-a6c7-1d1a1c2a8f90_554057605040938_1534316474566959,"Poker Palace Australia",fixed,1,0,
4ec16dcd-19db-426c-8314-b4739cbeafaa_214767308577397_1223832503117710,"The Star Sydney Poker",fixed,1,0,
5a94c0cc-6a42-4d23-b8a2-fa2ad7c07828_112289674918260_867556096071594,"Kings Room",fixed,1,0,
bd7730a8-6a81-4ddf-a6c7-1d1a1c2a8f90_554057605040938_1566885361310070,"Poker Palace Australia",fixed,1,0,
4ec16dcd-19db-426c-8314-b4739cbeafaa_214767308577397_1053790620121900,"The Star Sydney Poker",fixed,1,0,
4ec16dcd-19db-426c-8314-b4739cbeafaa_214767308577397_860947749406189,"The Star Sydney Poker",fixed,2,0,
4ec16dcd-19db-426c-8314-b4739cbeafaa_214767308577397_1126898716144423,"The Star Sydney Poker",fixed,1,0,
4ec16dcd-19db-426c-8314-b4739cbeafaa_214767308577397_5973197206067683,"The Star Sydney Poker",fixed,2,0,
4ec16dcd-19db-426c-8314-b4739cbeafaa_214767308577397_866373345530296,"The Star Sydney Poker",fixed,12,0,
4ec16dcd-19db-426c-8314-b4739cbeafaa_214767308577397_1126910336143261,"The Star Sydney Poker",fixed,1,0,
4ec16dcd-19db-426c-8314-b4739cbeafaa_214767308577397_5640556712665069,"The Star Sydney Poker",fixed,1,0,
bd7730a8-6a81-4ddf-a6c7-1d1a1c2a8f90_554057605040938_1345477606784181,"Poker Palace Australia",fixed,1,0,
bd7730a8-6a81-4ddf-a6c7-1d1a1c2a8f90_554057605040938_1532666601398613,"Poker Palace Australia",fixed,1,0,
bd7730a8-6a81-4ddf-a6c7-1d1a1c2a8f90_554057605040938_1296282738370335,"Poker Palace Australia",fixed,1,0,
4ec16dcd-19db-426c-8314-b4739cbeafaa_214767308577397_1236819008485726,"The Star Sydney Poker",fixed,1,0,
bd7730a8-6a81-4ddf-a6c7-1d1a1c2a8f90_554057605040938_1533564287975511,"Poker Palace Australia",fixed,1,0,
bd7730a8-6a81-4ddf-a6c7-1d1a1c2a8f90_554057605040938_1501461414519132,"Poker Palace Australia",fixed,1,0,
4ec16dcd-19db-426c-8314-b4739cbeafaa_214767308577397_1126219602879001,"The Star Sydney Poker",fixed,2,0,
bd7730a8-6a81-4ddf-a6c7-1d1a1c2a8f90_554057605040938_1322514449080497,"Poker Palace Australia",fixed,1,0,
4ec16dcd-19db-426c-8314-b4739cbeafaa_214767308577397_1122416019926026,"The Star Sydney Poker",fixed,1,0,
bd7730a8-6a81-4ddf-a6c7-1d1a1c2a8f90_554057605040938_1677553180243287,"Poker Palace Australia",fixed,1,0,
bd7730a8-6a81-4ddf-a6c7-1d1a1c2a8f90_554057605040938_1420568089275132,"Poker Palace Australia",fixed,1,0,
4ec16dcd-19db-426c-8314-b4739cbeafaa_214767308577397_817455403755424,"The Star Sydney Poker",fixed,1,0,
bd7730a8-6a81-4ddf-a6c7-1d1a1c2a8f90_554057605040938_1335045334494075,"Poker Palace Australia",fixed,1,0,
4ec16dcd-19db-426c-8314-b4739cbeafaa_214767308577397_1129994569168171,"The Star Sydney Poker",fixed,3,0,
bd7730a8-6a81-4ddf-a6c7-1d1a1c2a8f90_554057605040938_1373049187360356,"Poker Palace Australia",fixed,1,0,
bd7730a8-6a81-4ddf-a6c7-1d1a1c2a8f90_554057605040938_1250714842927125,"Poker Palace Australia",fixed,1,0,
bd7730a8-6a81-4ddf-a6c7-1d1a1c2a8f90_554057605040938_1276068783725064,"Poker Palace Australia",fixed,1,0,
4ec16dcd-19db-426c-8314-b4739cbeafaa_214767308577397_1125534159614212,"The Star Sydney Poker",fixed,2,0,
bd7730a8-6a81-4ddf-a6c7-1d1a1c2a8f90_554057605040938_1559290862069520,"Poker Palace Australia",fixed,1,0,
4ec16dcd-19db-426c-8314-b4739cbeafaa_214767308577397_990906463076983,"The Star Sydney Poker",fixed,1,0,
4ec16dcd-19db-426c-8314-b4739cbeafaa_214767308577397_5895152607205477,"The Star Sydney Poker",fixed,1,0,
bd7730a8-6a81-4ddf-a6c7-1d1a1c2a8f90_554057605040938_1368446511153957,"Poker Palace Australia",fixed,1,0,
4ec16dcd-19db-426c-8314-b4739cbeafaa_214767308577397_1225717959595831,"The Star Sydney Poker",fixed,1,0,
bd7730a8-6a81-4ddf-a6c7-1d1a1c2a8f90_554057605040938_1675879587077313,"Poker Palace Australia",fixed,1,0,
4ec16dcd-19db-426c-8314-b4739cbeafaa_214767308577397_6107432865977449,"The Star Sydney Poker",fixed,1,0,
bd7730a8-6a81-4ddf-a6c7-1d1a1c2a8f90_554057605040938_1412758640056077,"Poker Palace Australia",fixed,1,0,
4ec16dcd-19db-426c-8314-b4739cbeafaa_214767308577397_1125335192967442,"The Star Sydney Poker",fixed,3,0,
4ec16dcd-19db-426c-8314-b4739cbeafaa_214767308577397_1092610592906569,"The Star Sydney Poker",fixed,1,0,
4ec16dcd-19db-426c-8314-b4739cbeafaa_214767308577397_867425992091698,"The Star Sydney Poker",fixed,1,0,
bd7730a8-6a81-4ddf-a6c7-1d1a1c2a8f90_554057605040938_1341021270563148,"Poker Palace Australia",fixed,1,0,
4ec16dcd-19db-426c-8314-b4739cbeafaa_214767308577397_1129993922501569,"The Star Sydney Poker",fixed,3,0,
4ec16dcd-19db-426c-8314-b4739cbeafaa_214767308577397_914205764080387,"The Star Sydney Poker",fixed,1,0,
bd7730a8-6a81-4ddf-a6c7-1d1a1c2a8f90_554057605040938_1587086245956648,"Poker Palace Australia",fixed,1,0,
4ec16dcd-19db-426c-8314-b4739cbeafaa_214767308577397_1119762040191424,"The Star Sydney Poker",fixed,1,0,
4ec16dcd-19db-426c-8314-b4739cbeafaa_214767308577397_1191290269705267,"The Star Sydney Poker",fixed,1,0,
4ec16dcd-19db-426c-8314-b4739cbeafaa_214767308577397_6042282692492467,"The Star Sydney Poker",fixed,1,0,
5a94c0cc-6a42-4d23-b8a2-fa2ad7c07828_112289674918260_125242210302990,"Kings Room",fixed,1,0,
4ec16dcd-19db-426c-8314-b4739cbeafaa_214767308577397_909937224507241,"The Star Sydney Poker",fixed,1,0,
4ec16dcd-19db-426c-8314-b4739cbeafaa_214767308577397_1231971512303809,"The Star Sydney Poker",fixed,1,0,
4ec16dcd-19db-426c-8314-b4739cbeafaa_214767308577397_737887025045596,"The Star Sydney Poker",fixed,1,0,
4ec16dcd-19db-426c-8314-b4739cbeafaa_214767308577397_1122636329903995,"The Star Sydney Poker",fixed,1,0,
4ec16dcd-19db-426c-8314-b4739cbeafaa_214767308577397_988150530019243,"The Star Sydney Poker",fixed,1,0,
4ec16dcd-19db-426c-8314-b4739cbeafaa_214767308577397_1228566765977617,"The Star Sydney Poker",fixed,1,0,
4ec16dcd-19db-426c-8314-b4739cbeafaa_214767308577397_6165748510145884,"The Star Sydney Poker",fixed,1,0,
5a94c0cc-6a42-4d23-b8a2-fa2ad7c07828_112289674918260_112079048285973,"Kings Room",fixed,1,0,
4ec16dcd-19db-426c-8314-b4739cbeafaa_214767308577397_1225535789614048,"The Star Sydney Poker",fixed,1,0,
4ec16dcd-19db-426c-8314-b4739cbeafaa_214767308577397_983748117126151,"The Star Sydney Poker",fixed,2,0,
4ec16dcd-19db-426c-8314-b4739cbeafaa_214767308577397_1253071890193771,"The Star Sydney Poker",fixed,1,0,
bd7730a8-6a81-4ddf-a6c7-1d1a1c2a8f90_554057605040938_1628388705159735,"Poker Palace Australia",fixed,1,0,
4ec16dcd-19db-426c-8314-b4739cbeafaa_214767308577397_1289110316589928,"The Star Sydney Poker",fixed,1,0,
4ec16dcd-19db-426c-8314-b4739cbeafaa_214767308577397_859983726169258,"The Star Sydney Poker",fixed,1,0,
4ec16dcd-19db-426c-8314-b4739cbeafaa_214767308577397_813836684117296,"The Star Sydney Poker",fixed,1,0,
4ec16dcd-19db-426c-8314-b4739cbeafaa_214767308577397_5682999855087421,"The Star Sydney Poker",fixed,1,0,
bd7730a8-6a81-4ddf-a6c7-1d1a1c2a8f90_554057605040938_1676965493635389,"Poker Palace Australia",fixed,1,0,
4ec16dcd-19db-426c-8314-b4739cbeafaa_214767308577397_5683557548364985,"The Star Sydney Poker",fixed,2,0,
bd7730a8-6a81-4ddf-a6c7-1d1a1c2a8f90_554057605040938_1479631183368822,"Poker Palace Australia",fixed,1,0,
bd7730a8-6a81-4ddf-a6c7-1d1a1c2a8f90_554057605040938_1343412646990677,"Poker Palace Australia",fixed,1,0,
bd7730a8-6a81-4ddf-a6c7-1d1a1c2a8f90_554057605040938_1200714167927193,"Poker Palace Australia",fixed,1,0,
bd7730a8-6a81-4ddf-a6c7-1d1a1c2a8f90_554057605040938_1246905786641364,"Poker Palace Australia",fixed,1,0,
4ec16dcd-19db-426c-8314-b4739cbeafaa_214767308577397_1074810161353279,"The Star Sydney Poker",fixed,1,0,
bd7730a8-6a81-4ddf-a6c7-1d1a1c2a8f90_554057605040938_1340288673969741,"Poker Palace Australia",fixed,1,0,
4ec16dcd-19db-426c-8314-b4739cbeafaa_214767308577397_6221188934601841,"The Star Sydney Poker",fixed,2,0,
bd7730a8-6a81-4ddf-a6c7-1d1a1c2a8f90_554057605040938_1409581523707122,"Poker Palace Australia",fixed,1,0,
bd7730a8-6a81-4ddf-a6c7-1d1a1c2a8f90_554057605040938_1453662959298978,"Poker Palace Australia",fixed,1,0,
4ec16dcd-19db-426c-8314-b4739cbeafaa_214767308577397_850230660477898,"The Star Sydney Poker",fixed,1,0,
4ec16dcd-19db-426c-8314-b4739cbeafaa_214767308577397_1212476864253274,"The Star Sydney Poker",fixed,1,0,
bd7730a8-6a81-4ddf-a6c7-1d1a1c2a8f90_554057605040938_1639063207425618,"Poker Palace Australia",fixed,1,0,
bd7730a8-6a81-4ddf-a6c7-1d1a1c2a8f90_554057605040938_1264002894931653,"Poker Palace Australia",fixed,1,0,
4ec16dcd-19db-426c-8314-b4739cbeafaa_214767308577397_6166579280062807,"The Star Sydney Poker",fixed,2,0,
bd7730a8-6a81-4ddf-a6c7-1d1a1c2a8f90_554057605040938_1565369361461670,"Poker Palace Australia",fixed,1,0,
bd7730a8-6a81-4ddf-a6c7-1d1a1c2a8f90_554057605040938_1243897323608877,"Poker Palace Australia",fixed,1,0,
bd7730a8-6a81-4ddf-a6c7-1d1a1c2a8f90_554057605040938_1545831893415417,"Poker Palace Australia",fixed,1,0,
4ec16dcd-19db-426c-8314-b4739cbeafaa_214767308577397_1229586519208975,"The Star Sydney Poker",fixed,3,0,
bd7730a8-6a81-4ddf-a6c7-1d1a1c2a8f90_554057605040938_1642940063704599,"Poker Palace Australia",fixed,1,0,
4ec16dcd-19db-426c-8314-b4739cbeafaa_214767308577397_990432386457724,"The Star Sydney Poker",fixed,1,0,
bd7730a8-6a81-4ddf-a6c7-1d1a1c2a8f90_554057605040938_1612015430130396,"Poker Palace Australia",fixed,1,0,
bd7730a8-6a81-4ddf-a6c7-1d1a1c2a8f90_554057605040938_1409634417035166,"Poker Palace Australia",fixed,1,0,
bd7730a8-6a81-4ddf-a6c7-1d1a1c2a8f90_554057605040938_1410433603621914,"Poker Palace Australia",fixed,1,0,
bd7730a8-6a81-4ddf-a6c7-1d1a1c2a8f90_554057605040938_1430687818263159,"Poker Palace Australia",fixed,1,0,
4ec16dcd-19db-426c-8314-b4739cbeafaa_214767308577397_1228273992673561,"The Star Sydney Poker",fixed,1,0,
4ec16dcd-19db-426c-8314-b4739cbeafaa_214767308577397_862398015927829,"The Star Sydney Poker",fixed,1,0,
bd7730a8-6a81-4ddf-a6c7-1d1a1c2a8f90_554057605040938_1532891994709407,"Poker Palace Australia",fixed,1,0,
4ec16dcd-19db-426c-8314-b4739cbeafaa_214767308577397_1131639945670300,"The Star Sydney Poker",fixed,1,0,
bd7730a8-6a81-4ddf-a6c7-1d1a1c2a8f90_554057605040938_1622249972440275,"Poker Palace Australia",fixed,1,0,
5a94c0cc-6a42-4d23-b8a2-fa2ad7c07828_112289674918260_862307616596442,"Kings Room",pending,0,1,
4ec16dcd-19db-426c-8314-b4739cbeafaa_214767308577397_864859909014973,"The Star Sydney Poker",fixed,1,0,
bd7730a8-6a81-4ddf-a6c7-1d1a1c2a8f90_554057605040938_1271845790814030,"Poker Palace Australia",fixed,1,0,
bd7730a8-6a81-4ddf-a6c7-1d1a1c2a8f90_554057605040938_1456332072365400,"Poker Palace Australia",fixed,1,0,
4ec16dcd-19db-426c-8314-b4739cbeafaa_214767308577397_6046322438755159,"The Star Sydney Poker",fixed,2,0,
4ec16dcd-19db-426c-8314-b4739cbeafaa_214767308577397_6148600651860670,"The Star Sydney Poker",fixed,2,0,
5a94c0cc-6a42-4d23-b8a2-fa2ad7c07828_112289674918260_867289376098266,"Kings Room",fixed,1,0,
bd7730a8-6a81-4ddf-a6c7-1d1a1c2a8f90_554057605040938_1455297589135515,"Poker Palace Australia",fixed,1,0,
4ec16dcd-19db-426c-8314-b4739cbeafaa_214767308577397_6154701214583947,"The Star Sydney Poker",fixed,2,0,
4ec16dcd-19db-426c-8314-b4739cbeafaa_214767308577397_5841567692563969,"The Star Sydney Poker",fixed,2,0,
4ec16dcd-19db-426c-8314-b4739cbeafaa_214767308577397_661169002717399,"The Star Sydney Poker",fixed,1,0,
4ec16dcd-19db-426c-8314-b4739cbeafaa_214767308577397_813229130844718,"The Star Sydney Poker",fixed,1,0,
4ec16dcd-19db-426c-8314-b4739cbeafaa_214767308577397_5712053098848763,"The Star Sydney Poker",fixed,2,0,
4ec16dcd-19db-426c-8314-b4739cbeafaa_214767308577397_1213008287533465,"The Star Sydney Poker",fixed,1,0,
4ec16dcd-19db-426c-8314-b4739cbeafaa_214767308577397_983551663812463,"The Star Sydney Poker",fixed,1,0,
4ec16dcd-19db-426c-8314-b4739cbeafaa_214767308577397_1218691073631853,"The Star Sydney Poker",fixed,1,0,
4ec16dcd-19db-426c-8314-b4739cbeafaa_214767308577397_755368906630741,"The Star Sydney Poker",fixed,1,0,
bd7730a8-6a81-4ddf-a6c7-1d1a1c2a8f90_554057605040938_1294683271863615,"Poker Palace Australia",fixed,1,0,
4ec16dcd-19db-426c-8314-b4739cbeafaa_214767308577397_1223355436498750,"The Star Sydney Poker",fixed,1,0,
4ec16dcd-19db-426c-8314-b4739cbeafaa_214767308577397_990121499822146,"The Star Sydney Poker",fixed,1,0,
4ec16dcd-19db-426c-8314-b4739cbeafaa_214767308577397_1225972382903722,"The Star Sydney Poker",fixed,1,0,
5a94c0cc-6a42-4d23-b8a2-fa2ad7c07828_112289674918260_861444740016063,"Kings Room",pending,0,1,
4ec16dcd-19db-426c-8314-b4739cbeafaa_214767308577397_1127590289408599,"The Star Sydney Poker",fixed,1,0,
4ec16dcd-19db-426c-8314-b4739cbeafaa_214767308577397_812020654298899,"The Star Sydney Poker",fixed,1,0,
4ec16dcd-19db-426c-8314-b4739cbeafaa_214767308577397_1129191102581851,"The Star Sydney Poker",fixed,1,0,
bd7730a8-6a81-4ddf-a6c7-1d1a1c2a8f90_554057605040938_1311617383503537,"Poker Palace Australia",fixed,1,0,
4ec16dcd-19db-426c-8314-b4739cbeafaa_214767308577397_865746288926335,"The Star Sydney Poker",fixed,3,0,
4ec16dcd-19db-426c-8314-b4739cbeafaa_214767308577397_1165382405629387,"The Star Sydney Poker",fixed,1,0,
4ec16dcd-19db-426c-8314-b4739cbeafaa_214767308577397_1130014102499551,"The Star Sydney Poker",fixed,1,0,
4ec16dcd-19db-426c-8314-b4739cbeafaa_214767308577397_6023147744405962,"The Star Sydney Poker",fixed,1,0,
4ec16dcd-19db-426c-8314-b4739cbeafaa_214767308577397_867638805403750,"The Star Sydney Poker",fixed,3,0,
4ec16dcd-19db-426c-8314-b4739cbeafaa_214767308577397_821926586641639,"The Star Sydney Poker",fixed,1,0,
4ec16dcd-19db-426c-8314-b4739cbeafaa_214767308577397_875802967920667,"The Star Sydney Poker",fixed,1,0,
4ec16dcd-19db-426c-8314-b4739cbeafaa_214767308577397_1096788335822128,"The Star Sydney Poker",fixed,1,0,
bd7730a8-6a81-4ddf-a6c7-1d1a1c2a8f90_554057605040938_1593829335282339,"Poker Palace Australia",fixed,1,0,
bd7730a8-6a81-4ddf-a6c7-1d1a1c2a8f90_554057605040938_1595531581778781,"Poker Palace Australia",fixed,1,0,
bd7730a8-6a81-4ddf-a6c7-1d1a1c2a8f90_554057605040938_1358326558832619,"Poker Palace Australia",fixed,1,0,
4ec16dcd-19db-426c-8314-b4739cbeafaa_214767308577397_755946193239679,"The Star Sydney Poker",fixed,1,0,
bd7730a8-6a81-4ddf-a6c7-1d1a1c2a8f90_554057605040938_1246042870060989,"Poker Palace Australia",fixed,1,0,
bd7730a8-6a81-4ddf-a6c7-1d1a1c2a8f90_554057605040938_1266108538054422,"Poker Palace Australia",fixed,1,0,
4ec16dcd-19db-426c-8314-b4739cbeafaa_214767308577397_1132272198940408,"The Star Sydney Poker",fixed,1,0,
bd7730a8-6a81-4ddf-a6c7-1d1a1c2a8f90_554057605040938_1408708430461098,"Poker Palace Australia",fixed,1,0,
4ec16dcd-19db-426c-8314-b4739cbeafaa_214767308577397_1162178249283136,"The Star Sydney Poker",fixed,1,0,
bd7730a8-6a81-4ddf-a6c7-1d1a1c2a8f90_554057605040938_1329403918391550,"Poker Palace Australia",fixed,1,0,
4ec16dcd-19db-426c-8314-b4739cbeafaa_214767308577397_1076499501184345,"The Star Sydney Poker",fixed,1,0,
4ec16dcd-19db-426c-8314-b4739cbeafaa_214767308577397_6123454944375241,"The Star Sydney Poker",fixed,1,0,
4ec16dcd-19db-426c-8314-b4739cbeafaa_214767308577397_991520193015610,"The Star Sydney Poker",fixed,2,0,
4ec16dcd-19db-426c-8314-b4739cbeafaa_214767308577397_655025549998411,"The Star Sydney Poker",fixed,1,0,
4ec16dcd-19db-426c-8314-b4739cbeafaa_214767308577397_1255609269940033,"The Star Sydney Poker",fixed,1,0,
4ec16dcd-19db-426c-8314-b4739cbeafaa_214767308577397_821341163366848,"The Star Sydney Poker",fixed,1,0,
bd7730a8-6a81-4ddf-a6c7-1d1a1c2a8f90_554057605040938_1409895520342389,"Poker Palace Australia",fixed,1,0,
bd7730a8-6a81-4ddf-a6c7-1d1a1c2a8f90_554057605040938_1579120790086527,"Poker Palace Australia",fixed,1,0,
4ec16dcd-19db-426c-8314-b4739cbeafaa_214767308577397_1227790599388567,"The Star Sydney Poker",fixed,3,0,
bd7730a8-6a81-4ddf-a6c7-1d1a1c2a8f90_554057605040938_1511843060147634,"Poker Palace Australia",fixed,1,0,
bd7730a8-6a81-4ddf-a6c7-1d1a1c2a8f90_554057605040938_1295402315125044,"Poker Palace Australia",fixed,1,0,
4ec16dcd-19db-426c-8314-b4739cbeafaa_214767308577397_916162623884701,"The Star Sydney Poker",fixed,1,0,
5a94c0cc-6a42-4d23-b8a2-fa2ad7c07828_112289674918260_860165060144031,"Kings Room",pending,0,1,
bd7730a8-6a81-4ddf-a6c7-1d1a1c2a8f90_554057605040938_1293837888614820,"Poker Palace Australia",fixed,1,0,
bd7730a8-6a81-4ddf-a6c7-1d1a1c2a8f90_554057605040938_1663228581675747,"Poker Palace Australia",fixed,1,0,
bd7730a8-6a81-4ddf-a6c7-1d1a1c2a8f90_554057605040938_1653992955932643,"Poker Palace Australia",fixed,1,0,
4ec16dcd-19db-426c-8314-b4739cbeafaa_214767308577397_786454306855534,"The Star Sydney Poker",fixed,1,0,
bd7730a8-6a81-4ddf-a6c7-1d1a1c2a8f90_554057605040938_1337470514251557,"Poker Palace Australia",fixed,1,0,
bd7730a8-6a81-4ddf-a6c7-1d1a1c2a8f90_554057605040938_1672227994109139,"Poker Palace Australia",fixed,1,0,
bd7730a8-6a81-4ddf-a6c7-1d1a1c2a8f90_554057605040938_1566967587968514,"Poker Palace Australia",fixed,1,0,
bd7730a8-6a81-4ddf-a6c7-1d1a1c2a8f90_554057605040938_1219398952725381,"Poker Palace Australia",fixed,1,0,
bd7730a8-6a81-4ddf-a6c7-1d1a1c2a8f90_554057605040938_1475340287131245,"Poker Palace Australia",fixed,1,0,
bd7730a8-6a81-4ddf-a6c7-1d1a1c2a8f90_554057605040938_1447137243284883,"Poker Palace Australia",fixed,1,0,
4ec16dcd-19db-426c-8314-b4739cbeafaa_214767308577397_867347982099499,"The Star Sydney Poker",fixed,1,0,
4ec16dcd-19db-426c-8314-b4739cbeafaa_214767308577397_677611847739781,"The Star Sydney Poker",fixed,1,0,
4ec16dcd-19db-426c-8314-b4739cbeafaa_214767308577397_1038521964982099,"The Star Sydney Poker",fixed,1,0,
bd7730a8-6a81-4ddf-a6c7-1d1a1c2a8f90_554057605040938_1453599322638675,"Poker Palace Australia",fixed,1,0,
4ec16dcd-19db-426c-8314-b4739cbeafaa_214767308577397_5950820811638656,"The Star Sydney Poker",fixed,1,0,
bd7730a8-6a81-4ddf-a6c7-1d1a1c2a8f90_554057605040938_1202416337756976,"Poker Palace Australia",fixed,1,0,
bd7730a8-6a81-4ddf-a6c7-1d1a1c2a8f90_554057605040938_1440106253987982,"Poker Palace Australia",fixed,1,0,
4ec16dcd-19db-426c-8314-b4739cbeafaa_214767308577397_5886332588087479,"The Star Sydney Poker",fixed,2,0,
4ec16dcd-19db-426c-8314-b4739cbeafaa_214767308577397_1236354961865464,"The Star Sydney Poker",fixed,2,0,
4ec16dcd-19db-426c-8314-b4739cbeafaa_214767308577397_901365268697770,"The Star Sydney Poker",fixed,1,0,
bd7730a8-6a81-4ddf-a6c7-1d1a1c2a8f90_554057605040938_1262424731756136,"Poker Palace Australia",fixed,1,0,
4ec16dcd-19db-426c-8314-b4739cbeafaa_214767308577397_1048518560649106,"The Star Sydney Poker",fixed,1,0,
5a94c0cc-6a42-4d23-b8a2-fa2ad7c07828_112289674918260_121866187307259,"Kings Room",fixed,1,0,
4ec16dcd-19db-426c-8314-b4739cbeafaa_214767308577397_986487360185560,"The Star Sydney Poker",fixed,1,0,
bd7730a8-6a81-4ddf-a6c7-1d1a1c2a8f90_554057605040938_1241998700465406,"Poker Palace Australia",fixed,1,0,
bd7730a8-6a81-4ddf-a6c7-1d1a1c2a8f90_554057605040938_1338172670848008,"Poker Palace Australia",fixed,1,0,
bd7730a8-6a81-4ddf-a6c7-1d1a1c2a8f90_554057605040938_1585292632802676,"Poker Palace Australia",fixed,1,0,
bd7730a8-6a81-4ddf-a6c7-1d1a1c2a8f90_554057605040938_1636299411035331,"Poker Palace Australia",fixed,1,0,
bd7730a8-6a81-4ddf-a6c7-1d1a1c2a8f90_554057605040938_1677016153630323,"Poker Palace Australia",fixed,1,0,
bd7730a8-6a81-4ddf-a6c7-1d1a1c2a8f90_554057605040938_1413586163306658,"Poker Palace Australia",fixed,1,0,
4ec16dcd-19db-426c-8314-b4739cbeafaa_214767308577397_1232968315537462,"The Star Sydney Poker",fixed,1,0,
4ec16dcd-19db-426c-8314-b4739cbeafaa_214767308577397_1171704654997162,"The Star Sydney Poker",fixed,1,0,
bd7730a8-6a81-4ddf-a6c7-1d1a1c2a8f90_554057605040938_1691888528809752,"Poker Palace Australia",fixed,1,0,
4ec16dcd-19db-426c-8314-b4739cbeafaa_214767308577397_1129384402562521,"The Star Sydney Poker",fixed,2,0,
bd7730a8-6a81-4ddf-a6c7-1d1a1c2a8f90_554057605040938_1513475543317719,"Poker Palace Australia",fixed,1,0,
4ec16dcd-19db-426c-8314-b4739cbeafaa_214767308577397_1226538656180428,"The Star Sydney Poker",fixed,3,0,
4ec16dcd-19db-426c-8314-b4739cbeafaa_214767308577397_6239672432753491,"The Star Sydney Poker",fixed,1,0,
4ec16dcd-19db-426c-8314-b4739cbeafaa_214767308577397_864217099079254,"The Star Sydney Poker",fixed,1,0,
4ec16dcd-19db-426c-8314-b4739cbeafaa_214767308577397_992023969631899,"The Star Sydney Poker",fixed,4,0,
4ec16dcd-19db-426c-8314-b4739cbeafaa_214767308577397_6193753844012017,"The Star Sydney Poker",fixed,1,0,
4ec16dcd-19db-426c-8314-b4739cbeafaa_214767308577397_985700220264274,"The Star Sydney Poker",fixed,1,0,
bd7730a8-6a81-4ddf-a6c7-1d1a1c2a8f90_554057605040938_1592149325450340,"Poker Palace Australia",fixed,1,0,
bd7730a8-6a81-4ddf-a6c7-1d1a1c2a8f90_554057605040938_1203529047645705,"Poker Palace Australia",fixed,1,0,
bd7730a8-6a81-4ddf-a6c7-1d1a1c2a8f90_554057605040938_1380809283251013,"Poker Palace Australia",fixed,1,0,
4ec16dcd-19db-426c-8314-b4739cbeafaa_214767308577397_863728205794810,"The Star Sydney Poker",fixed,12,0,
5a94c0cc-6a42-4d23-b8a2-fa2ad7c07828_112289674918260_126550503505494,"Kings Room",fixed,1,0,
bd7730a8-6a81-4ddf-a6c7-1d1a1c2a8f90_554057605040938_1660944608570811,"Poker Palace Australia",fixed,1,0,
4ec16dcd-19db-426c-8314-b4739cbeafaa_214767308577397_1234469802053980,"The Star Sydney Poker",fixed,1,0,
4ec16dcd-19db-426c-8314-b4739cbeafaa_214767308577397_1232050675629226,"The Star Sydney Poker",fixed,4,0,
4ec16dcd-19db-426c-8314-b4739cbeafaa_214767308577397_967269372107359,"The Star Sydney Poker",fixed,1,0,
4ec16dcd-19db-426c-8314-b4739cbeafaa_214767308577397_6236905579696843,"The Star Sydney Poker",fixed,2,0,
bd7730a8-6a81-4ddf-a6c7-1d1a1c2a8f90_554057605040938_1242585967073346,"Poker Palace Australia",fixed,1,0,
bd7730a8-6a81-4ddf-a6c7-1d1a1c2a8f90_554057605040938_1301076494557626,"Poker Palace Australia",fixed,1,0,
4ec16dcd-19db-426c-8314-b4739cbeafaa_214767308577397_1132306498936978,"The Star Sydney Poker",fixed,5,0,
bd7730a8-6a81-4ddf-a6c7-1d1a1c2a8f90_554057605040938_1477240956941178,"Poker Palace Australia",fixed,1,0,
bd7730a8-6a81-4ddf-a6c7-1d1a1c2a8f90_554057605040938_1481505999848007,"Poker Palace Australia",fixed,1,0,
bd7730a8-6a81-4ddf-a6c7-1d1a1c2a8f90_554057605040938_1489949399003667,"Poker Palace Australia",fixed,1,0,
bd7730a8-6a81-4ddf-a6c7-1d1a1c2a8f90_554057605040938_1427881115210496,"Poker Palace Australia",fixed,1,0,
5a94c0cc-6a42-4d23-b8a2-fa2ad7c07828_112289674918260_120825994077945,"Kings Room",fixed,1,0,
bd7730a8-6a81-4ddf-a6c7-1d1a1c2a8f90_554057605040938_1677822156883056,"Poker Palace Australia",fixed,1,0,
4ec16dcd-19db-426c-8314-b4739cbeafaa_214767308577397_743147321186233,"The Star Sydney Poker",fixed,1,0,
4ec16dcd-19db-426c-8314-b4739cbeafaa_214767308577397_1229378399229787,"The Star Sydney Poker",fixed,1,0,
bd7730a8-6a81-4ddf-a6c7-1d1a1c2a8f90_554057605040938_1548116629853610,"Poker Palace Australia",fixed,1,0,
4ec16dcd-19db-426c-8314-b4739cbeafaa_214767308577397_1125192086315086,"The Star Sydney Poker",fixed,3,0,
bd7730a8-6a81-4ddf-a6c7-1d1a1c2a8f90_554057605040938_1646215976710341,"Poker Palace Australia",fixed,1,0,
bd7730a8-6a81-4ddf-a6c7-1d1a1c2a8f90_554057605040938_1501226627875944,"Poker Palace Australia",fixed,1,0,
4ec16dcd-19db-426c-8314-b4739cbeafaa_214767308577397_1222284663272494,"The Star Sydney Poker",fixed,1,0,
4ec16dcd-19db-426c-8314-b4739cbeafaa_214767308577397_1231488545685439,"The Star Sydney Poker",fixed,1,0,
FACEBOOK_112289674918260_851314474362423,"Kings Room",pending,0,1,
bd7730a8-6a81-4ddf-a6c7-1d1a1c2a8f90_554057605040938_1638761744122431,"Poker Palace Australia",fixed,1,0,
bd7730a8-6a81-4ddf-a6c7-1d1a1c2a8f90_554057605040938_1313845259947416,"Poker Palace Australia",fixed,1,0,
5a94c0cc-6a42-4d23-b8a2-fa2ad7c07828_112289674918260_863358109824726,"Kings Room",pending,0,1,
bd7730a8-6a81-4ddf-a6c7-1d1a1c2a8f90_554057605040938_1529312341734039,"Poker Palace Australia",fixed,1,0,
4ec16dcd-19db-426c-8314-b4739cbeafaa_214767308577397_1123295469838081,"The Star Sydney Poker",fixed,1,0,
bd7730a8-6a81-4ddf-a6c7-1d1a1c2a8f90_554057605040938_1647254533273152,"Poker Palace Australia",fixed,1,0,
bd7730a8-6a81-4ddf-a6c7-1d1a1c2a8f90_554057605040938_1589007229097883,"Poker Palace Australia",fixed,1,0,
4ec16dcd-19db-426c-8314-b4739cbeafaa_214767308577397_985195930314703,"The Star Sydney Poker",fixed,1,0,
bd7730a8-6a81-4ddf-a6c7-1d1a1c2a8f90_554057605040938_1489119279086679,"Poker Palace Australia",fixed,1,0,
bd7730a8-6a81-4ddf-a6c7-1d1a1c2a8f90_554057605040938_1683409512990987,"Poker Palace Australia",fixed,1,0,
4ec16dcd-19db-426c-8314-b4739cbeafaa_214767308577397_859910326176598,"The Star Sydney Poker",fixed,1,0,
4ec16dcd-19db-426c-8314-b4739cbeafaa_214767308577397_863635465804084,"The Star Sydney Poker",fixed,1,0,
FACEBOOK_112289674918260_856824347144769,"Kings Room",pending,0,1,
bd7730a8-6a81-4ddf-a6c7-1d1a1c2a8f90_554057605040938_1572703760728230,"Poker Palace Australia",fixed,1,0,
bd7730a8-6a81-4ddf-a6c7-1d1a1c2a8f90_554057605040938_1542065460458727,"Poker Palace Australia",fixed,1,0,
4ec16dcd-19db-426c-8314-b4739cbeafaa_214767308577397_1225793006254993,"The Star Sydney Poker",fixed,1,0,
4ec16dcd-19db-426c-8314-b4739cbeafaa_214767308577397_1133242108843417,"The Star Sydney Poker",fixed,1,0,
4ec16dcd-19db-426c-8314-b4739cbeafaa_214767308577397_921225030045127,"The Star Sydney Poker",fixed,1,0,
4ec16dcd-19db-426c-8314-b4739cbeafaa_214767308577397_972522101582086,"The Star Sydney Poker",fixed,1,0,
4ec16dcd-19db-426c-8314-b4739cbeafaa_214767308577397_871930201641277,"The Star Sydney Poker",fixed,1,0,
bd7730a8-6a81-4ddf-a6c7-1d1a1c2a8f90_554057605040938_1391209965544278,"Poker Palace Australia",fixed,1,0,
5a94c0cc-6a42-4d23-b8a2-fa2ad7c07828_112289674918260_126908106803067,"Kings Room",fixed,1,0,
4ec16dcd-19db-426c-8314-b4739cbeafaa_214767308577397_983618887139074,"The Star Sydney Poker",fixed,2,0,
bd7730a8-6a81-4ddf-a6c7-1d1a1c2a8f90_554057605040938_1485834866081787,"Poker Palace Australia",fixed,1,0,
4ec16dcd-19db-426c-8314-b4739cbeafaa_214767308577397_1181976430636651,"The Star Sydney Poker",fixed,1,0,
4ec16dcd-19db-426c-8314-b4739cbeafaa_214767308577397_1126766252824336,"The Star Sydney Poker",fixed,1,0,
bd7730a8-6a81-4ddf-a6c7-1d1a1c2a8f90_554057605040938_1347676253230983,"Poker Palace Australia",fixed,1,0,
4ec16dcd-19db-426c-8314-b4739cbeafaa_214767308577397_747055557462076,"The Star Sydney Poker",fixed,1,0,
bd7730a8-6a81-4ddf-a6c7-1d1a1c2a8f90_554057605040938_1376201613711780,"Poker Palace Australia",fixed,1,0,
4ec16dcd-19db-426c-8314-b4739cbeafaa_214767308577397_723816423119323,"The Star Sydney Poker",fixed,1,0,
4ec16dcd-19db-426c-8314-b4739cbeafaa_214767308577397_813227434178221,"The Star Sydney Poker",fixed,1,0,
bd7730a8-6a81-4ddf-a6c7-1d1a1c2a8f90_554057605040938_1658024645529474,"Poker Palace Australia",fixed,1,0,
bd7730a8-6a81-4ddf-a6c7-1d1a1c2a8f90_554057605040938_1643288517003087,"Poker Palace Australia",fixed,1,0,
4ec16dcd-19db-426c-8314-b4739cbeafaa_214767308577397_657052143129085,"The Star Sydney Poker",fixed,3,0,
bd7730a8-6a81-4ddf-a6c7-1d1a1c2a8f90_554057605040938_1484553182876622,"Poker Palace Australia",fixed,1,0,
bd7730a8-6a81-4ddf-a6c7-1d1a1c2a8f90_554057605040938_1298979194767356,"Poker Palace Australia",fixed,1,0,
4ec16dcd-19db-426c-8314-b4739cbeafaa_214767308577397_6097653833622019,"The Star Sydney Poker",fixed,1,0,
bd7730a8-6a81-4ddf-a6c7-1d1a1c2a8f90_554057605040938_1456205629044711,"Poker Palace Australia",fixed,1,0,
FACEBOOK_112289674918260_852435717583632,"Kings Room",pending,0,1,
bd7730a8-6a81-4ddf-a6c7-1d1a1c2a8f90_554057605040938_1324590438872898,"Poker Palace Australia",fixed,1,0,
bd7730a8-6a81-4ddf-a6c7-1d1a1c2a8f90_554057605040938_1278360313495911,"Poker Palace Australia",fixed,1,0,
bd7730a8-6a81-4ddf-a6c7-1d1a1c2a8f90_554057605040938_1679764950022110,"Poker Palace Australia",fixed,1,0,
4ec16dcd-19db-426c-8314-b4739cbeafaa_214767308577397_1112863360881292,"The Star Sydney Poker",fixed,1,0,
5a94c0cc-6a42-4d23-b8a2-fa2ad7c07828_112289674918260_125050190322192,"Kings Room",fixed,1,0,
4ec16dcd-19db-426c-8314-b4739cbeafaa_214767308577397_1045618374272458,"The Star Sydney Poker",fixed,1,0,
4ec16dcd-19db-426c-8314-b4739cbeafaa_214767308577397_983861257114837,"The Star Sydney Poker",fixed,1,0,
bd7730a8-6a81-4ddf-a6c7-1d1a1c2a8f90_554057605040938_1577825600216046,"Poker Palace Australia",fixed,1,0,
bd7730a8-6a81-4ddf-a6c7-1d1a1c2a8f90_554057605040938_1677061166959155,"Poker Palace Australia",fixed,1,0,
bd7730a8-6a81-4ddf-a6c7-1d1a1c2a8f90_554057605040938_1436043561060918,"Poker Palace Australia",fixed,1,0,
bd7730a8-6a81-4ddf-a6c7-1d1a1c2a8f90_554057605040938_1377093180289290,"Poker Palace Australia",fixed,1,0,
4ec16dcd-19db-426c-8314-b4739cbeafaa_214767308577397_844846757682955,"The Star Sydney Poker",fixed,1,0,
bd7730a8-6a81-4ddf-a6c7-1d1a1c2a8f90_554057605040938_1224020808929862,"Poker Palace Australia",fixed,1,0,
FACEBOOK_112289674918260_856821837145020,"Kings Room",pending,0,1,
bd7730a8-6a81-4ddf-a6c7-1d1a1c2a8f90_554057605040938_1430471978284743,"Poker Palace Australia",fixed,1,0,
bd7730a8-6a81-4ddf-a6c7-1d1a1c2a8f90_554057605040938_1452241982774409,"Poker Palace Australia",fixed,1,0,
bd7730a8-6a81-4ddf-a6c7-1d1a1c2a8f90_554057605040938_1382098529788755,"Poker Palace Australia",fixed,1,0,
4ec16dcd-19db-426c-8314-b4739cbeafaa_214767308577397_6107664732620929,"The Star Sydney Poker",fixed,1,0,
4ec16dcd-19db-426c-8314-b4739cbeafaa_214767308577397_665725438928422,"The Star Sydney Poker",fixed,1,0,
bd7730a8-6a81-4ddf-a6c7-1d1a1c2a8f90_554057605040938_1488011345864139,"Poker Palace Australia",fixed,1,0,
4ec16dcd-19db-426c-8314-b4739cbeafaa_214767308577397_1305313428302950,"The Star Sydney Poker",fixed,1,0,
4ec16dcd-19db-426c-8314-b4739cbeafaa_214767308577397_1199210735579887,"The Star Sydney Poker",fixed,2,0,
4ec16dcd-19db-426c-8314-b4739cbeafaa_214767308577397_1131793248988303,"The Star Sydney Poker",fixed,1,0,
4ec16dcd-19db-426c-8314-b4739cbeafaa_214767308577397_982204417280521,"The Star Sydney Poker",fixed,1,0,
FACEBOOK_112289674918260_857906040369933,"Kings Room",pending,0,1,
4ec16dcd-19db-426c-8314-b4739cbeafaa_214767308577397_5813243395396399,"The Star Sydney Poker",fixed,1,0,
4ec16dcd-19db-426c-8314-b4739cbeafaa_214767308577397_1235345588633068,"The Star Sydney Poker",fixed,1,0,
4ec16dcd-19db-426c-8314-b4739cbeafaa_214767308577397_1299747355526224,"The Star Sydney Poker",fixed,1,0,
bd7730a8-6a81-4ddf-a6c7-1d1a1c2a8f90_554057605040938_1566371091361497,"Poker Palace Australia",fixed,1,0,
4ec16dcd-19db-426c-8314-b4739cbeafaa_214767308577397_1166199258881035,"The Star Sydney Poker",fixed,1,0,
4ec16dcd-19db-426c-8314-b4739cbeafaa_214767308577397_662424139258552,"The Star Sydney Poker",fixed,1,0,
bd7730a8-6a81-4ddf-a6c7-1d1a1c2a8f90_554057605040938_1594280738570532,"Poker Palace Australia",fixed,1,0,
4ec16dcd-19db-426c-8314-b4739cbeafaa_214767308577397_1216361293864831,"The Star Sydney Poker",fixed,1,0,
bd7730a8-6a81-4ddf-a6c7-1d1a1c2a8f90_554057605040938_1547220606609879,"Poker Palace Australia",fixed,1,0,
bd7730a8-6a81-4ddf-a6c7-1d1a1c2a8f90_554057605040938_1522885909043349,"Poker Palace Australia",fixed,1,0,
bd7730a8-6a81-4ddf-a6c7-1d1a1c2a8f90_554057605040938_1248774379787838,"Poker Palace Australia",fixed,1,0,
4ec16dcd-19db-426c-8314-b4739cbeafaa_214767308577397_1225140119653615,"The Star Sydney Poker",fixed,1,0,
4ec16dcd-19db-426c-8314-b4739cbeafaa_214767308577397_1236718201829140,"The Star Sydney Poker",fixed,3,0,
4ec16dcd-19db-426c-8314-b4739cbeafaa_214767308577397_1235644071936553,"The Star Sydney Poker",fixed,2,0,
4ec16dcd-19db-426c-8314-b4739cbeafaa_214767308577397_1118982423602719,"The Star Sydney Poker",fixed,1,0,
bd7730a8-6a81-4ddf-a6c7-1d1a1c2a8f90_554057605040938_1583289139669692,"Poker Palace Australia",fixed,1,0,
bd7730a8-6a81-4ddf-a6c7-1d1a1c2a8f90_554057605040938_1541148023883804,"Poker Palace Australia",fixed,1,0,
4ec16dcd-19db-426c-8314-b4739cbeafaa_214767308577397_753011050199860,"The Star Sydney Poker",fixed,1,0,
4ec16dcd-19db-426c-8314-b4739cbeafaa_214767308577397_1047063690794593,"The Star Sydney Poker",fixed,1,0,
bd7730a8-6a81-4ddf-a6c7-1d1a1c2a8f90_554057605040938_1658046428860629,"Poker Palace Australia",fixed,1,0,
bd7730a8-6a81-4ddf-a6c7-1d1a1c2a8f90_554057605040938_1453094802689127,"Poker Palace Australia",fixed,1,0,
4ec16dcd-19db-426c-8314-b4739cbeafaa_214767308577397_5940689832651754,"The Star Sydney Poker",fixed,1,0,
4ec16dcd-19db-426c-8314-b4739cbeafaa_214767308577397_1232821448885482,"The Star Sydney Poker",fixed,1,0,
4ec16dcd-19db-426c-8314-b4739cbeafaa_214767308577397_805407784960186,"The Star Sydney Poker",fixed,1,0,
4ec16dcd-19db-426c-8314-b4739cbeafaa_214767308577397_1120331080134520,"The Star Sydney Poker",fixed,1,0,
4ec16dcd-19db-426c-8314-b4739cbeafaa_214767308577397_919777236856573,"The Star Sydney Poker",fixed,1,0,
4ec16dcd-19db-426c-8314-b4739cbeafaa_214767308577397_990218466479116,"The Star Sydney Poker",fixed,1,0,
4ec16dcd-19db-426c-8314-b4739cbeafaa_214767308577397_982830107217952,"The Star Sydney Poker",fixed,1,0,
4ec16dcd-19db-426c-8314-b4739cbeafaa_214767308577397_986607606840202,"The Star Sydney Poker",fixed,1,0,
4ec16dcd-19db-426c-8314-b4739cbeafaa_214767308577397_1228394619328165,"The Star Sydney Poker",fixed,1,0,
4ec16dcd-19db-426c-8314-b4739cbeafaa_214767308577397_1235333271967633,"The Star Sydney Poker",fixed,1,0,
bd7730a8-6a81-4ddf-a6c7-1d1a1c2a8f90_554057605040938_1556778925654047,"Poker Palace Australia",fixed,1,0,
bd7730a8-6a81-4ddf-a6c7-1d1a1c2a8f90_554057605040938_1382872646378010,"Poker Palace Australia",fixed,1,0,
4ec16dcd-19db-426c-8314-b4739cbeafaa_214767308577397_1064716869029275,"The Star Sydney Poker",fixed,1,0,
4ec16dcd-19db-426c-8314-b4739cbeafaa_214767308577397_1236450815189212,"The Star Sydney Poker",fixed,1,0,
bd7730a8-6a81-4ddf-a6c7-1d1a1c2a8f90_554057605040938_1676961783635760,"Poker Palace Australia",fixed,1,0,
bd7730a8-6a81-4ddf-a6c7-1d1a1c2a8f90_554057605040938_1377547600243848,"Poker Palace Australia",fixed,1,0,
4ec16dcd-19db-426c-8314-b4739cbeafaa_214767308577397_731309155703383,"The Star Sydney Poker",fixed,1,0,
4ec16dcd-19db-426c-8314-b4739cbeafaa_214767308577397_1197749212392706,"The Star Sydney Poker",fixed,1,0,
bd7730a8-6a81-4ddf-a6c7-1d1a1c2a8f90_554057605040938_1522087802456493,"Poker Palace Australia",fixed,1,0,
4ec16dcd-19db-426c-8314-b4739cbeafaa_214767308577397_1233579285476365,"The Star Sydney Poker",fixed,1,0,
bd7730a8-6a81-4ddf-a6c7-1d1a1c2a8f90_554057605040938_1272454940753115,"Poker Palace Australia",fixed,1,0,
4ec16dcd-19db-426c-8314-b4739cbeafaa_214767308577397_5665921383461935,"The Star Sydney Poker",fixed,1,0,
4ec16dcd-19db-426c-8314-b4739cbeafaa_214767308577397_1234602272040733,"The Star Sydney Poker",fixed,1,0,
bd7730a8-6a81-4ddf-a6c7-1d1a1c2a8f90_554057605040938_1662791228386149,"Poker Palace Australia",fixed,1,0,
bd7730a8-6a81-4ddf-a6c7-1d1a1c2a8f90_554057605040938_1578243416840931,"Poker Palace Australia",fixed,1,0,
4ec16dcd-19db-426c-8314-b4739cbeafaa_214767308577397_1278080134359613,"The Star Sydney Poker",fixed,1,0,
4ec16dcd-19db-426c-8314-b4739cbeafaa_214767308577397_1037897378377891,"The Star Sydney Poker",fixed,1,0,
bd7730a8-6a81-4ddf-a6c7-1d1a1c2a8f90_554057605040938_1676252757039996,"Poker Palace Australia",fixed,1,0,
bd7730a8-6a81-4ddf-a6c7-1d1a1c2a8f90_554057605040938_1326830768648865,"Poker Palace Australia",fixed,1,0,
bd7730a8-6a81-4ddf-a6c7-1d1a1c2a8f90_554057605040938_1333033634695245,"Poker Palace Australia",fixed,1,0,
bd7730a8-6a81-4ddf-a6c7-1d1a1c2a8f90_554057605040938_1421916319140309,"Poker Palace Australia",fixed,1,0,
bd7730a8-6a81-4ddf-a6c7-1d1a1c2a8f90_554057605040938_1297172448281364,"Poker Palace Australia",fixed,1,0,
bd7730a8-6a81-4ddf-a6c7-1d1a1c2a8f90_554057605040938_1682781853053753,"Poker Palace Australia",fixed,1,0,
bd7730a8-6a81-4ddf-a6c7-1d1a1c2a8f90_554057605040938_1347164336615508,"Poker Palace Australia",fixed,1,0,
bd7730a8-6a81-4ddf-a6c7-1d1a1c2a8f90_554057605040938_1346275346704407,"Poker Palace Australia",fixed,1,0,
4ec16dcd-19db-426c-8314-b4739cbeafaa_214767308577397_859778299523134,"The Star Sydney Poker",fixed,1,0,
bd7730a8-6a81-4ddf-a6c7-1d1a1c2a8f90_554057605040938_1479169466748327,"Poker Palace Australia",fixed,1,0,
4ec16dcd-19db-426c-8314-b4739cbeafaa_214767308577397_1222457019921925,"The Star Sydney Poker",fixed,1,0,
4ec16dcd-19db-426c-8314-b4739cbeafaa_214767308577397_864911075676523,"The Star Sydney Poker",fixed,3,0,
4ec16dcd-19db-426c-8314-b4739cbeafaa_214767308577397_1192025859631708,"The Star Sydney Poker",fixed,5,0,
bd7730a8-6a81-4ddf-a6c7-1d1a1c2a8f90_554057605040938_1208272610504682,"Poker Palace Australia",fixed,1,0,
bd7730a8-6a81-4ddf-a6c7-1d1a1c2a8f90_554057605040938_1434216977910243,"Poker Palace Australia",fixed,1,0,
4ec16dcd-19db-426c-8314-b4739cbeafaa_214767308577397_1222293496604944,"The Star Sydney Poker",fixed,1,0,
5a94c0cc-6a42-4d23-b8a2-fa2ad7c07828_112289674918260_120993224061222,"Kings Room",fixed,1,0,
bd7730a8-6a81-4ddf-a6c7-1d1a1c2a8f90_554057605040938_1593010922030847,"Poker Palace Australia",fixed,1,0,
4ec16dcd-19db-426c-8314-b4739cbeafaa_214767308577397_1234615462039414,"The Star Sydney Poker",fixed,1,0,
bd7730a8-6a81-4ddf-a6c7-1d1a1c2a8f90_554057605040938_1321055315893077,"Poker Palace Australia",fixed,1,0,
bd7730a8-6a81-4ddf-a6c7-1d1a1c2a8f90_554057605040938_1487561855909088,"Poker Palace Australia",fixed,1,0,
bd7730a8-6a81-4ddf-a6c7-1d1a1c2a8f90_554057605040938_1441077777224163,"Poker Palace Australia",fixed,1,0,
bd7730a8-6a81-4ddf-a6c7-1d1a1c2a8f90_554057605040938_1617721566226449,"Poker Palace Australia",fixed,1,0,
4ec16dcd-19db-426c-8314-b4739cbeafaa_214767308577397_982256737275289,"The Star Sydney Poker",fixed,1,0,
4ec16dcd-19db-426c-8314-b4739cbeafaa_214767308577397_1123144646519830,"The Star Sydney Poker",fixed,1,0,
4ec16dcd-19db-426c-8314-b4739cbeafaa_214767308577397_813228260844805,"The Star Sydney Poker",fixed,1,0,
bd7730a8-6a81-4ddf-a6c7-1d1a1c2a8f90_554057605040938_1341297830535492,"Poker Palace Australia",fixed,1,0,
4ec16dcd-19db-426c-8314-b4739cbeafaa_214767308577397_6187453527975382,"The Star Sydney Poker",fixed,1,0,
5a94c0cc-6a42-4d23-b8a2-fa2ad7c07828_112289674918260_120771384083406,"Kings Room",fixed,2,0,
4ec16dcd-19db-426c-8314-b4739cbeafaa_214767308577397_850231137144517,"The Star Sydney Poker",fixed,1,0,
bd7730a8-6a81-4ddf-a6c7-1d1a1c2a8f90_554057605040938_1666295604702378,"Poker Palace Australia",fixed,1,0,
bd7730a8-6a81-4ddf-a6c7-1d1a1c2a8f90_554057605040938_1603483120983627,"Poker Palace Australia",fixed,1,0,
4ec16dcd-19db-426c-8314-b4739cbeafaa_214767308577397_1232002208967406,"The Star Sydney Poker",fixed,1,0,
bd7730a8-6a81-4ddf-a6c7-1d1a1c2a8f90_554057605040938_1346169930048282,"Poker Palace Australia",fixed,1,0,
5a94c0cc-6a42-4d23-b8a2-fa2ad7c07828_112289674918260_866040302889840,"Kings Room",fixed,1,0,
4ec16dcd-19db-426c-8314-b4739cbeafaa_214767308577397_649729150528051,"The Star Sydney Poker",fixed,1,0,
bd7730a8-6a81-4ddf-a6c7-1d1a1c2a8f90_554057605040938_1593214722010467,"Poker Palace Australia",fixed,1,0,
bd7730a8-6a81-4ddf-a6c7-1d1a1c2a8f90_554057605040938_1684318822900056,"Poker Palace Australia",fixed,1,0,
4ec16dcd-19db-426c-8314-b4739cbeafaa_214767308577397_1125271009640527,"The Star Sydney Poker",fixed,1,0,
bd7730a8-6a81-4ddf-a6c7-1d1a1c2a8f90_554057605040938_1502310907767516,"Poker Palace Australia",fixed,1,0,
4ec16dcd-19db-426c-8314-b4739cbeafaa_214767308577397_800054758828822,"The Star Sydney Poker",fixed,1,0,
4ec16dcd-19db-426c-8314-b4739cbeafaa_214767308577397_791559496345015,"The Star Sydney Poker",fixed,1,0,
4ec16dcd-19db-426c-8314-b4739cbeafaa_214767308577397_1236800925154201,"The Star Sydney Poker",fixed,4,0,
4ec16dcd-19db-426c-8314-b4739cbeafaa_214767308577397_1139447964889498,"The Star Sydney Poker",fixed,1,0,
bd7730a8-6a81-4ddf-a6c7-1d1a1c2a8f90_554057605040938_1261848191813790,"Poker Palace Australia",fixed,1,0,
4ec16dcd-19db-426c-8314-b4739cbeafaa_214767308577397_858494979651466,"The Star Sydney Poker",fixed,1,0,
bd7730a8-6a81-4ddf-a6c7-1d1a1c2a8f90_554057605040938_1410819180250023,"Poker Palace Australia",fixed,1,0,
bd7730a8-6a81-4ddf-a6c7-1d1a1c2a8f90_554057605040938_1273341643997778,"Poker Palace Australia",fixed,1,0,
bd7730a8-6a81-4ddf-a6c7-1d1a1c2a8f90_554057605040938_1617613286237277,"Poker Palace Australia",fixed,1,0,
4ec16dcd-19db-426c-8314-b4739cbeafaa_214767308577397_1123387263162235,"The Star Sydney Poker",fixed,1,0,
bd7730a8-6a81-4ddf-a6c7-1d1a1c2a8f90_554057605040938_1457713888893885,"Poker Palace Australia",fixed,1,0,
4ec16dcd-19db-426c-8314-b4739cbeafaa_214767308577397_728977799269852,"The Star Sydney Poker",fixed,1,0,
4ec16dcd-19db-426c-8314-b4739cbeafaa_214767308577397_1061573299343632,"The Star Sydney Poker",fixed,1,0,
bd7730a8-6a81-4ddf-a6c7-1d1a1c2a8f90_554057605040938_1330109134987695,"Poker Palace Australia",fixed,1,0,
bd7730a8-6a81-4ddf-a6c7-1d1a1c2a8f90_554057605040938_1591770845488188,"Poker Palace Australia",fixed,1,0,
4ec16dcd-19db-426c-8314-b4739cbeafaa_214767308577397_643883584445941,"The Star Sydney Poker",fixed,3,0,
bd7730a8-6a81-4ddf-a6c7-1d1a1c2a8f90_554057605040938_1326254095373199,"Poker Palace Australia",fixed,1,0,
bd7730a8-6a81-4ddf-a6c7-1d1a1c2a8f90_554057605040938_1484293682902572,"Poker Palace Australia",fixed,1,0,
bd7730a8-6a81-4ddf-a6c7-1d1a1c2a8f90_554057605040938_1355688482429760,"Poker Palace Australia",fixed,1,0,
bd7730a8-6a81-4ddf-a6c7-1d1a1c2a8f90_554057605040938_1290599835605292,"Poker Palace Australia",fixed,1,0,
4ec16dcd-19db-426c-8314-b4739cbeafaa_214767308577397_809668661200765,"The Star Sydney Poker",fixed,1,0,
5a94c0cc-6a42-4d23-b8a2-fa2ad7c07828_112289674918260_119977244162820,"Kings Room",fixed,1,0,
4ec16dcd-19db-426c-8314-b4739cbeafaa_214767308577397_1228358769331750,"The Star Sydney Poker",fixed,1,0,
bd7730a8-6a81-4ddf-a6c7-1d1a1c2a8f90_554057605040938_1332041921461083,"Poker Palace Australia",fixed,1,0,
bd7730a8-6a81-4ddf-a6c7-1d1a1c2a8f90_554057605040938_1250545789610697,"Poker Palace Australia",fixed,1,0,
bd7730a8-6a81-4ddf-a6c7-1d1a1c2a8f90_554057605040938_1611087366889869,"Poker Palace Australia",fixed,1,0,
bd7730a8-6a81-4ddf-a6c7-1d1a1c2a8f90_554057605040938_1314708903194385,"Poker Palace Australia",fixed,1,0,
bd7730a8-6a81-4ddf-a6c7-1d1a1c2a8f90_554057605040938_1310969606901648,"Poker Palace Australia",fixed,1,0,
4ec16dcd-19db-426c-8314-b4739cbeafaa_214767308577397_773116018189363,"The Star Sydney Poker",fixed,1,0,
4ec16dcd-19db-426c-8314-b4739cbeafaa_214767308577397_821927753308189,"The Star Sydney Poker",fixed,1,0,
bd7730a8-6a81-4ddf-a6c7-1d1a1c2a8f90_554057605040938_1537958874202719,"Poker Palace Australia",fixed,1,0,
bd7730a8-6a81-4ddf-a6c7-1d1a1c2a8f90_554057605040938_1379056860092922,"Poker Palace Australia",fixed,1,0,
bd7730a8-6a81-4ddf-a6c7-1d1a1c2a8f90_554057605040938_1682668423065096,"Poker Palace Australia",fixed,1,0,
4ec16dcd-19db-426c-8314-b4739cbeafaa_214767308577397_1129993349168293,"The Star Sydney Poker",fixed,1,0,
4ec16dcd-19db-426c-8314-b4739cbeafaa_214767308577397_1183635270470767,"The Star Sydney Poker",fixed,1,0,
4ec16dcd-19db-426c-8314-b4739cbeafaa_214767308577397_812016450965986,"The Star Sydney Poker",fixed,1,0,
4ec16dcd-19db-426c-8314-b4739cbeafaa_214767308577397_1194973732670254,"The Star Sydney Poker",fixed,1,0,
bd7730a8-6a81-4ddf-a6c7-1d1a1c2a8f90_554057605040938_1358030602195548,"Poker Palace Australia",fixed,1,0,
4ec16dcd-19db-426c-8314-b4739cbeafaa_214767308577397_1235875495246744,"The Star Sydney Poker",fixed,3,0,
5a94c0cc-6a42-4d23-b8a2-fa2ad7c07828_112289674918260_123498020477409,"Kings Room",fixed,3,0,
bd7730a8-6a81-4ddf-a6c7-1d1a1c2a8f90_554057605040938_1486834455981828,"Poker Palace Australia",fixed,1,0,
4ec16dcd-19db-426c-8314-b4739cbeafaa_214767308577397_800057308828567,"The Star Sydney Poker",fixed,1,0,
4ec16dcd-19db-426c-8314-b4739cbeafaa_214767308577397_984969423670687,"The Star Sydney Poker",fixed,1,0,
5a94c0cc-6a42-4d23-b8a2-fa2ad7c07828_112289674918260_121304880696723,"Kings Room",fixed,1,0,
FACEBOOK_112289674918260_855114010649136,"Kings Room",pending,0,1,
bd7730a8-6a81-4ddf-a6c7-1d1a1c2a8f90_554057605040938_1656435389021733,"Poker Palace Australia",fixed,1,0,
4ec16dcd-19db-426c-8314-b4739cbeafaa_214767308577397_1190857749748519,"The Star Sydney Poker",fixed,1,0,
bd7730a8-6a81-4ddf-a6c7-1d1a1c2a8f90_554057605040938_1565193338145939,"Poker Palace Australia",fixed,1,0,
bd7730a8-6a81-4ddf-a6c7-1d1a1c2a8f90_554057605040938_1679113316753940,"Poker Palace Australia",fixed,1,0,
4ec16dcd-19db-426c-8314-b4739cbeafaa_214767308577397_1261166492717644,"The Star Sydney Poker",fixed,1,0,
4ec16dcd-19db-426c-8314-b4739cbeafaa_214767308577397_985029816997981,"The Star Sydney Poker",fixed,1,0,
bd7730a8-6a81-4ddf-a6c7-1d1a1c2a8f90_554057605040938_1424613285537279,"Poker Palace Australia",fixed,1,0,
bd7730a8-6a81-4ddf-a6c7-1d1a1c2a8f90_554057605040938_1662068108458461,"Poker Palace Australia",fixed,1,0,
bd7730a8-6a81-4ddf-a6c7-1d1a1c2a8f90_554057605040938_1582675849731021,"Poker Palace Australia",fixed,1,0,
bd7730a8-6a81-4ddf-a6c7-1d1a1c2a8f90_554057605040938_1685109352821003,"Poker Palace Australia",fixed,1,0,
4ec16dcd-19db-426c-8314-b4739cbeafaa_214767308577397_1200124878821806,"The Star Sydney Poker",fixed,1,0,
bd7730a8-6a81-4ddf-a6c7-1d1a1c2a8f90_554057605040938_1391244892207452,"Poker Palace Australia",fixed,1,0,
bd7730a8-6a81-4ddf-a6c7-1d1a1c2a8f90_554057605040938_1680208739977731,"Poker Palace Australia",fixed,1,0,
bd7730a8-6a81-4ddf-a6c7-1d1a1c2a8f90_554057605040938_1386789519319656,"Poker Palace Australia",fixed,1,0,
bd7730a8-6a81-4ddf-a6c7-1d1a1c2a8f90_554057605040938_1342761000389175,"Poker Palace Australia",fixed,1,0,
4ec16dcd-19db-426c-8314-b4739cbeafaa_214767308577397_821925596641738,"The Star Sydney Poker",fixed,1,0,
bd7730a8-6a81-4ddf-a6c7-1d1a1c2a8f90_554057605040938_1584677006197572,"Poker Palace Australia",fixed,1,0,
4ec16dcd-19db-426c-8314-b4739cbeafaa_214767308577397_987951280039168,"The Star Sydney Poker",fixed,1,0,
4ec16dcd-19db-426c-8314-b4739cbeafaa_214767308577397_5652364961484244,"The Star Sydney Poker",fixed,1,0,
4ec16dcd-19db-426c-8314-b4739cbeafaa_214767308577397_5840698192650919,"The Star Sydney Poker",fixed,1,0,
4ec16dcd-19db-426c-8314-b4739cbeafaa_214767308577397_859397406227890,"The Star Sydney Poker",fixed,1,0,
5a94c0cc-6a42-4d23-b8a2-fa2ad7c07828_112289674918260_123840027109875,"Kings Room",fixed,1,0,
bd7730a8-6a81-4ddf-a6c7-1d1a1c2a8f90_554057605040938_1591793495485923,"Poker Palace Australia",fixed,1,0,
4ec16dcd-19db-426c-8314-b4739cbeafaa_214767308577397_1195742622593365,"The Star Sydney Poker",fixed,1,0,
4ec16dcd-19db-426c-8314-b4739cbeafaa_214767308577397_1132527002248261,"The Star Sydney Poker",fixed,1,0,
bd7730a8-6a81-4ddf-a6c7-1d1a1c2a8f90_554057605040938_1398893958109212,"Poker Palace Australia",fixed,1,0,
bd7730a8-6a81-4ddf-a6c7-1d1a1c2a8f90_554057605040938_1397238261608115,"Poker Palace Australia",fixed,1,0,
bd7730a8-6a81-4ddf-a6c7-1d1a1c2a8f90_554057605040938_1644737476858191,"Poker Palace Australia",fixed,1,0,
bd7730a8-6a81-4ddf-a6c7-1d1a1c2a8f90_554057605040938_1334637107868231,"Poker Palace Australia",fixed,1,0,
4ec16dcd-19db-426c-8314-b4739cbeafaa_214767308577397_846170220883942,"The Star Sydney Poker",fixed,1,0,
4ec16dcd-19db-426c-8314-b4739cbeafaa_214767308577397_1228354962665464,"The Star Sydney Poker",fixed,1,0,
bd7730a8-6a81-4ddf-a6c7-1d1a1c2a8f90_554057605040938_1661533811845224,"Poker Palace Australia",fixed,1,0,
4ec16dcd-19db-426c-8314-b4739cbeafaa_214767308577397_721211183379847,"The Star Sydney Poker",fixed,1,0,
4ec16dcd-19db-426c-8314-b4739cbeafaa_214767308577397_867549205412710,"The Star Sydney Poker",fixed,2,0,
bd7730a8-6a81-4ddf-a6c7-1d1a1c2a8f90_554057605040938_1260202018645074,"Poker Palace Australia",fixed,1,0,
4ec16dcd-19db-426c-8314-b4739cbeafaa_214767308577397_987958466705116,"The Star Sydney Poker",fixed,2,0,
bd7730a8-6a81-4ddf-a6c7-1d1a1c2a8f90_554057605040938_1572967674035172,"Poker Palace Australia",fixed,1,0,
4ec16dcd-19db-426c-8314-b4739cbeafaa_214767308577397_1040689011432061,"The Star Sydney Poker",fixed,1,0,
bd7730a8-6a81-4ddf-a6c7-1d1a1c2a8f90_554057605040938_1407471577251450,"Poker Palace Australia",fixed,1,0,
bd7730a8-6a81-4ddf-a6c7-1d1a1c2a8f90_554057605040938_1599764771355462,"Poker Palace Australia",fixed,1,0,
bd7730a8-6a81-4ddf-a6c7-1d1a1c2a8f90_554057605040938_1620041375994468,"Poker Palace Australia",fixed,1,0,
bd7730a8-6a81-4ddf-a6c7-1d1a1c2a8f90_554057605040938_1424473758884565,"Poker Palace Australia",fixed,1,0,
4ec16dcd-19db-426c-8314-b4739cbeafaa_214767308577397_1195091085991852,"The Star Sydney Poker",fixed,1,0,
bd7730a8-6a81-4ddf-a6c7-1d1a1c2a8f90_554057605040938_1658365055495433,"Poker Palace Australia",fixed,1,0,
bd7730a8-6a81-4ddf-a6c7-1d1a1c2a8f90_554057605040938_1510524433612830,"Poker Palace Australia",fixed,1,0,
4ec16dcd-19db-426c-8314-b4739cbeafaa_214767308577397_1127581829409445,"The Star Sydney Poker",fixed,1,0,
4ec16dcd-19db-426c-8314-b4739cbeafaa_214767308577397_1224693959698231,"The Star Sydney Poker",fixed,1,0,
4ec16dcd-19db-426c-8314-b4739cbeafaa_214767308577397_1194223379411956,"The Star Sydney Poker",fixed,1,0,
bd7730a8-6a81-4ddf-a6c7-1d1a1c2a8f90_554057605040938_1594279565237316,"Poker Palace Australia",fixed,1,0,
4ec16dcd-19db-426c-8314-b4739cbeafaa_214767308577397_1231403035693990,"The Star Sydney Poker",fixed,4,0,
4ec16dcd-19db-426c-8314-b4739cbeafaa_214767308577397_731327652368200,"The Star Sydney Poker",fixed,1,0,
bd7730a8-6a81-4ddf-a6c7-1d1a1c2a8f90_554057605040938_1339729847358957,"Poker Palace Australia",fixed,1,0,
4ec16dcd-19db-426c-8314-b4739cbeafaa_214767308577397_983679017133061,"The Star Sydney Poker",fixed,1,0,
4ec16dcd-19db-426c-8314-b4739cbeafaa_214767308577397_782008200633478,"The Star Sydney Poker",fixed,1,0,
4ec16dcd-19db-426c-8314-b4739cbeafaa_214767308577397_1233587298808897,"The Star Sydney Poker",fixed,4,0,
4ec16dcd-19db-426c-8314-b4739cbeafaa_214767308577397_1129995985834696,"The Star Sydney Poker",fixed,1,0,
bd7730a8-6a81-4ddf-a6c7-1d1a1c2a8f90_554057605040938_1660662618599010,"Poker Palace Australia",fixed,1,0,
4ec16dcd-19db-426c-8314-b4739cbeafaa_214767308577397_1230116175822676,"The Star Sydney Poker",fixed,1,0,
4ec16dcd-19db-426c-8314-b4739cbeafaa_214767308577397_1236614601839500,"The Star Sydney Poker",fixed,3,0,
bd7730a8-6a81-4ddf-a6c7-1d1a1c2a8f90_554057605040938_1625654128766526,"Poker Palace Australia",fixed,1,0,
4ec16dcd-19db-426c-8314-b4739cbeafaa_214767308577397_989627143204915,"The Star Sydney Poker",fixed,1,0,
bd7730a8-6a81-4ddf-a6c7-1d1a1c2a8f90_554057605040938_1659777895354149,"Poker Palace Australia",fixed,1,0,
bd7730a8-6a81-4ddf-a6c7-1d1a1c2a8f90_554057605040938_1654837992514806,"Poker Palace Australia",fixed,1,0,
4ec16dcd-19db-426c-8314-b4739cbeafaa_214767308577397_743058044528494,"The Star Sydney Poker",fixed,1,0,
bd7730a8-6a81-4ddf-a6c7-1d1a1c2a8f90_554057605040938_1645438706788068,"Poker Palace Australia",fixed,1,0,
bd7730a8-6a81-4ddf-a6c7-1d1a1c2a8f90_554057605040938_1379820716683203,"Poker Palace Australia",fixed,1,0,
4ec16dcd-19db-426c-8314-b4739cbeafaa_214767308577397_1003413191826310,"The Star Sydney Poker",fixed,1,0,
4ec16dcd-19db-426c-8314-b4739cbeafaa_214767308577397_5676788079041932,"The Star Sydney Poker",fixed,1,0,
4ec16dcd-19db-426c-8314-b4739cbeafaa_214767308577397_1115951540572474,"The Star Sydney Poker",fixed,1,0,
4ec16dcd-19db-426c-8314-b4739cbeafaa_214767308577397_905982941569336,"The Star Sydney Poker",fixed,1,0,
bd7730a8-6a81-4ddf-a6c7-1d1a1c2a8f90_554057605040938_1342770740388201,"Poker Palace Australia",fixed,1,0,
4ec16dcd-19db-426c-8314-b4739cbeafaa_214767308577397_755368439964121,"The Star Sydney Poker",fixed,1,0,
bd7730a8-6a81-4ddf-a6c7-1d1a1c2a8f90_554057605040938_1245820673416542,"Poker Palace Australia",fixed,1,0,
4ec16dcd-19db-426c-8314-b4739cbeafaa_214767308577397_1212257197608574,"The Star Sydney Poker",fixed,2,0,
4ec16dcd-19db-426c-8314-b4739cbeafaa_214767308577397_5954008434653227,"The Star Sydney Poker",fixed,2,0,
bd7730a8-6a81-4ddf-a6c7-1d1a1c2a8f90_554057605040938_1678309400167665,"Poker Palace Australia",fixed,1,0,
bd7730a8-6a81-4ddf-a6c7-1d1a1c2a8f90_554057605040938_1641387853859820,"Poker Palace Australia",fixed,1,0,
5a94c0cc-6a42-4d23-b8a2-fa2ad7c07828_112289674918260_123988627095015,"Kings Room",fixed,1,0,
4ec16dcd-19db-426c-8314-b4739cbeafaa_214767308577397_989637996537163,"The Star Sydney Poker",fixed,2,0,
bd7730a8-6a81-4ddf-a6c7-1d1a1c2a8f90_554057605040938_1546646180000655,"Poker Palace Australia",fixed,1,0,
bd7730a8-6a81-4ddf-a6c7-1d1a1c2a8f90_554057605040938_1455186062480001,"Poker Palace Australia",fixed,1,0,
4ec16dcd-19db-426c-8314-b4739cbeafaa_214767308577397_747128847454747,"The Star Sydney Poker",fixed,1,0,
4ec16dcd-19db-426c-8314-b4739cbeafaa_214767308577397_1216380997196194,"The Star Sydney Poker",fixed,1,0,
4ec16dcd-19db-426c-8314-b4739cbeafaa_214767308577397_978578820976414,"The Star Sydney Poker",fixed,1,0,
bd7730a8-6a81-4ddf-a6c7-1d1a1c2a8f90_554057605040938_1297995431532399,"Poker Palace Australia",fixed,1,0,
bd7730a8-6a81-4ddf-a6c7-1d1a1c2a8f90_554057605040938_1656882432310362,"Poker Palace Australia",fixed,1,0,
bd7730a8-6a81-4ddf-a6c7-1d1a1c2a8f90_554057605040938_1247453806586562,"Poker Palace Australia",fixed,1,0,
4ec16dcd-19db-426c-8314-b4739cbeafaa_214767308577397_6089180271136042,"The Star Sydney Poker",fixed,1,0,
bd7730a8-6a81-4ddf-a6c7-1d1a1c2a8f90_554057605040938_1595473921784547,"Poker Palace Australia",fixed,1,0,
4ec16dcd-19db-426c-8314-b4739cbeafaa_214767308577397_1123970053103956,"The Star Sydney Poker",fixed,2,0,
4ec16dcd-19db-426c-8314-b4739cbeafaa_214767308577397_1225627142938246,"The Star Sydney Poker",fixed,3,0,
4ec16dcd-19db-426c-8314-b4739cbeafaa_214767308577397_1290603959773897,"The Star Sydney Poker",fixed,1,0,
bd7730a8-6a81-4ddf-a6c7-1d1a1c2a8f90_554057605040938_1356763305655611,"Poker Palace Australia",fixed,1,0,
4ec16dcd-19db-426c-8314-b4739cbeafaa_214767308577397_821926166641681,"The Star Sydney Poker",fixed,1,0,
bd7730a8-6a81-4ddf-a6c7-1d1a1c2a8f90_554057605040938_1206328837365726,"Poker Palace Australia",fixed,1,0,
bd7730a8-6a81-4ddf-a6c7-1d1a1c2a8f90_554057605040938_1412315016767106,"Poker Palace Australia",fixed,1,0,
4ec16dcd-19db-426c-8314-b4739cbeafaa_214767308577397_809059757928322,"The Star Sydney Poker",fixed,1,0,
4ec16dcd-19db-426c-8314-b4739cbeafaa_214767308577397_1212391074261853,"The Star Sydney Poker",fixed,1,0,
bd7730a8-6a81-4ddf-a6c7-1d1a1c2a8f90_554057605040938_1335830104415598,"Poker Palace Australia",fixed,1,0,
4ec16dcd-19db-426c-8314-b4739cbeafaa_214767308577397_1133280245506270,"The Star Sydney Poker",fixed,2,0,
4ec16dcd-19db-426c-8314-b4739cbeafaa_214767308577397_1178920667608894,"The Star Sydney Poker",fixed,1,0,
4ec16dcd-19db-426c-8314-b4739cbeafaa_214767308577397_1126164832884478,"The Star Sydney Poker",fixed,2,0,
bd7730a8-6a81-4ddf-a6c7-1d1a1c2a8f90_554057605040938_1659159278749344,"Poker Palace Australia",fixed,1,0,
4ec16dcd-19db-426c-8314-b4739cbeafaa_214767308577397_693858399448459,"The Star Sydney Poker",fixed,1,0,
4ec16dcd-19db-426c-8314-b4739cbeafaa_214767308577397_1126223509545277,"The Star Sydney Poker",fixed,1,0,
4ec16dcd-19db-426c-8314-b4739cbeafaa_214767308577397_1227501839417443,"The Star Sydney Poker",fixed,4,0,
4ec16dcd-19db-426c-8314-b4739cbeafaa_214767308577397_1225596079608019,"The Star Sydney Poker",fixed,1,0,
bd7730a8-6a81-4ddf-a6c7-1d1a1c2a8f90_554057605040938_1591134965551776,"Poker Palace Australia",fixed,1,0,
4ec16dcd-19db-426c-8314-b4739cbeafaa_214767308577397_1226921362808824,"The Star Sydney Poker",fixed,1,0,
bd7730a8-6a81-4ddf-a6c7-1d1a1c2a8f90_554057605040938_1266824451316164,"Poker Palace Australia",fixed,1,0,
bd7730a8-6a81-4ddf-a6c7-1d1a1c2a8f90_554057605040938_1589911229007483,"Poker Palace Australia",fixed,1,0,
4ec16dcd-19db-426c-8314-b4739cbeafaa_214767308577397_988799456621017,"The Star Sydney Poker",fixed,3,0,
4ec16dcd-19db-426c-8314-b4739cbeafaa_214767308577397_733456392155326,"The Star Sydney Poker",fixed,1,0,
4ec16dcd-19db-426c-8314-b4739cbeafaa_214767308577397_1070648221769473,"The Star Sydney Poker",fixed,1,0,
4ec16dcd-19db-426c-8314-b4739cbeafaa_214767308577397_1199178278916466,"The Star Sydney Poker",fixed,1,0,
FACEBOOK_112289674918260_856347293859141,"Kings Room",pending,0,1,
bd7730a8-6a81-4ddf-a6c7-1d1a1c2a8f90_554057605040938_1478167616848512,"Poker Palace Australia",fixed,1,0,
bd7730a8-6a81-4ddf-a6c7-1d1a1c2a8f90_554057605040938_1241473683851241,"Poker Palace Australia",fixed,1,0,
bd7730a8-6a81-4ddf-a6c7-1d1a1c2a8f90_554057605040938_1310748766923732,"Poker Palace Australia",fixed,1,0,
bd7730a8-6a81-4ddf-a6c7-1d1a1c2a8f90_554057605040938_1343385060326769,"Poker Palace Australia",fixed,1,0,
4ec16dcd-19db-426c-8314-b4739cbeafaa_214767308577397_6220555501331851,"The Star Sydney Poker",fixed,2,0,
4ec16dcd-19db-426c-8314-b4739cbeafaa_214767308577397_640798394754460,"The Star Sydney Poker",fixed,1,0,
bd7730a8-6a81-4ddf-a6c7-1d1a1c2a8f90_554057605040938_1560147808650492,"Poker Palace Australia",fixed,1,0,
4ec16dcd-19db-426c-8314-b4739cbeafaa_214767308577397_861586272675670,"The Star Sydney Poker",fixed,2,0,
4ec16dcd-19db-426c-8314-b4739cbeafaa_214767308577397_1236516478515979,"The Star Sydney Poker",fixed,1,0,
bd7730a8-6a81-4ddf-a6c7-1d1a1c2a8f90_554057605040938_4271906109792491,"Poker Palace Australia",fixed,1,0,
5a94c0cc-6a42-4d23-b8a2-fa2ad7c07828_112289674918260_122735397220338,"Kings Room",fixed,1,0,
4ec16dcd-19db-426c-8314-b4739cbeafaa_214767308577397_5702684886452251,"The Star Sydney Poker",fixed,1,0,
4ec16dcd-19db-426c-8314-b4739cbeafaa_214767308577397_5974243729296364,"The Star Sydney Poker",fixed,1,0,
4ec16dcd-19db-426c-8314-b4739cbeafaa_214767308577397_1203260908508203,"The Star Sydney Poker",fixed,1,0,
4ec16dcd-19db-426c-8314-b4739cbeafaa_214767308577397_6077684935618909,"The Star Sydney Poker",fixed,1,0,
bd7730a8-6a81-4ddf-a6c7-1d1a1c2a8f90_554057605040938_1481345323197408,"Poker Palace Australia",fixed,1,0,
4ec16dcd-19db-426c-8314-b4739cbeafaa_214767308577397_6148038678583534,"The Star Sydney Poker",fixed,1,0,
bd7730a8-6a81-4ddf-a6c7-1d1a1c2a8f90_554057605040938_1622811122384160,"Poker Palace Australia",fixed,1,0,
4ec16dcd-19db-426c-8314-b4739cbeafaa_214767308577397_1218105033690457,"The Star Sydney Poker",fixed,1,0,
FACEBOOK_112289674918260_856396807187523,"Kings Room",pending,0,1,
4ec16dcd-19db-426c-8314-b4739cbeafaa_214767308577397_788242290010069,"The Star Sydney Poker",fixed,1,0,
4ec16dcd-19db-426c-8314-b4739cbeafaa_214767308577397_6117864271600975,"The Star Sydney Poker",fixed,1,0,
bd7730a8-6a81-4ddf-a6c7-1d1a1c2a8f90_554057605040938_1410462913618983,"Poker Palace Australia",fixed,1,0,
4ec16dcd-19db-426c-8314-b4739cbeafaa_214767308577397_1210708651096762,"The Star Sydney Poker",fixed,1,0,
bd7730a8-6a81-4ddf-a6c7-1d1a1c2a8f90_554057605040938_1535183231146950,"Poker Palace Australia",fixed,1,0,
bd7730a8-6a81-4ddf-a6c7-1d1a1c2a8f90_554057605040938_1657504435581495,"Poker Palace Australia",fixed,1,0,
bd7730a8-6a81-4ddf-a6c7-1d1a1c2a8f90_554057605040938_1692155788783026,"Poker Palace Australia",fixed,1,0,
bd7730a8-6a81-4ddf-a6c7-1d1a1c2a8f90_554057605040938_1299843064680969,"Poker Palace Australia",fixed,1,0,
bd7730a8-6a81-4ddf-a6c7-1d1a1c2a8f90_554057605040938_1547774373221169,"Poker Palace Australia",fixed,1,0,
FACEBOOK_112289674918260_850067787820425,"Kings Room",pending,0,1,
bd7730a8-6a81-4ddf-a6c7-1d1a1c2a8f90_554057605040938_1431614578170483,"Poker Palace Australia",fixed,1,0,
4ec16dcd-19db-426c-8314-b4739cbeafaa_214767308577397_5827018927352179,"The Star Sydney Poker",fixed,1,0,
bd7730a8-6a81-4ddf-a6c7-1d1a1c2a8f90_554057605040938_1503759467622660,"Poker Palace Australia",fixed,1,0,
bd7730a8-6a81-4ddf-a6c7-1d1a1c2a8f90_554057605040938_1220577952607481,"Poker Palace Australia",fixed,1,0,
bd7730a8-6a81-4ddf-a6c7-1d1a1c2a8f90_554057605040938_1344819423516666,"Poker Palace Australia",fixed,1,0,
4ec16dcd-19db-426c-8314-b4739cbeafaa_214767308577397_867359638765000,"The Star Sydney Poker",fixed,2,0,
bd7730a8-6a81-4ddf-a6c7-1d1a1c2a8f90_554057605040938_1519618249370115,"Poker Palace Australia",fixed,1,0,
4ec16dcd-19db-426c-8314-b4739cbeafaa_214767308577397_1195001446000816,"The Star Sydney Poker",fixed,1,0,
4ec16dcd-19db-426c-8314-b4739cbeafaa_214767308577397_5921854921201912,"The Star Sydney Poker",fixed,1,0,
4ec16dcd-19db-426c-8314-b4739cbeafaa_214767308577397_1232827045551589,"The Star Sydney Poker",fixed,1,0,
4ec16dcd-19db-426c-8314-b4739cbeafaa_214767308577397_5686103788110361,"The Star Sydney Poker",fixed,1,0,
4ec16dcd-19db-426c-8314-b4739cbeafaa_214767308577397_689795926521373,"The Star Sydney Poker",fixed,1,0,
4ec16dcd-19db-426c-8314-b4739cbeafaa_214767308577397_5660308724023201,"The Star Sydney Poker",fixed,1,0,
4ec16dcd-19db-426c-8314-b4739cbeafaa_214767308577397_860341252800172,"The Star Sydney Poker",fixed,1,0,
bd7730a8-6a81-4ddf-a6c7-1d1a1c2a8f90_554057605040938_1452896986042242,"Poker Palace Australia",fixed,1,0,
bd7730a8-6a81-4ddf-a6c7-1d1a1c2a8f90_554057605040938_1278238263508116,"Poker Palace Australia",fixed,1,0,
bd7730a8-6a81-4ddf-a6c7-1d1a1c2a8f90_554057605040938_1677249446940327,"Poker Palace Australia",fixed,1,0,
bd7730a8-6a81-4ddf-a6c7-1d1a1c2a8f90_554057605040938_1346898886642053,"Poker Palace Australia",fixed,1,0,
4ec16dcd-19db-426c-8314-b4739cbeafaa_214767308577397_988018526699110,"The Star Sydney Poker",fixed,1,0,
4ec16dcd-19db-426c-8314-b4739cbeafaa_214767308577397_864400385727592,"The Star Sydney Poker",fixed,2,0,
4ec16dcd-19db-426c-8314-b4739cbeafaa_214767308577397_985025960331700,"The Star Sydney Poker",fixed,2,0,
4ec16dcd-19db-426c-8314-b4739cbeafaa_214767308577397_6103618309692238,"The Star Sydney Poker",fixed,1,0,
bd7730a8-6a81-4ddf-a6c7-1d1a1c2a8f90_554057605040938_1595220878476518,"Poker Palace Australia",fixed,1,0,
4ec16dcd-19db-426c-8314-b4739cbeafaa_214767308577397_1229182519249375,"The Star Sydney Poker",fixed,1,0,
4ec16dcd-19db-426c-8314-b4739cbeafaa_214767308577397_984372550397041,"The Star Sydney Poker",fixed,1,0,
4ec16dcd-19db-426c-8314-b4739cbeafaa_214767308577397_5645964502124290,"The Star Sydney Poker",fixed,1,0,
4ec16dcd-19db-426c-8314-b4739cbeafaa_214767308577397_1130984559069172,"The Star Sydney Poker",fixed,1,0,
4ec16dcd-19db-426c-8314-b4739cbeafaa_214767308577397_1133226772178284,"The Star Sydney Poker",fixed,1,0,
bd7730a8-6a81-4ddf-a6c7-1d1a1c2a8f90_554057605040938_1570495937615679,"Poker Palace Australia",fixed,1,0,
bd7730a8-6a81-4ddf-a6c7-1d1a1c2a8f90_554057605040938_1437350080930266,"Poker Palace Australia",fixed,1,0,
4ec16dcd-19db-426c-8314-b4739cbeafaa_214767308577397_1171699898330971,"The Star Sydney Poker",fixed,1,0,
4ec16dcd-19db-426c-8314-b4739cbeafaa_214767308577397_860354406132190,"The Star Sydney Poker",fixed,1,0,
bd7730a8-6a81-4ddf-a6c7-1d1a1c2a8f90_554057605040938_1258642035467739,"Poker Palace Australia",fixed,1,0,
4ec16dcd-19db-426c-8314-b4739cbeafaa_214767308577397_1123237053177256,"The Star Sydney Poker",fixed,1,0,
4ec16dcd-19db-426c-8314-b4739cbeafaa_214767308577397_5928119160575488,"The Star Sydney Poker",fixed,2,0,
4ec16dcd-19db-426c-8314-b4739cbeafaa_214767308577397_1227640899403537,"The Star Sydney Poker",fixed,1,0,
bd7730a8-6a81-4ddf-a6c7-1d1a1c2a8f90_554057605040938_1482292689769338,"Poker Palace Australia",fixed,1,0,
4ec16dcd-19db-426c-8314-b4739cbeafaa_214767308577397_987208686780094,"The Star Sydney Poker",fixed,1,0,
4ec16dcd-19db-426c-8314-b4739cbeafaa_214767308577397_1228755332625427,"The Star Sydney Poker",fixed,1,0,
4ec16dcd-19db-426c-8314-b4739cbeafaa_214767308577397_1211536811013946,"The Star Sydney Poker",fixed,1,0,
4ec16dcd-19db-426c-8314-b4739cbeafaa_214767308577397_1200150542152573,"The Star Sydney Poker",fixed,1,0,
4ec16dcd-19db-426c-8314-b4739cbeafaa_214767308577397_1130296205804674,"The Star Sydney Poker",fixed,4,0,
bd7730a8-6a81-4ddf-a6c7-1d1a1c2a8f90_554057605040938_1661518095180129,"Poker Palace Australia",fixed,1,0,
4ec16dcd-19db-426c-8314-b4739cbeafaa_214767308577397_6035381986515871,"The Star Sydney Poker",fixed,1,0,
4ec16dcd-19db-426c-8314-b4739cbeafaa_214767308577397_5882729221781149,"The Star Sydney Poker",fixed,1,0,
bd7730a8-6a81-4ddf-a6c7-1d1a1c2a8f90_554057605040938_1498888311443109,"Poker Palace Australia",fixed,1,0,
bd7730a8-6a81-4ddf-a6c7-1d1a1c2a8f90_554057605040938_1674848820513723,"Poker Palace Australia",fixed,1,0,
4ec16dcd-19db-426c-8314-b4739cbeafaa_214767308577397_987960676704895,"The Star Sydney Poker",fixed,4,0,
bd7730a8-6a81-4ddf-a6c7-1d1a1c2a8f90_554057605040938_1595786178419988,"Poker Palace Australia",fixed,1,0,
4ec16dcd-19db-426c-8314-b4739cbeafaa_214767308577397_1217831240384503,"The Star Sydney Poker",fixed,1,0,
4ec16dcd-19db-426c-8314-b4739cbeafaa_214767308577397_1219533716880922,"The Star Sydney Poker",fixed,1,0,
bd7730a8-6a81-4ddf-a6c7-1d1a1c2a8f90_554057605040938_1647793563219249,"Poker Palace Australia",fixed,1,0,
bd7730a8-6a81-4ddf-a6c7-1d1a1c2a8f90_554057605040938_1678637483468190,"Poker Palace Australia",fixed,1,0,
bd7730a8-6a81-4ddf-a6c7-1d1a1c2a8f90_554057605040938_1246008753397734,"Poker Palace Australia",fixed,1,0,
4ec16dcd-19db-426c-8314-b4739cbeafaa_214767308577397_1222933596540934,"The Star Sydney Poker",fixed,1,0,
4ec16dcd-19db-426c-8314-b4739cbeafaa_214767308577397_1126771756157119,"The Star Sydney Poker",fixed,1,0,
bd7730a8-6a81-4ddf-a6c7-1d1a1c2a8f90_554057605040938_1456152419050032,"Poker Palace Australia",fixed,1,0,
bd7730a8-6a81-4ddf-a6c7-1d1a1c2a8f90_554057605040938_1306817087316900,"Poker Palace Australia",fixed,1,0,
4ec16dcd-19db-426c-8314-b4739cbeafaa_214767308577397_672583318242634,"The Star Sydney Poker",fixed,1,0,
bd7730a8-6a81-4ddf-a6c7-1d1a1c2a8f90_554057605040938_1382368333095108,"Poker Palace Australia",fixed,1,0,
4ec16dcd-19db-426c-8314-b4739cbeafaa_214767308577397_1249514737216153,"The Star Sydney Poker",fixed,1,0,
bd7730a8-6a81-4ddf-a6c7-1d1a1c2a8f90_554057605040938_1668332041165401,"Poker Palace Australia",fixed,1,0,
4ec16dcd-19db-426c-8314-b4739cbeafaa_214767308577397_987293190104977,"The Star Sydney Poker",fixed,3,0,
bd7730a8-6a81-4ddf-a6c7-1d1a1c2a8f90_554057605040938_1253402315991711,"Poker Palace Australia",fixed,1,0,
4ec16dcd-19db-426c-8314-b4739cbeafaa_214767308577397_1125978056236489,"The Star Sydney Poker",fixed,1,0,
bd7730a8-6a81-4ddf-a6c7-1d1a1c2a8f90_554057605040938_1637452894253316,"Poker Palace Australia",fixed,1,0,
bd7730a8-6a81-4ddf-a6c7-1d1a1c2a8f90_554057605040938_1361749961823612,"Poker Palace Australia",fixed,1,0,
4ec16dcd-19db-426c-8314-b4739cbeafaa_214767308577397_1224831156351178,"The Star Sydney Poker",fixed,1,0,
bd7730a8-6a81-4ddf-a6c7-1d1a1c2a8f90_554057605040938_1247269759938300,"Poker Palace Australia",fixed,1,0,
bd7730a8-6a81-4ddf-a6c7-1d1a1c2a8f90_554057605040938_1433172134681394,"Poker Palace Australia",fixed,1,0,
4ec16dcd-19db-426c-8314-b4739cbeafaa_214767308577397_861799172654380,"The Star Sydney Poker",fixed,1,0,
4ec16dcd-19db-426c-8314-b4739cbeafaa_214767308577397_989497446551218,"The Star Sydney Poker",fixed,1,0,
4ec16dcd-19db-426c-8314-b4739cbeafaa_214767308577397_973279434839686,"The Star Sydney Poker",fixed,1,0,
4ec16dcd-19db-426c-8314-b4739cbeafaa_214767308577397_860007776166853,"The Star Sydney Poker",fixed,1,0,
bd7730a8-6a81-4ddf-a6c7-1d1a1c2a8f90_554057605040938_1297942714871004,"Poker Palace Australia",fixed,1,0,
4ec16dcd-19db-426c-8314-b4739cbeafaa_214767308577397_970561555111474,"The Star Sydney Poker",fixed,1,0,
4ec16dcd-19db-426c-8314-b4739cbeafaa_214767308577397_761428072691491,"The Star Sydney Poker",fixed,1,0,
4ec16dcd-19db-426c-8314-b4739cbeafaa_214767308577397_1126758866158408,"The Star Sydney Poker",fixed,1,0,
4ec16dcd-19db-426c-8314-b4739cbeafaa_214767308577397_1111859540981674,"The Star Sydney Poker",fixed,1,0,
4ec16dcd-19db-426c-8314-b4739cbeafaa_214767308577397_861191202715177,"The Star Sydney Poker",fixed,1,0,
bd7730a8-6a81-4ddf-a6c7-1d1a1c2a8f90_554057605040938_1306021707396438,"Poker Palace Australia",fixed,1,0,
bd7730a8-6a81-4ddf-a6c7-1d1a1c2a8f90_554057605040938_1357550505576891,"Poker Palace Australia",fixed,1,0,
4ec16dcd-19db-426c-8314-b4739cbeafaa_214767308577397_1169301381904156,"The Star Sydney Poker",fixed,1,0,
4ec16dcd-19db-426c-8314-b4739cbeafaa_214767308577397_1232151142285846,"The Star Sydney Poker",fixed,1,0,
bd7730a8-6a81-4ddf-a6c7-1d1a1c2a8f90_554057605040938_1247987203199889,"Poker Palace Australia",fixed,1,0,
5a94c0cc-6a42-4d23-b8a2-fa2ad7c07828_112289674918260_124840820343129,"Kings Room",fixed,1,0,
bd7730a8-6a81-4ddf-a6c7-1d1a1c2a8f90_554057605040938_1517914069540533,"Poker Palace Australia",fixed,1,0,
4ec16dcd-19db-426c-8314-b4739cbeafaa_214767308577397_1190381879796106,"The Star Sydney Poker",fixed,1,0,
bd7730a8-6a81-4ddf-a6c7-1d1a1c2a8f90_554057605040938_1248104796521463,"Poker Palace Australia",fixed,1,0,
4ec16dcd-19db-426c-8314-b4739cbeafaa_214767308577397_1230403625793931,"The Star Sydney Poker",fixed,2,0,
4ec16dcd-19db-426c-8314-b4739cbeafaa_214767308577397_1092672056233756,"The Star Sydney Poker",fixed,1,0,
4ec16dcd-19db-426c-8314-b4739cbeafaa_214767308577397_864293899071574,"The Star Sydney Poker",fixed,1,0,
bd7730a8-6a81-4ddf-a6c7-1d1a1c2a8f90_554057605040938_1311825906816018,"Poker Palace Australia",fixed,1,0,
bd7730a8-6a81-4ddf-a6c7-1d1a1c2a8f90_554057605040938_1281951963136746,"Poker Palace Australia",fixed,1,0,
FACEBOOK_112289674918260_851555697671634,"Kings Room",pending,0,1,
bd7730a8-6a81-4ddf-a6c7-1d1a1c2a8f90_554057605040938_1611079763557296,"Poker Palace Australia",fixed,1,0,
bd7730a8-6a81-4ddf-a6c7-1d1a1c2a8f90_554057605040938_1561147098550563,"Poker Palace Australia",fixed,1,0,
bd7730a8-6a81-4ddf-a6c7-1d1a1c2a8f90_554057605040938_1499586521373288,"Poker Palace Australia",fixed,1,0,
bd7730a8-6a81-4ddf-a6c7-1d1a1c2a8f90_554057605040938_1587526209245985,"Poker Palace Australia",fixed,1,0,
4ec16dcd-19db-426c-8314-b4739cbeafaa_214767308577397_1153707416796886,"The Star Sydney Poker",fixed,1,0,
bd7730a8-6a81-4ddf-a6c7-1d1a1c2a8f90_554057605040938_1590580582273881,"Poker Palace Australia",fixed,1,0,
bd7730a8-6a81-4ddf-a6c7-1d1a1c2a8f90_554057605040938_1454502622548345,"Poker Palace Australia",fixed,1,0,
4ec16dcd-19db-426c-8314-b4739cbeafaa_214767308577397_1226467102854250,"The Star Sydney Poker",fixed,1,0,
bd7730a8-6a81-4ddf-a6c7-1d1a1c2a8f90_554057605040938_1485109479487659,"Poker Palace Australia",fixed,1,0,
bd7730a8-6a81-4ddf-a6c7-1d1a1c2a8f90_554057605040938_1410249353640339,"Poker Palace Australia",fixed,1,0,
bd7730a8-6a81-4ddf-a6c7-1d1a1c2a8f90_554057605040938_1374485810550027,"Poker Palace Australia",fixed,1,0,
bd7730a8-6a81-4ddf-a6c7-1d1a1c2a8f90_554057605040938_1347751409890134,"Poker Palace Australia",fixed,1,0,
4ec16dcd-19db-426c-8314-b4739cbeafaa_214767308577397_865005179000446,"The Star Sydney Poker",fixed,1,0,
bd7730a8-6a81-4ddf-a6c7-1d1a1c2a8f90_554057605040938_1630276524970953,"Poker Palace Australia",fixed,1,0,
4ec16dcd-19db-426c-8314-b4739cbeafaa_214767308577397_1247676407399986,"The Star Sydney Poker",fixed,1,0,
4ec16dcd-19db-426c-8314-b4739cbeafaa_214767308577397_988869956613967,"The Star Sydney Poker",fixed,2,0,
4ec16dcd-19db-426c-8314-b4739cbeafaa_214767308577397_795588505942114,"The Star Sydney Poker",fixed,1,0,
bd7730a8-6a81-4ddf-a6c7-1d1a1c2a8f90_554057605040938_1407061133959161,"Poker Palace Australia",fixed,1,0,
bd7730a8-6a81-4ddf-a6c7-1d1a1c2a8f90_554057605040938_1213436293321647,"Poker Palace Australia",fixed,1,0,
4ec16dcd-19db-426c-8314-b4739cbeafaa_214767308577397_1128636879303940,"The Star Sydney Poker",fixed,2,0,
bd7730a8-6a81-4ddf-a6c7-1d1a1c2a8f90_554057605040938_1639659657365973,"Poker Palace Australia",fixed,1,0,
4ec16dcd-19db-426c-8314-b4739cbeafaa_214767308577397_1224150633085897,"The Star Sydney Poker",fixed,1,0,
bd7730a8-6a81-4ddf-a6c7-1d1a1c2a8f90_554057605040938_1279570220041587,"Poker Palace Australia",fixed,1,0,
4ec16dcd-19db-426c-8314-b4739cbeafaa_214767308577397_1229759172525043,"The Star Sydney Poker",fixed,1,0,
4ec16dcd-19db-426c-8314-b4739cbeafaa_214767308577397_860348816132749,"The Star Sydney Poker",fixed,1,0,
bd7730a8-6a81-4ddf-a6c7-1d1a1c2a8f90_554057605040938_1409521750379766,"Poker Palace Australia",fixed,1,0,
bd7730a8-6a81-4ddf-a6c7-1d1a1c2a8f90_554057605040938_1289623875702888,"Poker Palace Australia",fixed,1,0,
bd7730a8-6a81-4ddf-a6c7-1d1a1c2a8f90_554057605040938_1528533855145221,"Poker Palace Australia",fixed,1,0,
4ec16dcd-19db-426c-8314-b4739cbeafaa_214767308577397_5692266690827404,"The Star Sydney Poker",fixed,2,0,
4ec16dcd-19db-426c-8314-b4739cbeafaa_214767308577397_1207492161418411,"The Star Sydney Poker",fixed,1,0,
bd7730a8-6a81-4ddf-a6c7-1d1a1c2a8f90_554057605040938_1484302142901726,"Poker Palace Australia",fixed,1,0,
4ec16dcd-19db-426c-8314-b4739cbeafaa_214767308577397_970377461796550,"The Star Sydney Poker",fixed,1,0,
4ec16dcd-19db-426c-8314-b4739cbeafaa_214767308577397_1230222705812023,"The Star Sydney Poker",fixed,1,0,
4ec16dcd-19db-426c-8314-b4739cbeafaa_214767308577397_670018931832406,"The Star Sydney Poker",fixed,1,0,
4ec16dcd-19db-426c-8314-b4739cbeafaa_214767308577397_861612986006332,"The Star Sydney Poker",fixed,1,0,
bd7730a8-6a81-4ddf-a6c7-1d1a1c2a8f90_554057605040938_1337321917599750,"Poker Palace Australia",fixed,1,0,
FACEBOOK_112289674918260_857110357116168,"Kings Room",pending,0,1,
4ec16dcd-19db-426c-8314-b4739cbeafaa_214767308577397_1212363587597935,"The Star Sydney Poker",fixed,1,0,
4ec16dcd-19db-426c-8314-b4739cbeafaa_214767308577397_866834178817546,"The Star Sydney Poker",fixed,1,0,
4ec16dcd-19db-426c-8314-b4739cbeafaa_214767308577397_860434522790845,"The Star Sydney Poker",fixed,1,0,
4ec16dcd-19db-426c-8314-b4739cbeafaa_214767308577397_1130756465758648,"The Star Sydney Poker",fixed,1,0,
bd7730a8-6a81-4ddf-a6c7-1d1a1c2a8f90_554057605040938_1428988421766432,"Poker Palace Australia",fixed,1,0,
4ec16dcd-19db-426c-8314-b4739cbeafaa_214767308577397_1156840163150278,"The Star Sydney Poker",fixed,1,0,
4ec16dcd-19db-426c-8314-b4739cbeafaa_214767308577397_669875801846719,"The Star Sydney Poker",fixed,3,0,
bd7730a8-6a81-4ddf-a6c7-1d1a1c2a8f90_554057605040938_1298752958123313,"Poker Palace Australia",fixed,1,0,
4ec16dcd-19db-426c-8314-b4739cbeafaa_214767308577397_864237412410556,"The Star Sydney Poker",fixed,3,0,
bd7730a8-6a81-4ddf-a6c7-1d1a1c2a8f90_554057605040938_1689207565744515,"Poker Palace Australia",fixed,1,0,
4ec16dcd-19db-426c-8314-b4739cbeafaa_214767308577397_1219807353520225,"The Star Sydney Poker",fixed,1,0,
4ec16dcd-19db-426c-8314-b4739cbeafaa_214767308577397_1196920432475584,"The Star Sydney Poker",fixed,1,0,
bd7730a8-6a81-4ddf-a6c7-1d1a1c2a8f90_554057605040938_1251320232866586,"Poker Palace Australia",fixed,1,0,
4ec16dcd-19db-426c-8314-b4739cbeafaa_214767308577397_5957227397664664,"The Star Sydney Poker",fixed,1,0,
4ec16dcd-19db-426c-8314-b4739cbeafaa_214767308577397_1128734112627550,"The Star Sydney Poker",fixed,3,0,
4ec16dcd-19db-426c-8314-b4739cbeafaa_214767308577397_1226431406191153,"The Star Sydney Poker",fixed,6,0,
bd7730a8-6a81-4ddf-a6c7-1d1a1c2a8f90_554057605040938_1633784751286797,"Poker Palace Australia",fixed,1,0,
4ec16dcd-19db-426c-8314-b4739cbeafaa_214767308577397_5979363822117688,"The Star Sydney Poker",fixed,1,0,
4ec16dcd-19db-426c-8314-b4739cbeafaa_214767308577397_1125541349613493,"The Star Sydney Poker",fixed,3,0,
bd7730a8-6a81-4ddf-a6c7-1d1a1c2a8f90_554057605040938_1455967919068482,"Poker Palace Australia",fixed,1,0,
4ec16dcd-19db-426c-8314-b4739cbeafaa_214767308577397_1211425804358380,"The Star Sydney Poker",fixed,1,0,
bd7730a8-6a81-4ddf-a6c7-1d1a1c2a8f90_554057605040938_1494370685228205,"Poker Palace Australia",fixed,1,0,
4ec16dcd-19db-426c-8314-b4739cbeafaa_214767308577397_985711980263098,"The Star Sydney Poker",fixed,2,0,
bd7730a8-6a81-4ddf-a6c7-1d1a1c2a8f90_554057605040938_1262245108440765,"Poker Palace Australia",fixed,1,0,
4ec16dcd-19db-426c-8314-b4739cbeafaa_214767308577397_1228806392620321,"The Star Sydney Poker",fixed,3,0,
bd7730a8-6a81-4ddf-a6c7-1d1a1c2a8f90_554057605040938_1310210380310904,"Poker Palace Australia",fixed,1,0,
4ec16dcd-19db-426c-8314-b4739cbeafaa_214767308577397_1191016663065961,"The Star Sydney Poker",fixed,1,0,
4ec16dcd-19db-426c-8314-b4739cbeafaa_214767308577397_1259675396200087,"The Star Sydney Poker",fixed,1,0,
4ec16dcd-19db-426c-8314-b4739cbeafaa_214767308577397_1210784777755816,"The Star Sydney Poker",fixed,1,0,
5a94c0cc-6a42-4d23-b8a2-fa2ad7c07828_112289674918260_116021904558354,"Kings Room",fixed,1,0,
bd7730a8-6a81-4ddf-a6c7-1d1a1c2a8f90_554057605040938_1212964603368816,"Poker Palace Australia",fixed,1,0,
4ec16dcd-19db-426c-8314-b4739cbeafaa_214767308577397_901324918701805,"The Star Sydney Poker",fixed,1,0,
4ec16dcd-19db-426c-8314-b4739cbeafaa_214767308577397_1128732072627754,"The Star Sydney Poker",fixed,4,0,
4ec16dcd-19db-426c-8314-b4739cbeafaa_214767308577397_1202425595258401,"The Star Sydney Poker",fixed,1,0,
4ec16dcd-19db-426c-8314-b4739cbeafaa_214767308577397_1229431095891184,"The Star Sydney Poker",fixed,1,0,
4ec16dcd-19db-426c-8314-b4739cbeafaa_214767308577397_5663074520413288,"The Star Sydney Poker",fixed,1,0,
bd7730a8-6a81-4ddf-a6c7-1d1a1c2a8f90_554057605040938_1281054869893122,"Poker Palace Australia",fixed,1,0,
4ec16dcd-19db-426c-8314-b4739cbeafaa_214767308577397_1236356505198643,"The Star Sydney Poker",fixed,1,0,
bd7730a8-6a81-4ddf-a6c7-1d1a1c2a8f90_554057605040938_1449458016386139,"Poker Palace Australia",fixed,1,0,
bd7730a8-6a81-4ddf-a6c7-1d1a1c2a8f90_554057605040938_1240137023984907,"Poker Palace Australia",fixed,1,0,
bd7730a8-6a81-4ddf-a6c7-1d1a1c2a8f90_554057605040938_1200202621311681,"Poker Palace Australia",fixed,1,0,
4ec16dcd-19db-426c-8314-b4739cbeafaa_214767308577397_700449705455995,"The Star Sydney Poker",fixed,1,0,
4ec16dcd-19db-426c-8314-b4739cbeafaa_214767308577397_1195801605920800,"The Star Sydney Poker",fixed,1,0,
bd7730a8-6a81-4ddf-a6c7-1d1a1c2a8f90_554057605040938_1445957833402824,"Poker Palace Australia",fixed,1,0,
bd7730a8-6a81-4ddf-a6c7-1d1a1c2a8f90_554057605040938_1515384549793485,"Poker Palace Australia",fixed,1,0,
5a94c0cc-6a42-4d23-b8a2-fa2ad7c07828_112289674918260_123329557160922,"Kings Room",fixed,1,0,
bd7730a8-6a81-4ddf-a6c7-1d1a1c2a8f90_554057605040938_1235419771123299,"Poker Palace Australia",fixed,1,0,
bd7730a8-6a81-4ddf-a6c7-1d1a1c2a8f90_554057605040938_1677303206934951,"Poker Palace Australia",fixed,1,0,
bd7730a8-6a81-4ddf-a6c7-1d1a1c2a8f90_554057605040938_1489108825754391,"Poker Palace Australia",fixed,1,0,
5a94c0cc-6a42-4d23-b8a2-fa2ad7c07828_112289674918260_126625660164645,"Kings Room",fixed,1,0,
4ec16dcd-19db-426c-8314-b4739cbeafaa_214767308577397_692114589622840,"The Star Sydney Poker",fixed,1,0,
bd7730a8-6a81-4ddf-a6c7-1d1a1c2a8f90_554057605040938_1396031845062090,"Poker Palace Australia",fixed,1,0,
4ec16dcd-19db-426c-8314-b4739cbeafaa_214767308577397_755370079963957,"The Star Sydney Poker",fixed,1,0,
4ec16dcd-19db-426c-8314-b4739cbeafaa_214767308577397_1190407793126848,"The Star Sydney Poker",fixed,1,0,
4ec16dcd-19db-426c-8314-b4739cbeafaa_214767308577397_865591815608449,"The Star Sydney Poker",fixed,2,0,
5a94c0cc-6a42-4d23-b8a2-fa2ad7c07828_112289674918260_123126867181191,"Kings Room",fixed,1,0,
4ec16dcd-19db-426c-8314-b4739cbeafaa_214767308577397_1223993683101592,"The Star Sydney Poker",fixed,1,0,
4ec16dcd-19db-426c-8314-b4739cbeafaa_214767308577397_1033263375507958,"The Star Sydney Poker",fixed,1,0,
4ec16dcd-19db-426c-8314-b4739cbeafaa_214767308577397_861803732653924,"The Star Sydney Poker",fixed,1,0,
bd7730a8-6a81-4ddf-a6c7-1d1a1c2a8f90_554057605040938_1277407593591183,"Poker Palace Australia",fixed,1,0,
4ec16dcd-19db-426c-8314-b4739cbeafaa_214767308577397_636564325177867,"The Star Sydney Poker",fixed,1,0,
4ec16dcd-19db-426c-8314-b4739cbeafaa_214767308577397_987234530110843,"The Star Sydney Poker",fixed,2,0,
4ec16dcd-19db-426c-8314-b4739cbeafaa_214767308577397_6210236489030419,"The Star Sydney Poker",fixed,1,0,
4ec16dcd-19db-426c-8314-b4739cbeafaa_214767308577397_859998282834469,"The Star Sydney Poker",fixed,1,0,
4ec16dcd-19db-426c-8314-b4739cbeafaa_214767308577397_1137892151711746,"The Star Sydney Poker",fixed,1,0,
4ec16dcd-19db-426c-8314-b4739cbeafaa_214767308577397_757102489790716,"The Star Sydney Poker",fixed,1,0,
4ec16dcd-19db-426c-8314-b4739cbeafaa_214767308577397_1235342368633390,"The Star Sydney Poker",fixed,1,0,
bd7730a8-6a81-4ddf-a6c7-1d1a1c2a8f90_554057605040938_1440155577316383,"Poker Palace Australia",fixed,1,0,
bd7730a8-6a81-4ddf-a6c7-1d1a1c2a8f90_554057605040938_1298712531460689,"Poker Palace Australia",fixed,1,0,
bd7730a8-6a81-4ddf-a6c7-1d1a1c2a8f90_554057605040938_1682756153056323,"Poker Palace Australia",fixed,1,0,
4ec16dcd-19db-426c-8314-b4739cbeafaa_214767308577397_1131530895681205,"The Star Sydney Poker",fixed,1,0,
bd7730a8-6a81-4ddf-a6c7-1d1a1c2a8f90_554057605040938_1549019839763289,"Poker Palace Australia",fixed,1,0,
bd7730a8-6a81-4ddf-a6c7-1d1a1c2a8f90_554057605040938_1330589001606375,"Poker Palace Australia",fixed,1,0,
4ec16dcd-19db-426c-8314-b4739cbeafaa_214767308577397_1106881791479449,"The Star Sydney Poker",fixed,1,0,
4ec16dcd-19db-426c-8314-b4739cbeafaa_214767308577397_696121555888810,"The Star Sydney Poker",fixed,1,0,
4ec16dcd-19db-426c-8314-b4739cbeafaa_214767308577397_5999881543399249,"The Star Sydney Poker",fixed,2,0,
4ec16dcd-19db-426c-8314-b4739cbeafaa_214767308577397_1195894085911552,"The Star Sydney Poker",fixed,1,0,
bd7730a8-6a81-4ddf-a6c7-1d1a1c2a8f90_554057605040938_1585310332800906,"Poker Palace Australia",fixed,1,0,
bd7730a8-6a81-4ddf-a6c7-1d1a1c2a8f90_554057605040938_1504721957526411,"Poker Palace Australia",fixed,1,0,
4ec16dcd-19db-426c-8314-b4739cbeafaa_214767308577397_980676174100012,"The Star Sydney Poker",fixed,1,0,
bd7730a8-6a81-4ddf-a6c7-1d1a1c2a8f90_554057605040938_1445969563401651,"Poker Palace Australia",fixed,1,0,
4ec16dcd-19db-426c-8314-b4739cbeafaa_214767308577397_1152159106951717,"The Star Sydney Poker",fixed,1,0,
bd7730a8-6a81-4ddf-a6c7-1d1a1c2a8f90_554057605040938_1305508550781087,"Poker Palace Australia",fixed,1,0,
bd7730a8-6a81-4ddf-a6c7-1d1a1c2a8f90_554057605040938_1406156414049633,"Poker Palace Australia",fixed,1,0,
bd7730a8-6a81-4ddf-a6c7-1d1a1c2a8f90_554057605040938_1632866338045305,"Poker Palace Australia",fixed,1,0,
4ec16dcd-19db-426c-8314-b4739cbeafaa_214767308577397_996967662470863,"The Star Sydney Poker",fixed,1,0,
bd7730a8-6a81-4ddf-a6c7-1d1a1c2a8f90_554057605040938_1265425761456033,"Poker Palace Australia",fixed,1,0,
bd7730a8-6a81-4ddf-a6c7-1d1a1c2a8f90_554057605040938_1590836078914998,"Poker Palace Australia",fixed,1,0,
bd7730a8-6a81-4ddf-a6c7-1d1a1c2a8f90_554057605040938_1251302286201714,"Poker Palace Australia",fixed,1,0,
bd7730a8-6a81-4ddf-a6c7-1d1a1c2a8f90_554057605040938_1241927513805858,"Poker Palace Australia",fixed,1,0,
bd7730a8-6a81-4ddf-a6c7-1d1a1c2a8f90_554057605040938_1577955026869770,"Poker Palace Australia",fixed,1,0,
4ec16dcd-19db-426c-8314-b4739cbeafaa_214767308577397_1118289683671993,"The Star Sydney Poker",fixed,1,0,
4ec16dcd-19db-426c-8314-b4739cbeafaa_214767308577397_861113496056281,"The Star Sydney Poker",fixed,1,0,
bd7730a8-6a81-4ddf-a6c7-1d1a1c2a8f90_554057605040938_1653232979341974,"Poker Palace Australia",fixed,1,0,
4ec16dcd-19db-426c-8314-b4739cbeafaa_214767308577397_1233835078784119,"The Star Sydney Poker",fixed,12,0,
bd7730a8-6a81-4ddf-a6c7-1d1a1c2a8f90_554057605040938_1274110557254220,"Poker Palace Australia",fixed,1,0,
bd7730a8-6a81-4ddf-a6c7-1d1a1c2a8f90_554057605040938_1340196457312296,"Poker Palace Australia",fixed,1,0,
bd7730a8-6a81-4ddf-a6c7-1d1a1c2a8f90_554057605040938_1444878936844047,"Poker Palace Australia",fixed,1,0,
4ec16dcd-19db-426c-8314-b4739cbeafaa_214767308577397_1094332632734365,"The Star Sydney Poker",fixed,1,0,
bd7730a8-6a81-4ddf-a6c7-1d1a1c2a8f90_554057605040938_1561152145216725,"Poker Palace Australia",fixed,1,0,
4ec16dcd-19db-426c-8314-b4739cbeafaa_214767308577397_6138474109539991,"The Star Sydney Poker",fixed,1,0,
bd7730a8-6a81-4ddf-a6c7-1d1a1c2a8f90_554057605040938_1452836469381627,"Poker Palace Australia",fixed,1,0,
4ec16dcd-19db-426c-8314-b4739cbeafaa_214767308577397_1252013350299625,"The Star Sydney Poker",fixed,1,0,
4ec16dcd-19db-426c-8314-b4739cbeafaa_214767308577397_777392631095035,"The Star Sydney Poker",fixed,1,0,
4ec16dcd-19db-426c-8314-b4739cbeafaa_214767308577397_5928001933920544,"The Star Sydney Poker",fixed,2,0,
4ec16dcd-19db-426c-8314-b4739cbeafaa_214767308577397_1230277565806537,"The Star Sydney Poker",fixed,1,0,
4ec16dcd-19db-426c-8314-b4739cbeafaa_214767308577397_699444098889889,"The Star Sydney Poker",fixed,1,0,
bd7730a8-6a81-4ddf-a6c7-1d1a1c2a8f90_554057605040938_1647842259881046,"Poker Palace Australia",fixed,1,0,
bd7730a8-6a81-4ddf-a6c7-1d1a1c2a8f90_554057605040938_1207063340625609,"Poker Palace Australia",fixed,1,0,
4ec16dcd-19db-426c-8314-b4739cbeafaa_214767308577397_5999497776770959,"The Star Sydney Poker",fixed,2,0,
4ec16dcd-19db-426c-8314-b4739cbeafaa_214767308577397_1116865110481117,"The Star Sydney Poker",fixed,2,0,
bd7730a8-6a81-4ddf-a6c7-1d1a1c2a8f90_554057605040938_1545594020105871,"Poker Palace Australia",fixed,1,0,
4ec16dcd-19db-426c-8314-b4739cbeafaa_214767308577397_1103797968454498,"The Star Sydney Poker",fixed,1,0,
4ec16dcd-19db-426c-8314-b4739cbeafaa_214767308577397_1155956416571986,"The Star Sydney Poker",fixed,1,0,
4ec16dcd-19db-426c-8314-b4739cbeafaa_214767308577397_5832482670139138,"The Star Sydney Poker",fixed,1,0,
bd7730a8-6a81-4ddf-a6c7-1d1a1c2a8f90_554057605040938_1341948433803765,"Poker Palace Australia",fixed,1,0,
4ec16dcd-19db-426c-8314-b4739cbeafaa_214767308577397_1123786473122314,"The Star Sydney Poker",fixed,1,0,
bd7730a8-6a81-4ddf-a6c7-1d1a1c2a8f90_554057605040938_1649304716401467,"Poker Palace Australia",fixed,1,0,
bd7730a8-6a81-4ddf-a6c7-1d1a1c2a8f90_554057605040938_1375463067118968,"Poker Palace Australia",fixed,1,0,
4ec16dcd-19db-426c-8314-b4739cbeafaa_214767308577397_985251120309184,"The Star Sydney Poker",fixed,3,0,
4ec16dcd-19db-426c-8314-b4739cbeafaa_214767308577397_1261171609383799,"The Star Sydney Poker",fixed,1,0,
bd7730a8-6a81-4ddf-a6c7-1d1a1c2a8f90_554057605040938_1515971529734787,"Poker Palace Australia",fixed,1,0,
bd7730a8-6a81-4ddf-a6c7-1d1a1c2a8f90_554057605040938_1409038437094764,"Poker Palace Australia",fixed,1,0,
4ec16dcd-19db-426c-8314-b4739cbeafaa_214767308577397_821924986641799,"The Star Sydney Poker",fixed,1,0,
4ec16dcd-19db-426c-8314-b4739cbeafaa_214767308577397_5999651730088897,"The Star Sydney Poker",fixed,1,0,
bd7730a8-6a81-4ddf-a6c7-1d1a1c2a8f90_554057605040938_1553428192655787,"Poker Palace Australia",fixed,1,0,
bd7730a8-6a81-4ddf-a6c7-1d1a1c2a8f90_554057605040938_1300310684634207,"Poker Palace Australia",fixed,1,0,
bd7730a8-6a81-4ddf-a6c7-1d1a1c2a8f90_554057605040938_1345851753413433,"Poker Palace Australia",fixed,1,0,
bd7730a8-6a81-4ddf-a6c7-1d1a1c2a8f90_554057605040938_1544962706835669,"Poker Palace Australia",fixed,1,0,
4ec16dcd-19db-426c-8314-b4739cbeafaa_214767308577397_1278080417692918,"The Star Sydney Poker",fixed,1,0,
bd7730a8-6a81-4ddf-a6c7-1d1a1c2a8f90_554057605040938_1343491976982744,"Poker Palace Australia",fixed,1,0,
4ec16dcd-19db-426c-8314-b4739cbeafaa_214767308577397_865825975585033,"The Star Sydney Poker",fixed,1,0,
4ec16dcd-19db-426c-8314-b4739cbeafaa_214767308577397_891611283006502,"The Star Sydney Poker",fixed,1,0,
bd7730a8-6a81-4ddf-a6c7-1d1a1c2a8f90_554057605040938_1644754053523200,"Poker Palace Australia",fixed,1,0,
4ec16dcd-19db-426c-8314-b4739cbeafaa_214767308577397_772415514926080,"The Star Sydney Poker",fixed,4,0,
bd7730a8-6a81-4ddf-a6c7-1d1a1c2a8f90_554057605040938_1461882208477053,"Poker Palace Australia",fixed,1,0,
bd7730a8-6a81-4ddf-a6c7-1d1a1c2a8f90_554057605040938_1260546911879502,"Poker Palace Australia",fixed,1,0,
4ec16dcd-19db-426c-8314-b4739cbeafaa_214767308577397_1231484332352527,"The Star Sydney Poker",fixed,1,0,
4ec16dcd-19db-426c-8314-b4739cbeafaa_214767308577397_1218718093629151,"The Star Sydney Poker",fixed,1,0,
4ec16dcd-19db-426c-8314-b4739cbeafaa_214767308577397_866215128879451,"The Star Sydney Poker",fixed,1,0,
4ec16dcd-19db-426c-8314-b4739cbeafaa_214767308577397_6066432090077527,"The Star Sydney Poker",fixed,2,0,
4ec16dcd-19db-426c-8314-b4739cbeafaa_214767308577397_805399714960993,"The Star Sydney Poker",fixed,1,0,
bd7730a8-6a81-4ddf-a6c7-1d1a1c2a8f90_554057605040938_1245825563416053,"Poker Palace Australia",fixed,1,0,
4ec16dcd-19db-426c-8314-b4739cbeafaa_214767308577397_985825256918437,"The Star Sydney Poker",fixed,1,0,
5a94c0cc-6a42-4d23-b8a2-fa2ad7c07828_112289674918260_121022227391655,"Kings Room",fixed,12,0,
bd7730a8-6a81-4ddf-a6c7-1d1a1c2a8f90_554057605040938_1607025050629434,"Poker Palace Australia",fixed,1,0,
bd7730a8-6a81-4ddf-a6c7-1d1a1c2a8f90_554057605040938_1597512791580660,"Poker Palace Australia",fixed,1,0,
4ec16dcd-19db-426c-8314-b4739cbeafaa_214767308577397_1213868394114121,"The Star Sydney Poker",fixed,5,0,
bd7730a8-6a81-4ddf-a6c7-1d1a1c2a8f90_554057605040938_1628688031796469,"Poker Palace Australia",fixed,1,0,
bd7730a8-6a81-4ddf-a6c7-1d1a1c2a8f90_554057605040938_1519839879347952,"Poker Palace Australia",fixed,1,0,
4ec16dcd-19db-426c-8314-b4739cbeafaa_214767308577397_760794159421549,"The Star Sydney Poker",fixed,1,0,
bd7730a8-6a81-4ddf-a6c7-1d1a1c2a8f90_554057605040938_1483549316310342,"Poker Palace Australia",fixed,1,0,
bd7730a8-6a81-4ddf-a6c7-1d1a1c2a8f90_554057605040938_1679508743381064,"Poker Palace Australia",fixed,1,0,
4ec16dcd-19db-426c-8314-b4739cbeafaa_214767308577397_1232801132220847,"The Star Sydney Poker",fixed,4,0,
bd7730a8-6a81-4ddf-a6c7-1d1a1c2a8f90_554057605040938_1248706363127973,"Poker Palace Australia",fixed,1,0,
4ec16dcd-19db-426c-8314-b4739cbeafaa_214767308577397_859683309532633,"The Star Sydney Poker",fixed,1,0,
bd7730a8-6a81-4ddf-a6c7-1d1a1c2a8f90_554057605040938_1241519383846671,"Poker Palace Australia",fixed,1,0,
4ec16dcd-19db-426c-8314-b4739cbeafaa_214767308577397_901321815368782,"The Star Sydney Poker",fixed,1,0,
4ec16dcd-19db-426c-8314-b4739cbeafaa_214767308577397_1384444652224101,"The Star Sydney Poker",fixed,1,0,
bd7730a8-6a81-4ddf-a6c7-1d1a1c2a8f90_554057605040938_1405780597420548,"Poker Palace Australia",fixed,1,0,
4ec16dcd-19db-426c-8314-b4739cbeafaa_214767308577397_991593259674970,"The Star Sydney Poker",fixed,1,0,
4ec16dcd-19db-426c-8314-b4739cbeafaa_214767308577397_988039330030363,"The Star Sydney Poker",fixed,1,0,
4ec16dcd-19db-426c-8314-b4739cbeafaa_214767308577397_984487930385503,"The Star Sydney Poker",fixed,1,0,
4ec16dcd-19db-426c-8314-b4739cbeafaa_214767308577397_716926690474963,"The Star Sydney Poker",fixed,1,0,
bd7730a8-6a81-4ddf-a6c7-1d1a1c2a8f90_554057605040938_1220730705925539,"Poker Palace Australia",fixed,1,0,
4ec16dcd-19db-426c-8314-b4739cbeafaa_214767308577397_1133086218859006,"The Star Sydney Poker",fixed,1,0,
5a94c0cc-6a42-4d23-b8a2-fa2ad7c07828_112289674918260_866134632880407,"Kings Room",fixed,1,0,
bd7730a8-6a81-4ddf-a6c7-1d1a1c2a8f90_554057605040938_1268861827779093,"Poker Palace Australia",fixed,1,0,
4ec16dcd-19db-426c-8314-b4739cbeafaa_214767308577397_999204668913829,"The Star Sydney Poker",fixed,1,0,
4ec16dcd-19db-426c-8314-b4739cbeafaa_214767308577397_1129243949243233,"The Star Sydney Poker",fixed,1,0,
4ec16dcd-19db-426c-8314-b4739cbeafaa_214767308577397_733525402148425,"The Star Sydney Poker",fixed,1,0,
bd7730a8-6a81-4ddf-a6c7-1d1a1c2a8f90_554057605040938_1542929203705686,"Poker Palace Australia",fixed,1,0,
4ec16dcd-19db-426c-8314-b4739cbeafaa_214767308577397_773112221523076,"The Star Sydney Poker",fixed,1,0,
bd7730a8-6a81-4ddf-a6c7-1d1a1c2a8f90_554057605040938_1346970813301527,"Poker Palace Australia",fixed,1,0,
4ec16dcd-19db-426c-8314-b4739cbeafaa_214767308577397_732989195535379,"The Star Sydney Poker",fixed,1,0,
4ec16dcd-19db-426c-8314-b4739cbeafaa_214767308577397_979101450924151,"The Star Sydney Poker",fixed,1,0,
4ec16dcd-19db-426c-8314-b4739cbeafaa_214767308577397_1276570587843901,"The Star Sydney Poker",fixed,1,0,
4ec16dcd-19db-426c-8314-b4739cbeafaa_214767308577397_984963297004633,"The Star Sydney Poker",fixed,1,0,
4ec16dcd-19db-426c-8314-b4739cbeafaa_214767308577397_5966440850076652,"The Star Sydney Poker",fixed,1,0,
bd7730a8-6a81-4ddf-a6c7-1d1a1c2a8f90_554057605040938_1339057934092815,"Poker Palace Australia",fixed,1,0,
bd7730a8-6a81-4ddf-a6c7-1d1a1c2a8f90_554057605040938_1296762974988978,"Poker Palace Australia",fixed,1,0,
4ec16dcd-19db-426c-8314-b4739cbeafaa_214767308577397_1214869064014054,"The Star Sydney Poker",fixed,1,0,
4ec16dcd-19db-426c-8314-b4739cbeafaa_214767308577397_1261902892644004,"The Star Sydney Poker",fixed,1,0,
4ec16dcd-19db-426c-8314-b4739cbeafaa_214767308577397_1229573685876925,"The Star Sydney Poker",fixed,2,0,
4ec16dcd-19db-426c-8314-b4739cbeafaa_214767308577397_5614580915262649,"The Star Sydney Poker",fixed,1,0,
4ec16dcd-19db-426c-8314-b4739cbeafaa_214767308577397_1294463269387966,"The Star Sydney Poker",fixed,1,0,
bd7730a8-6a81-4ddf-a6c7-1d1a1c2a8f90_554057605040938_1457704535561487,"Poker Palace Australia",fixed,1,0,
4ec16dcd-19db-426c-8314-b4739cbeafaa_214767308577397_755377236629908,"The Star Sydney Poker",fixed,1,0,
4ec16dcd-19db-426c-8314-b4739cbeafaa_214767308577397_1177235494444078,"The Star Sydney Poker",fixed,1,0,
4ec16dcd-19db-426c-8314-b4739cbeafaa_214767308577397_755378359963129,"The Star Sydney Poker",fixed,1,0,
4ec16dcd-19db-426c-8314-b4739cbeafaa_214767308577397_861937202640577,"The Star Sydney Poker",fixed,3,0,
4ec16dcd-19db-426c-8314-b4739cbeafaa_214767308577397_1123859826448312,"The Star Sydney Poker",fixed,1,0,
4ec16dcd-19db-426c-8314-b4739cbeafaa_214767308577397_6046442508743152,"The Star Sydney Poker",fixed,1,0,
bd7730a8-6a81-4ddf-a6c7-1d1a1c2a8f90_554057605040938_1472168220781785,"Poker Palace Australia",fixed,1,0,
bd7730a8-6a81-4ddf-a6c7-1d1a1c2a8f90_554057605040938_1539522900712983,"Poker Palace Australia",fixed,1,0,
4ec16dcd-19db-426c-8314-b4739cbeafaa_214767308577397_695642809270018,"The Star Sydney Poker",fixed,1,0,
4ec16dcd-19db-426c-8314-b4739cbeafaa_214767308577397_1170869178414043,"The Star Sydney Poker",fixed,1,0,
bd7730a8-6a81-4ddf-a6c7-1d1a1c2a8f90_554057605040938_1558462088819064,"Poker Palace Australia",fixed,1,0,
4ec16dcd-19db-426c-8314-b4739cbeafaa_214767308577397_1124054946428800,"The Star Sydney Poker",fixed,1,0,
4ec16dcd-19db-426c-8314-b4739cbeafaa_214767308577397_696609042506728,"The Star Sydney Poker",fixed,1,0,
4ec16dcd-19db-426c-8314-b4739cbeafaa_214767308577397_1124726326361662,"The Star Sydney Poker",fixed,1,0,
bd7730a8-6a81-4ddf-a6c7-1d1a1c2a8f90_554057605040938_1336581167673825,"Poker Palace Australia",fixed,1,0,
4ec16dcd-19db-426c-8314-b4739cbeafaa_214767308577397_737874068380225,"The Star Sydney Poker",fixed,1,0,
bd7730a8-6a81-4ddf-a6c7-1d1a1c2a8f90_554057605040938_1299013338097275,"Poker Palace Australia",fixed,1,0,
4ec16dcd-19db-426c-8314-b4739cbeafaa_214767308577397_741888137978818,"The Star Sydney Poker",fixed,1,0,
bd7730a8-6a81-4ddf-a6c7-1d1a1c2a8f90_554057605040938_1285734289425180,"Poker Palace Australia",fixed,1,0,
bd7730a8-6a81-4ddf-a6c7-1d1a1c2a8f90_554057605040938_1273422900656319,"Poker Palace Australia",fixed,1,0,
4ec16dcd-19db-426c-8314-b4739cbeafaa_214767308577397_1234778625356431,"The Star Sydney Poker",fixed,2,0,
4ec16dcd-19db-426c-8314-b4739cbeafaa_214767308577397_1226027419564885,"The Star Sydney Poker",fixed,1,0,
4ec16dcd-19db-426c-8314-b4739cbeafaa_214767308577397_5632880973432643,"The Star Sydney Poker",fixed,2,0,
4ec16dcd-19db-426c-8314-b4739cbeafaa_214767308577397_1234087365425557,"The Star Sydney Poker",fixed,1,0,
4ec16dcd-19db-426c-8314-b4739cbeafaa_214767308577397_1227461056088188,"The Star Sydney Poker",fixed,1,0,
4ec16dcd-19db-426c-8314-b4739cbeafaa_214767308577397_1191075236393437,"The Star Sydney Poker",fixed,1,0,
4ec16dcd-19db-426c-8314-b4739cbeafaa_214767308577397_1225841489583478,"The Star Sydney Poker",fixed,2,0,
bd7730a8-6a81-4ddf-a6c7-1d1a1c2a8f90_554057605040938_1248157296516213,"Poker Palace Australia",fixed,1,0,
4ec16dcd-19db-426c-8314-b4739cbeafaa_214767308577397_5652361531484587,"The Star Sydney Poker",fixed,1,0,
bd7730a8-6a81-4ddf-a6c7-1d1a1c2a8f90_554057605040938_1663576214974317,"Poker Palace Australia",fixed,1,0,
bd7730a8-6a81-4ddf-a6c7-1d1a1c2a8f90_554057605040938_1308468300485112,"Poker Palace Australia",fixed,1,0,
bd7730a8-6a81-4ddf-a6c7-1d1a1c2a8f90_554057605040938_1356856542312954,"Poker Palace Australia",fixed,1,0,
bd7730a8-6a81-4ddf-a6c7-1d1a1c2a8f90_554057605040938_1329892638342678,"Poker Palace Australia",fixed,1,0,
bd7730a8-6a81-4ddf-a6c7-1d1a1c2a8f90_554057605040938_1529301861735087,"Poker Palace Australia",fixed,1,0,
4ec16dcd-19db-426c-8314-b4739cbeafaa_214767308577397_813230687511229,"The Star Sydney Poker",fixed,1,0,
bd7730a8-6a81-4ddf-a6c7-1d1a1c2a8f90_554057605040938_1588849582446981,"Poker Palace Australia",fixed,1,0,
FACEBOOK_112289674918260_851878970972640,"Kings Room",pending,0,1,
4ec16dcd-19db-426c-8314-b4739cbeafaa_214767308577397_6233214040065997,"The Star Sydney Poker",fixed,1,0,
bd7730a8-6a81-4ddf-a6c7-1d1a1c2a8f90_554057605040938_1571843597480913,"Poker Palace Australia",fixed,1,0,
bd7730a8-6a81-4ddf-a6c7-1d1a1c2a8f90_554057605040938_1541224933876113,"Poker Palace Australia",fixed,1,0,
4ec16dcd-19db-426c-8314-b4739cbeafaa_214767308577397_5635135149873892,"The Star Sydney Poker",fixed,2,0,
4ec16dcd-19db-426c-8314-b4739cbeafaa_214767308577397_1229226039245023,"The Star Sydney Poker",fixed,3,0,
bd7730a8-6a81-4ddf-a6c7-1d1a1c2a8f90_554057605040938_1487276102604330,"Poker Palace Australia",fixed,1,0,
4ec16dcd-19db-426c-8314-b4739cbeafaa_214767308577397_664267329074233,"The Star Sydney Poker",fixed,1,0,
bd7730a8-6a81-4ddf-a6c7-1d1a1c2a8f90_554057605040938_1404603354204939,"Poker Palace Australia",fixed,1,0,
4ec16dcd-19db-426c-8314-b4739cbeafaa_214767308577397_863077872526510,"The Star Sydney Poker",fixed,12,0,
bd7730a8-6a81-4ddf-a6c7-1d1a1c2a8f90_554057605040938_1328387011826574,"Poker Palace Australia",fixed,1,0,
4ec16dcd-19db-426c-8314-b4739cbeafaa_214767308577397_1225018889665738,"The Star Sydney Poker",fixed,1,0,
bd7730a8-6a81-4ddf-a6c7-1d1a1c2a8f90_554057605040938_1412999890031952,"Poker Palace Australia",fixed,1,0,
4ec16dcd-19db-426c-8314-b4739cbeafaa_214767308577397_1223198606514433,"The Star Sydney Poker",fixed,1,0,
4ec16dcd-19db-426c-8314-b4739cbeafaa_214767308577397_1233797518787875,"The Star Sydney Poker",fixed,1,0,
4ec16dcd-19db-426c-8314-b4739cbeafaa_214767308577397_1105187541648874,"The Star Sydney Poker",fixed,1,0,
bd7730a8-6a81-4ddf-a6c7-1d1a1c2a8f90_554057605040938_1530187914979815,"Poker Palace Australia",fixed,1,0,
bd7730a8-6a81-4ddf-a6c7-1d1a1c2a8f90_554057605040938_1587915832540356,"Poker Palace Australia",fixed,1,0,
bd7730a8-6a81-4ddf-a6c7-1d1a1c2a8f90_554057605040938_1251911832807426,"Poker Palace Australia",fixed,1,0,
bd7730a8-6a81-4ddf-a6c7-1d1a1c2a8f90_554057605040938_1642128120452460,"Poker Palace Australia",fixed,1,0,
bd7730a8-6a81-4ddf-a6c7-1d1a1c2a8f90_554057605040938_1327581225240486,"Poker Palace Australia",fixed,1,0,
4ec16dcd-19db-426c-8314-b4739cbeafaa_214767308577397_1224922133008747,"The Star Sydney Poker",fixed,1,0,
bd7730a8-6a81-4ddf-a6c7-1d1a1c2a8f90_554057605040938_1433173898014551,"Poker Palace Australia",fixed,1,0,
5a94c0cc-6a42-4d23-b8a2-fa2ad7c07828_112289674918260_125532293607315,"Kings Room",fixed,1,0,
4ec16dcd-19db-426c-8314-b4739cbeafaa_214767308577397_990316039802692,"The Star Sydney Poker",fixed,1,0,
bd7730a8-6a81-4ddf-a6c7-1d1a1c2a8f90_554057605040938_1305158880816054,"Poker Palace Australia",fixed,1,0,
bd7730a8-6a81-4ddf-a6c7-1d1a1c2a8f90_554057605040938_1359099332088675,"Poker Palace Australia",fixed,1,0,
4ec16dcd-19db-426c-8314-b4739cbeafaa_214767308577397_1281576907343269,"The Star Sydney Poker",fixed,1,0,
bd7730a8-6a81-4ddf-a6c7-1d1a1c2a8f90_554057605040938_1647755243223081,"Poker Palace Australia",fixed,1,0,
4ec16dcd-19db-426c-8314-b4739cbeafaa_214767308577397_821928943308070,"The Star Sydney Poker",fixed,1,0,
4ec16dcd-19db-426c-8314-b4739cbeafaa_214767308577397_1225046386329655,"The Star Sydney Poker",fixed,1,0,
bd7730a8-6a81-4ddf-a6c7-1d1a1c2a8f90_554057605040938_1208973990434544,"Poker Palace Australia",fixed,1,0,
4ec16dcd-19db-426c-8314-b4739cbeafaa_214767308577397_6210492119004856,"The Star Sydney Poker",fixed,1,0,
bd7730a8-6a81-4ddf-a6c7-1d1a1c2a8f90_554057605040938_1496620455003228,"Poker Palace Australia",fixed,1,0,
4ec16dcd-19db-426c-8314-b4739cbeafaa_214767308577397_812683180899313,"The Star Sydney Poker",fixed,1,0,
4ec16dcd-19db-426c-8314-b4739cbeafaa_214767308577397_755369146630717,"The Star Sydney Poker",fixed,1,0,
4ec16dcd-19db-426c-8314-b4739cbeafaa_214767308577397_985901663577463,"The Star Sydney Poker",fixed,2,0,
4ec16dcd-19db-426c-8314-b4739cbeafaa_214767308577397_1130738042427157,"The Star Sydney Poker",fixed,1,0,
5a94c0cc-6a42-4d23-b8a2-fa2ad7c07828_112289674918260_859906333503237,"Kings Room",pending,0,1,
4ec16dcd-19db-426c-8314-b4739cbeafaa_214767308577397_1218763506957943,"The Star Sydney Poker",fixed,1,0,
4ec16dcd-19db-426c-8314-b4739cbeafaa_214767308577397_857808303053467,"The Star Sydney Poker",fixed,1,0,
bd7730a8-6a81-4ddf-a6c7-1d1a1c2a8f90_554057605040938_1437070397624901,"Poker Palace Australia",fixed,1,0,
bd7730a8-6a81-4ddf-a6c7-1d1a1c2a8f90_554057605040938_1362787995053142,"Poker Palace Australia",fixed,1,0,
bd7730a8-6a81-4ddf-a6c7-1d1a1c2a8f90_554057605040938_1197348028263807,"Poker Palace Australia",fixed,1,0,
4ec16dcd-19db-426c-8314-b4739cbeafaa_214767308577397_6023211257732944,"The Star Sydney Poker",fixed,2,0,
bd7730a8-6a81-4ddf-a6c7-1d1a1c2a8f90_554057605040938_1518917956106811,"Poker Palace Australia",fixed,1,0,
bd7730a8-6a81-4ddf-a6c7-1d1a1c2a8f90_554057605040938_1204272180904725,"Poker Palace Australia",fixed,1,0,
bd7730a8-6a81-4ddf-a6c7-1d1a1c2a8f90_554057605040938_1529318538400086,"Poker Palace Australia",fixed,1,0,
4ec16dcd-19db-426c-8314-b4739cbeafaa_214767308577397_1226818336152460,"The Star Sydney Poker",fixed,1,0,
4ec16dcd-19db-426c-8314-b4739cbeafaa_214767308577397_1125971452903816,"The Star Sydney Poker",fixed,1,0,
bd7730a8-6a81-4ddf-a6c7-1d1a1c2a8f90_554057605040938_1652715522727053,"Poker Palace Australia",fixed,1,0,
4ec16dcd-19db-426c-8314-b4739cbeafaa_214767308577397_1099418005559161,"The Star Sydney Poker",fixed,1,0,
4ec16dcd-19db-426c-8314-b4739cbeafaa_214767308577397_1052237746943854,"The Star Sydney Poker",fixed,1,0,
bd7730a8-6a81-4ddf-a6c7-1d1a1c2a8f90_554057605040938_1271964707468805,"Poker Palace Australia",fixed,1,0,
bd7730a8-6a81-4ddf-a6c7-1d1a1c2a8f90_554057605040938_1567998657865407,"Poker Palace Australia",fixed,1,0,
4ec16dcd-19db-426c-8314-b4739cbeafaa_214767308577397_1128403695993925,"The Star Sydney Poker",fixed,1,0,
5a94c0cc-6a42-4d23-b8a2-fa2ad7c07828_112289674918260_125505096943368,"Kings Room",fixed,12,0,
bd7730a8-6a81-4ddf-a6c7-1d1a1c2a8f90_554057605040938_1321547519177190,"Poker Palace Australia",fixed,1,0,
4ec16dcd-19db-426c-8314-b4739cbeafaa_214767308577397_5912260098828061,"The Star Sydney Poker",fixed,2,0,
4ec16dcd-19db-426c-8314-b4739cbeafaa_214767308577397_5807919712595434,"The Star Sydney Poker",fixed,1,0,
4ec16dcd-19db-426c-8314-b4739cbeafaa_214767308577397_1228403025993991,"The Star Sydney Poker",fixed,1,0,
bd7730a8-6a81-4ddf-a6c7-1d1a1c2a8f90_554057605040938_1600463587952247,"Poker Palace Australia",fixed,1,0,
bd7730a8-6a81-4ddf-a6c7-1d1a1c2a8f90_554057605040938_1377057956959479,"Poker Palace Australia",fixed,1,0,
bd7730a8-6a81-4ddf-a6c7-1d1a1c2a8f90_554057605040938_1629230428408896,"Poker Palace Australia",fixed,1,0,
bd7730a8-6a81-4ddf-a6c7-1d1a1c2a8f90_554057605040938_1662438098421462,"Poker Palace Australia",fixed,1,0,
4ec16dcd-19db-426c-8314-b4739cbeafaa_214767308577397_990948319739464,"The Star Sydney Poker",fixed,2,0,
bd7730a8-6a81-4ddf-a6c7-1d1a1c2a8f90_554057605040938_1623739688957970,"Poker Palace Australia",fixed,1,0,
4ec16dcd-19db-426c-8314-b4739cbeafaa_214767308577397_761423572691941,"The Star Sydney Poker",fixed,1,0,
bd7730a8-6a81-4ddf-a6c7-1d1a1c2a8f90_554057605040938_1372514200747188,"Poker Palace Australia",fixed,1,0,
4ec16dcd-19db-426c-8314-b4739cbeafaa_214767308577397_1327995669368059,"The Star Sydney Poker",fixed,1,0,
4ec16dcd-19db-426c-8314-b4739cbeafaa_214767308577397_813259757508322,"The Star Sydney Poker",fixed,1,0,
bd7730a8-6a81-4ddf-a6c7-1d1a1c2a8f90_554057605040938_1612179806780625,"Poker Palace Australia",fixed,1,0,
4ec16dcd-19db-426c-8314-b4739cbeafaa_214767308577397_1113524327481862,"The Star Sydney Poker",fixed,1,0,
bd7730a8-6a81-4ddf-a6c7-1d1a1c2a8f90_554057605040938_1205005747498035,"Poker Palace Australia",fixed,1,0,
bd7730a8-6a81-4ddf-a6c7-1d1a1c2a8f90_554057605040938_1407845227214085,"Poker Palace Australia",fixed,1,0,
4ec16dcd-19db-426c-8314-b4739cbeafaa_214767308577397_5999063540147716,"The Star Sydney Poker",fixed,1,0,
4ec16dcd-19db-426c-8314-b4739cbeafaa_214767308577397_1224735749694052,"The Star Sydney Poker",fixed,1,0,
4ec16dcd-19db-426c-8314-b4739cbeafaa_214767308577397_974027691431527,"The Star Sydney Poker",fixed,1,0,
bd7730a8-6a81-4ddf-a6c7-1d1a1c2a8f90_554057605040938_1516926616305945,"Poker Palace Australia",fixed,1,0,
4ec16dcd-19db-426c-8314-b4739cbeafaa_214767308577397_6106993459354723,"The Star Sydney Poker",fixed,1,0,
bd7730a8-6a81-4ddf-a6c7-1d1a1c2a8f90_554057605040938_1412880606710547,"Poker Palace Australia",fixed,1,0,
4ec16dcd-19db-426c-8314-b4739cbeafaa_214767308577397_1205745751593052,"The Star Sydney Poker",fixed,1,0,
4ec16dcd-19db-426c-8314-b4739cbeafaa_214767308577397_1230147712486189,"The Star Sydney Poker",fixed,4,0,
bd7730a8-6a81-4ddf-a6c7-1d1a1c2a8f90_554057605040938_1584475152884424,"Poker Palace Australia",fixed,1,0,
bd7730a8-6a81-4ddf-a6c7-1d1a1c2a8f90_554057605040938_1470142200984387,"Poker Palace Australia",fixed,1,0,
4ec16dcd-19db-426c-8314-b4739cbeafaa_214767308577397_5736488429738563,"The Star Sydney Poker",fixed,2,0,
bd7730a8-6a81-4ddf-a6c7-1d1a1c2a8f90_554057605040938_1576155560383050,"Poker Palace Australia",fixed,1,0,
4ec16dcd-19db-426c-8314-b4739cbeafaa_214767308577397_985687896932173,"The Star Sydney Poker",fixed,1,0,
bd7730a8-6a81-4ddf-a6c7-1d1a1c2a8f90_554057605040938_1536125414386065,"Poker Palace Australia",fixed,1,0,
4ec16dcd-19db-426c-8314-b4739cbeafaa_214767308577397_968797485287881,"The Star Sydney Poker",fixed,1,0,
bd7730a8-6a81-4ddf-a6c7-1d1a1c2a8f90_554057605040938_1249438299721446,"Poker Palace Australia",fixed,1,0,
4ec16dcd-19db-426c-8314-b4739cbeafaa_214767308577397_656842669816699,"The Star Sydney Poker",fixed,1,0,
bd7730a8-6a81-4ddf-a6c7-1d1a1c2a8f90_554057605040938_1519803122684961,"Poker Palace Australia",fixed,1,0,
5a94c0cc-6a42-4d23-b8a2-fa2ad7c07828_112289674918260_126293403531204,"Kings Room",fixed,1,0,
4ec16dcd-19db-426c-8314-b4739cbeafaa_214767308577397_1230552559112371,"The Star Sydney Poker",fixed,1,0,
4ec16dcd-19db-426c-8314-b4739cbeafaa_214767308577397_687047170129582,"The Star Sydney Poker",fixed,6,0,
4ec16dcd-19db-426c-8314-b4739cbeafaa_214767308577397_1132279072273054,"The Star Sydney Poker",fixed,1,0,
4ec16dcd-19db-426c-8314-b4739cbeafaa_214767308577397_1129172002583761,"The Star Sydney Poker",fixed,1,0,
bd7730a8-6a81-4ddf-a6c7-1d1a1c2a8f90_554057605040938_1387551155910159,"Poker Palace Australia",fixed,1,0,
bd7730a8-6a81-4ddf-a6c7-1d1a1c2a8f90_554057605040938_1684360926229179,"Poker Palace Australia",fixed,1,0,
4ec16dcd-19db-426c-8314-b4739cbeafaa_214767308577397_1127721359395492,"The Star Sydney Poker",fixed,1,0,
bd7730a8-6a81-4ddf-a6c7-1d1a1c2a8f90_554057605040938_1201585231173420,"Poker Palace Australia",fixed,1,0,
4ec16dcd-19db-426c-8314-b4739cbeafaa_214767308577397_5637611229626284,"The Star Sydney Poker",fixed,1,0,
4ec16dcd-19db-426c-8314-b4739cbeafaa_214767308577397_1127671706067124,"The Star Sydney Poker",fixed,1,0,
bd7730a8-6a81-4ddf-a6c7-1d1a1c2a8f90_554057605040938_1248859543112655,"Poker Palace Australia",fixed,1,0,
4ec16dcd-19db-426c-8314-b4739cbeafaa_214767308577397_5671985316188875,"The Star Sydney Poker",fixed,2,0,
4ec16dcd-19db-426c-8314-b4739cbeafaa_214767308577397_965030332331263,"The Star Sydney Poker",fixed,1,0,
bd7730a8-6a81-4ddf-a6c7-1d1a1c2a8f90_554057605040938_1357597395572202,"Poker Palace Australia",fixed,1,0,
4ec16dcd-19db-426c-8314-b4739cbeafaa_214767308577397_1231411882359772,"The Star Sydney Poker",fixed,5,0,
4ec16dcd-19db-426c-8314-b4739cbeafaa_214767308577397_990335436467419,"The Star Sydney Poker",fixed,1,0,
4ec16dcd-19db-426c-8314-b4739cbeafaa_214767308577397_1131703042330657,"The Star Sydney Poker",fixed,1,0,
4ec16dcd-19db-426c-8314-b4739cbeafaa_214767308577397_1227369766097317,"The Star Sydney Poker",fixed,2,0,
4ec16dcd-19db-426c-8314-b4739cbeafaa_214767308577397_783293590504939,"The Star Sydney Poker",fixed,1,0,
bd7730a8-6a81-4ddf-a6c7-1d1a1c2a8f90_554057605040938_1536090281056245,"Poker Palace Australia",fixed,1,0,
bd7730a8-6a81-4ddf-a6c7-1d1a1c2a8f90_554057605040938_1650142596317679,"Poker Palace Australia",fixed,1,0,
bd7730a8-6a81-4ddf-a6c7-1d1a1c2a8f90_554057605040938_1483903259608281,"Poker Palace Australia",fixed,1,0,
4ec16dcd-19db-426c-8314-b4739cbeafaa_214767308577397_1217909127043381,"The Star Sydney Poker",fixed,1,0,
4ec16dcd-19db-426c-8314-b4739cbeafaa_214767308577397_744316567735975,"The Star Sydney Poker",fixed,1,0,
4ec16dcd-19db-426c-8314-b4739cbeafaa_214767308577397_983085573859072,"The Star Sydney Poker",fixed,1,0,
bd7730a8-6a81-4ddf-a6c7-1d1a1c2a8f90_554057605040938_1286073742724568,"Poker Palace Australia",fixed,1,0,
bd7730a8-6a81-4ddf-a6c7-1d1a1c2a8f90_554057605040938_1678632413468697,"Poker Palace Australia",fixed,1,0,
bd7730a8-6a81-4ddf-a6c7-1d1a1c2a8f90_554057605040938_1595867275078545,"Poker Palace Australia",fixed,1,0,
5a94c0cc-6a42-4d23-b8a2-fa2ad7c07828_112289674918260_863080073185863,"Kings Room",pending,0,1,
4ec16dcd-19db-426c-8314-b4739cbeafaa_214767308577397_5736846693036070,"The Star Sydney Poker",fixed,2,0,
bd7730a8-6a81-4ddf-a6c7-1d1a1c2a8f90_554057605040938_1674864437178828,"Poker Palace Australia",fixed,1,0,
4ec16dcd-19db-426c-8314-b4739cbeafaa_214767308577397_1227676902733270,"The Star Sydney Poker",fixed,4,0,
bd7730a8-6a81-4ddf-a6c7-1d1a1c2a8f90_554057605040938_1574688193863120,"Poker Palace Australia",fixed,1,0,
bd7730a8-6a81-4ddf-a6c7-1d1a1c2a8f90_554057605040938_1678192633512675,"Poker Palace Australia",fixed,1,0,
4ec16dcd-19db-426c-8314-b4739cbeafaa_214767308577397_1132476872253274,"The Star Sydney Poker",fixed,1,0,
bd7730a8-6a81-4ddf-a6c7-1d1a1c2a8f90_554057605040938_1581518153180124,"Poker Palace Australia",fixed,1,0,
bd7730a8-6a81-4ddf-a6c7-1d1a1c2a8f90_554057605040938_1572676527397620,"Poker Palace Australia",fixed,1,0,
bd7730a8-6a81-4ddf-a6c7-1d1a1c2a8f90_554057605040938_1200050061326937,"Poker Palace Australia",fixed,1,0,
bd7730a8-6a81-4ddf-a6c7-1d1a1c2a8f90_554057605040938_1425249972140277,"Poker Palace Australia",fixed,1,0,
4ec16dcd-19db-426c-8314-b4739cbeafaa_214767308577397_773056904861941,"The Star Sydney Poker",fixed,1,0,
4ec16dcd-19db-426c-8314-b4739cbeafaa_214767308577397_1127600306074264,"The Star Sydney Poker",fixed,1,0,
4ec16dcd-19db-426c-8314-b4739cbeafaa_214767308577397_5934292933291444,"The Star Sydney Poker",fixed,2,0,
bd7730a8-6a81-4ddf-a6c7-1d1a1c2a8f90_554057605040938_668681006056695,"Poker Palace Australia",fixed,1,0,
bd7730a8-6a81-4ddf-a6c7-1d1a1c2a8f90_554057605040938_1481275716537702,"Poker Palace Australia",fixed,1,0,
4ec16dcd-19db-426c-8314-b4739cbeafaa_214767308577397_740866221414343,"The Star Sydney Poker",fixed,1,0,
4ec16dcd-19db-426c-8314-b4739cbeafaa_214767308577397_6052914841429252,"The Star Sydney Poker",fixed,2,0,
4ec16dcd-19db-426c-8314-b4739cbeafaa_214767308577397_1123758329791795,"The Star Sydney Poker",fixed,1,0,
4ec16dcd-19db-426c-8314-b4739cbeafaa_214767308577397_674816181352681,"The Star Sydney Poker",fixed,1,0,
4ec16dcd-19db-426c-8314-b4739cbeafaa_214767308577397_1301357445365215,"The Star Sydney Poker",fixed,1,0,
4ec16dcd-19db-426c-8314-b4739cbeafaa_214767308577397_755366836630948,"The Star Sydney Poker",fixed,1,0,
4ec16dcd-19db-426c-8314-b4739cbeafaa_214767308577397_1225694302931530,"The Star Sydney Poker",fixed,1,0,
4ec16dcd-19db-426c-8314-b4739cbeafaa_214767308577397_1279743820859911,"The Star Sydney Poker",fixed,1,0,
4ec16dcd-19db-426c-8314-b4739cbeafaa_214767308577397_6012165208837549,"The Star Sydney Poker",fixed,1,0,
4ec16dcd-19db-426c-8314-b4739cbeafaa_214767308577397_859753049525659,"The Star Sydney Poker",fixed,1,0,
bd7730a8-6a81-4ddf-a6c7-1d1a1c2a8f90_554057605040938_1661646608500611,"Poker Palace Australia",fixed,1,0,
bd7730a8-6a81-4ddf-a6c7-1d1a1c2a8f90_554057605040938_1306317780700164,"Poker Palace Australia",fixed,1,0,
bd7730a8-6a81-4ddf-a6c7-1d1a1c2a8f90_554057605040938_1397306078268000,"Poker Palace Australia",fixed,1,0,
4ec16dcd-19db-426c-8314-b4739cbeafaa_214767308577397_854832676684363,"The Star Sydney Poker",fixed,1,0,
4ec16dcd-19db-426c-8314-b4739cbeafaa_214767308577397_1228598092641151,"The Star Sydney Poker",fixed,1,0,
4ec16dcd-19db-426c-8314-b4739cbeafaa_214767308577397_861078936059737,"The Star Sydney Poker",fixed,1,0,
bd7730a8-6a81-4ddf-a6c7-1d1a1c2a8f90_554057605040938_1643788100286462,"Poker Palace Australia",fixed,1,0,
4ec16dcd-19db-426c-8314-b4739cbeafaa_214767308577397_673753228125643,"The Star Sydney Poker",fixed,1,0,
5a94c0cc-6a42-4d23-b8a2-fa2ad7c07828_112289674918260_126362676857610,"Kings Room",fixed,1,0,
bd7730a8-6a81-4ddf-a6c7-1d1a1c2a8f90_554057605040938_1373199114012030,"Poker Palace Australia",fixed,1,0,
4ec16dcd-19db-426c-8314-b4739cbeafaa_214767308577397_983540120480284,"The Star Sydney Poker",fixed,1,0,
4ec16dcd-19db-426c-8314-b4739cbeafaa_214767308577397_1182084977292463,"The Star Sydney Poker",fixed,1,0,
4ec16dcd-19db-426c-8314-b4739cbeafaa_214767308577397_5973422092711861,"The Star Sydney Poker",fixed,2,0,
4ec16dcd-19db-426c-8314-b4739cbeafaa_214767308577397_1225922006242093,"The Star Sydney Poker",fixed,3,0,
4ec16dcd-19db-426c-8314-b4739cbeafaa_214767308577397_1210970334403927,"The Star Sydney Poker",fixed,1,0,
4ec16dcd-19db-426c-8314-b4739cbeafaa_214767308577397_1225147752986185,"The Star Sydney Poker",fixed,1,0,
5a94c0cc-6a42-4d23-b8a2-fa2ad7c07828_112289674918260_859196860240851,"Kings Room",pending,0,1,
bd7730a8-6a81-4ddf-a6c7-1d1a1c2a8f90_554057605040938_1343945966937345,"Poker Palace Australia",fixed,1,0,
4ec16dcd-19db-426c-8314-b4739cbeafaa_214767308577397_1226793839488243,"The Star Sydney Poker",fixed,2,0,
4ec16dcd-19db-426c-8314-b4739cbeafaa_214767308577397_1127847942716167,"The Star Sydney Poker",fixed,1,0,
bd7730a8-6a81-4ddf-a6c7-1d1a1c2a8f90_554057605040938_1535197874478819,"Poker Palace Australia",fixed,1,0,
FACEBOOK_112289674918260_857321233761747,"Kings Room",pending,0,1,
4ec16dcd-19db-426c-8314-b4739cbeafaa_214767308577397_920490990118531,"The Star Sydney Poker",fixed,1,0,
4ec16dcd-19db-426c-8314-b4739cbeafaa_214767308577397_1225844752916485,"The Star Sydney Poker",fixed,1,0,
bd7730a8-6a81-4ddf-a6c7-1d1a1c2a8f90_554057605040938_1453826202615987,"Poker Palace Australia",fixed,1,0,
4ec16dcd-19db-426c-8314-b4739cbeafaa_214767308577397_5934702663250471,"The Star Sydney Poker",fixed,1,0,
bd7730a8-6a81-4ddf-a6c7-1d1a1c2a8f90_554057605040938_1285196596145616,"Poker Palace Australia",fixed,1,0,
4ec16dcd-19db-426c-8314-b4739cbeafaa_214767308577397_728292269338405,"The Star Sydney Poker",fixed,1,0,
4ec16dcd-19db-426c-8314-b4739cbeafaa_214767308577397_967252898775673,"The Star Sydney Poker",fixed,1,0,
bd7730a8-6a81-4ddf-a6c7-1d1a1c2a8f90_554057605040938_1252005662798043,"Poker Palace Australia",fixed,1,0,
bd7730a8-6a81-4ddf-a6c7-1d1a1c2a8f90_554057605040938_1664484824883456,"Poker Palace Australia",fixed,1,0,
bd7730a8-6a81-4ddf-a6c7-1d1a1c2a8f90_554057605040938_1430414444957163,"Poker Palace Australia",fixed,1,0,
bd7730a8-6a81-4ddf-a6c7-1d1a1c2a8f90_554057605040938_1349186933079915,"Poker Palace Australia",fixed,1,0,
bd7730a8-6a81-4ddf-a6c7-1d1a1c2a8f90_554057605040938_1660692855262653,"Poker Palace Australia",fixed,1,0,
bd7730a8-6a81-4ddf-a6c7-1d1a1c2a8f90_554057605040938_1263738298291446,"Poker Palace Australia",fixed,1,0,
4ec16dcd-19db-426c-8314-b4739cbeafaa_214767308577397_1235537341947226,"The Star Sydney Poker",fixed,2,0,
4ec16dcd-19db-426c-8314-b4739cbeafaa_214767308577397_1246918737475753,"The Star Sydney Poker",fixed,1,0,
bd7730a8-6a81-4ddf-a6c7-1d1a1c2a8f90_554057605040938_1244455483553061,"Poker Palace Australia",fixed,1,0,
4ec16dcd-19db-426c-8314-b4739cbeafaa_214767308577397_1224851773015783,"The Star Sydney Poker",fixed,1,0,
4ec16dcd-19db-426c-8314-b4739cbeafaa_214767308577397_1204166811750946,"The Star Sydney Poker",fixed,1,0,
bd7730a8-6a81-4ddf-a6c7-1d1a1c2a8f90_554057605040938_1571898100808796,"Poker Palace Australia",fixed,1,0,
bd7730a8-6a81-4ddf-a6c7-1d1a1c2a8f90_554057605040938_1456965425635398,"Poker Palace Australia",fixed,1,0,
bd7730a8-6a81-4ddf-a6c7-1d1a1c2a8f90_554057605040938_1426155978716343,"Poker Palace Australia",fixed,1,0,
4ec16dcd-19db-426c-8314-b4739cbeafaa_214767308577397_1235545321946428,"The Star Sydney Poker",fixed,1,0,
bd7730a8-6a81-4ddf-a6c7-1d1a1c2a8f90_554057605040938_1253930265938916,"Poker Palace Australia",fixed,1,0,
bd7730a8-6a81-4ddf-a6c7-1d1a1c2a8f90_554057605040938_1247582169907059,"Poker Palace Australia",fixed,1,0,
4ec16dcd-19db-426c-8314-b4739cbeafaa_214767308577397_984262160408080,"The Star Sydney Poker",fixed,1,0,
4ec16dcd-19db-426c-8314-b4739cbeafaa_214767308577397_1188520849982209,"The Star Sydney Poker",fixed,1,0,
4ec16dcd-19db-426c-8314-b4739cbeafaa_214767308577397_1191728539661440,"The Star Sydney Poker",fixed,1,0,
bd7730a8-6a81-4ddf-a6c7-1d1a1c2a8f90_554057605040938_1388221939176414,"Poker Palace Australia",fixed,1,0,
bd7730a8-6a81-4ddf-a6c7-1d1a1c2a8f90_554057605040938_1504464350885505,"Poker Palace Australia",fixed,1,0,
bd7730a8-6a81-4ddf-a6c7-1d1a1c2a8f90_554057605040938_1288988589099750,"Poker Palace Australia",fixed,1,0,
4ec16dcd-19db-426c-8314-b4739cbeafaa_214767308577397_1229282959239331,"The Star Sydney Poker",fixed,4,0,
bd7730a8-6a81-4ddf-a6c7-1d1a1c2a8f90_554057605040938_1411956363469638,"Poker Palace Australia",fixed,1,0,
bd7730a8-6a81-4ddf-a6c7-1d1a1c2a8f90_554057605040938_1348477019817573,"Poker Palace Australia",fixed,1,0,
4ec16dcd-19db-426c-8314-b4739cbeafaa_214767308577397_988818759952420,"The Star Sydney Poker",fixed,2,0,
4ec16dcd-19db-426c-8314-b4739cbeafaa_214767308577397_983163650517931,"The Star Sydney Poker",fixed,1,0,
4ec16dcd-19db-426c-8314-b4739cbeafaa_214767308577397_739006101600355,"The Star Sydney Poker",fixed,1,0,
4ec16dcd-19db-426c-8314-b4739cbeafaa_214767308577397_1295992642568362,"The Star Sydney Poker",fixed,1,0,
bd7730a8-6a81-4ddf-a6c7-1d1a1c2a8f90_554057605040938_1393468848651723,"Poker Palace Australia",fixed,1,0,
4ec16dcd-19db-426c-8314-b4739cbeafaa_214767308577397_6025602240827179,"The Star Sydney Poker",fixed,1,0,
bd7730a8-6a81-4ddf-a6c7-1d1a1c2a8f90_554057605040938_1227683668563576,"Poker Palace Australia",fixed,1,0,
4ec16dcd-19db-426c-8314-b4739cbeafaa_214767308577397_1303725455128414,"The Star Sydney Poker",fixed,1,0,
4ec16dcd-19db-426c-8314-b4739cbeafaa_214767308577397_5954068841313853,"The Star Sydney Poker",fixed,2,0,
bd7730a8-6a81-4ddf-a6c7-1d1a1c2a8f90_554057605040938_1530987961566477,"Poker Palace Australia",fixed,1,0,
5a94c0cc-6a42-4d23-b8a2-fa2ad7c07828_112289674918260_115384151288796,"Kings Room",fixed,1,0,
4ec16dcd-19db-426c-8314-b4739cbeafaa_214767308577397_1230310352469925,"The Star Sydney Poker",fixed,1,0,
bd7730a8-6a81-4ddf-a6c7-1d1a1c2a8f90_554057605040938_1435470257784915,"Poker Palace Australia",fixed,1,0,
bd7730a8-6a81-4ddf-a6c7-1d1a1c2a8f90_554057605040938_1342038443794764,"Poker Palace Australia",fixed,1,0,
bd7730a8-6a81-4ddf-a6c7-1d1a1c2a8f90_554057605040938_1646966293301976,"Poker Palace Australia",fixed,1,0,
bd7730a8-6a81-4ddf-a6c7-1d1a1c2a8f90_554057605040938_1421123892552885,"Poker Palace Australia",fixed,1,0,
bd7730a8-6a81-4ddf-a6c7-1d1a1c2a8f90_554057605040938_1379821076683167,"Poker Palace Australia",fixed,1,0,
bd7730a8-6a81-4ddf-a6c7-1d1a1c2a8f90_554057605040938_1454155835916357,"Poker Palace Australia",fixed,1,0,
bd7730a8-6a81-4ddf-a6c7-1d1a1c2a8f90_554057605040938_1206880337310576,"Poker Palace Australia",fixed,1,0,
bd7730a8-6a81-4ddf-a6c7-1d1a1c2a8f90_554057605040938_1505243024140971,"Poker Palace Australia",fixed,1,0,
bd7730a8-6a81-4ddf-a6c7-1d1a1c2a8f90_554057605040938_1297090224956253,"Poker Palace Australia",fixed,1,0,
4ec16dcd-19db-426c-8314-b4739cbeafaa_214767308577397_867670992067198,"The Star Sydney Poker",fixed,4,0,
4ec16dcd-19db-426c-8314-b4739cbeafaa_214767308577397_860541592780138,"The Star Sydney Poker",fixed,1,0,
5a94c0cc-6a42-4d23-b8a2-fa2ad7c07828_112289674918260_123038877189990,"Kings Room",fixed,4,0,
bd7730a8-6a81-4ddf-a6c7-1d1a1c2a8f90_554057605040938_1260994885232454,"Poker Palace Australia",fixed,1,0,
bd7730a8-6a81-4ddf-a6c7-1d1a1c2a8f90_554057605040938_1246522220013054,"Poker Palace Australia",fixed,1,0,
bd7730a8-6a81-4ddf-a6c7-1d1a1c2a8f90_554057605040938_1246092503389359,"Poker Palace Australia",fixed,1,0,
4ec16dcd-19db-426c-8314-b4739cbeafaa_214767308577397_1229434732557487,"The Star Sydney Poker",fixed,12,0,
5a94c0cc-6a42-4d23-b8a2-fa2ad7c07828_112289674918260_125735073587037,"Kings Room",fixed,1,0,
bd7730a8-6a81-4ddf-a6c7-1d1a1c2a8f90_554057605040938_1301355037863105,"Poker Palace Australia",fixed,1,0,
bd7730a8-6a81-4ddf-a6c7-1d1a1c2a8f90_554057605040938_1407829203882354,"Poker Palace Australia",fixed,1,0,
4ec16dcd-19db-426c-8314-b4739cbeafaa_214767308577397_6107212435999492,"The Star Sydney Poker",fixed,2,0,
4ec16dcd-19db-426c-8314-b4739cbeafaa_214767308577397_1208544667979827,"The Star Sydney Poker",fixed,1,0,
bd7730a8-6a81-4ddf-a6c7-1d1a1c2a8f90_554057605040938_1247516233246986,"Poker Palace Australia",fixed,1,0,
4ec16dcd-19db-426c-8314-b4739cbeafaa_214767308577397_773120674855564,"The Star Sydney Poker",fixed,1,0,
bd7730a8-6a81-4ddf-a6c7-1d1a1c2a8f90_554057605040938_1490757548922852,"Poker Palace Australia",fixed,1,0,
bd7730a8-6a81-4ddf-a6c7-1d1a1c2a8f90_554057605040938_1597688668229739,"Poker Palace Australia",fixed,1,0,
4ec16dcd-19db-426c-8314-b4739cbeafaa_214767308577397_987232853444344,"The Star Sydney Poker",fixed,1,0,
bd7730a8-6a81-4ddf-a6c7-1d1a1c2a8f90_554057605040938_1341685330496742,"Poker Palace Australia",fixed,1,0,
bd7730a8-6a81-4ddf-a6c7-1d1a1c2a8f90_554057605040938_1253304999334776,"Poker Palace Australia",fixed,1,0,
4ec16dcd-19db-426c-8314-b4739cbeafaa_214767308577397_1133087722192189,"The Star Sydney Poker",fixed,1,0,
4ec16dcd-19db-426c-8314-b4739cbeafaa_214767308577397_1216223150545312,"The Star Sydney Poker",fixed,1,0,
bd7730a8-6a81-4ddf-a6c7-1d1a1c2a8f90_554057605040938_1481309796534294,"Poker Palace Australia",fixed,1,0,
4ec16dcd-19db-426c-8314-b4739cbeafaa_214767308577397_1128640052636956,"The Star Sydney Poker",fixed,2,0,
4ec16dcd-19db-426c-8314-b4739cbeafaa_214767308577397_6159712644082804,"The Star Sydney Poker",fixed,1,0,
4ec16dcd-19db-426c-8314-b4739cbeafaa_214767308577397_791532779681020,"The Star Sydney Poker",fixed,1,0,
4ec16dcd-19db-426c-8314-b4739cbeafaa_214767308577397_862364809264483,"The Star Sydney Poker",fixed,2,0,
bd7730a8-6a81-4ddf-a6c7-1d1a1c2a8f90_554057605040938_1248145479850728,"Poker Palace Australia",fixed,1,0,
bd7730a8-6a81-4ddf-a6c7-1d1a1c2a8f90_554057605040938_1540376307294309,"Poker Palace Australia",fixed,1,0,
4ec16dcd-19db-426c-8314-b4739cbeafaa_214767308577397_857850063049291,"The Star Sydney Poker",fixed,1,0,
bd7730a8-6a81-4ddf-a6c7-1d1a1c2a8f90_554057605040938_1453688619296412,"Poker Palace Australia",fixed,1,0,
bd7730a8-6a81-4ddf-a6c7-1d1a1c2a8f90_554057605040938_1553396625992277,"Poker Palace Australia",fixed,1,0,
4ec16dcd-19db-426c-8314-b4739cbeafaa_214767308577397_914699707364326,"The Star Sydney Poker",fixed,1,0,
4ec16dcd-19db-426c-8314-b4739cbeafaa_214767308577397_1089233246577637,"The Star Sydney Poker",fixed,1,0,
bd7730a8-6a81-4ddf-a6c7-1d1a1c2a8f90_554057605040938_1210891093576167,"Poker Palace Australia",fixed,1,0,
5a94c0cc-6a42-4d23-b8a2-fa2ad7c07828_112289674918260_858111297016074,"Kings Room",pending,0,1,
4ec16dcd-19db-426c-8314-b4739cbeafaa_214767308577397_1112648597569435,"The Star Sydney Poker",fixed,1,0,
4ec16dcd-19db-426c-8314-b4739cbeafaa_214767308577397_864844702349827,"The Star Sydney Poker",fixed,1,0,
5a94c0cc-6a42-4d23-b8a2-fa2ad7c07828_112289674918260_860385740121963,"Kings Room",pending,0,1,
4ec16dcd-19db-426c-8314-b4739cbeafaa_214767308577397_1125457126288582,"The Star Sydney Poker",fixed,1,0,
bd7730a8-6a81-4ddf-a6c7-1d1a1c2a8f90_554057605040938_1684948149503790,"Poker Palace Australia",fixed,1,0,
bd7730a8-6a81-4ddf-a6c7-1d1a1c2a8f90_554057605040938_1610947756903830,"Poker Palace Australia",fixed,1,0,
bd7730a8-6a81-4ddf-a6c7-1d1a1c2a8f90_554057605040938_1363310068334268,"Poker Palace Australia",fixed,1,0,
bd7730a8-6a81-4ddf-a6c7-1d1a1c2a8f90_554057605040938_1646887723309833,"Poker Palace Australia",fixed,1,0,
4ec16dcd-19db-426c-8314-b4739cbeafaa_214767308577397_6048898345164235,"The Star Sydney Poker",fixed,1,0,
4ec16dcd-19db-426c-8314-b4739cbeafaa_214767308577397_6181038615283540,"The Star Sydney Poker",fixed,1,0,
bd7730a8-6a81-4ddf-a6c7-1d1a1c2a8f90_554057605040938_1296345355030740,"Poker Palace Australia",fixed,1,0,
bd7730a8-6a81-4ddf-a6c7-1d1a1c2a8f90_554057605040938_1629288641736408,"Poker Palace Australia",fixed,1,0,
4ec16dcd-19db-426c-8314-b4739cbeafaa_214767308577397_866334502200847,"The Star Sydney Poker",fixed,1,0,
bd7730a8-6a81-4ddf-a6c7-1d1a1c2a8f90_554057605040938_1380635329935075,"Poker Palace Australia",fixed,1,0,
bd7730a8-6a81-4ddf-a6c7-1d1a1c2a8f90_554057605040938_1490783302253610,"Poker Palace Australia",fixed,1,0,
4ec16dcd-19db-426c-8314-b4739cbeafaa_214767308577397_1127975276036767,"The Star Sydney Poker",fixed,2,0,
4ec16dcd-19db-426c-8314-b4739cbeafaa_214767308577397_791556636345301,"The Star Sydney Poker",fixed,1,0,
4ec16dcd-19db-426c-8314-b4739cbeafaa_214767308577397_1124838763017085,"The Star Sydney Poker",fixed,2,0,
bd7730a8-6a81-4ddf-a6c7-1d1a1c2a8f90_554057605040938_1595618341770105,"Poker Palace Australia",fixed,1,0,
4ec16dcd-19db-426c-8314-b4739cbeafaa_214767308577397_1305260544974905,"The Star Sydney Poker",fixed,1,0,
4ec16dcd-19db-426c-8314-b4739cbeafaa_214767308577397_1119635530204075,"The Star Sydney Poker",fixed,1,0,
4ec16dcd-19db-426c-8314-b4739cbeafaa_214767308577397_805407468293551,"The Star Sydney Poker",fixed,1,0,
4ec16dcd-19db-426c-8314-b4739cbeafaa_214767308577397_6126826394038096,"The Star Sydney Poker",fixed,1,0,
4ec16dcd-19db-426c-8314-b4739cbeafaa_214767308577397_1236633258504301,"The Star Sydney Poker",fixed,2,0,
4ec16dcd-19db-426c-8314-b4739cbeafaa_214767308577397_1125211496313145,"The Star Sydney Poker",fixed,1,0,
4ec16dcd-19db-426c-8314-b4739cbeafaa_214767308577397_1178861294281498,"The Star Sydney Poker",fixed,1,0,
bd7730a8-6a81-4ddf-a6c7-1d1a1c2a8f90_554057605040938_1482736043058336,"Poker Palace Australia",fixed,1,0,
4ec16dcd-19db-426c-8314-b4739cbeafaa_214767308577397_5928228930564511,"The Star Sydney Poker",fixed,1,0,
4ec16dcd-19db-426c-8314-b4739cbeafaa_214767308577397_846169144217383,"The Star Sydney Poker",fixed,1,0,
bd7730a8-6a81-4ddf-a6c7-1d1a1c2a8f90_554057605040938_1509440837054523,"Poker Palace Australia",fixed,1,0,
4ec16dcd-19db-426c-8314-b4739cbeafaa_214767308577397_1117587083742253,"The Star Sydney Poker",fixed,1,0,
4ec16dcd-19db-426c-8314-b4739cbeafaa_214767308577397_1222219339945693,"The Star Sydney Poker",fixed,1,0,
bd7730a8-6a81-4ddf-a6c7-1d1a1c2a8f90_554057605040938_1576933680305238,"Poker Palace Australia",fixed,1,0,
4ec16dcd-19db-426c-8314-b4739cbeafaa_214767308577397_1234504182050542,"The Star Sydney Poker",fixed,1,0,
bd7730a8-6a81-4ddf-a6c7-1d1a1c2a8f90_554057605040938_1610057430326196,"Poker Palace Australia",fixed,1,0,
4ec16dcd-19db-426c-8314-b4739cbeafaa_214767308577397_1131651999002428,"The Star Sydney Poker",fixed,3,0,
bd7730a8-6a81-4ddf-a6c7-1d1a1c2a8f90_554057605040938_1553403789324894,"Poker Palace Australia",fixed,1,0,
4ec16dcd-19db-426c-8314-b4739cbeafaa_214767308577397_746009350900030,"The Star Sydney Poker",fixed,1,0,
4ec16dcd-19db-426c-8314-b4739cbeafaa_214767308577397_5976315995755804,"The Star Sydney Poker",fixed,2,0,
4ec16dcd-19db-426c-8314-b4739cbeafaa_214767308577397_1233167938850833,"The Star Sydney Poker",fixed,1,0,
bd7730a8-6a81-4ddf-a6c7-1d1a1c2a8f90_554057605040938_1454413459223928,"Poker Palace Australia",fixed,1,0,
bd7730a8-6a81-4ddf-a6c7-1d1a1c2a8f90_554057605040938_1348518559813419,"Poker Palace Australia",fixed,1,0,
4ec16dcd-19db-426c-8314-b4739cbeafaa_214767308577397_6223348321052569,"The Star Sydney Poker",fixed,1,0,
bd7730a8-6a81-4ddf-a6c7-1d1a1c2a8f90_554057605040938_1412822300049711,"Poker Palace Australia",fixed,1,0,
4ec16dcd-19db-426c-8314-b4739cbeafaa_214767308577397_5711753995545340,"The Star Sydney Poker",fixed,2,0,
bd7730a8-6a81-4ddf-a6c7-1d1a1c2a8f90_554057605040938_1594674595197813,"Poker Palace Australia",fixed,1,0,
bd7730a8-6a81-4ddf-a6c7-1d1a1c2a8f90_554057605040938_1476662056999068,"Poker Palace Australia",fixed,1,0,
4ec16dcd-19db-426c-8314-b4739cbeafaa_214767308577397_1229421779225449,"The Star Sydney Poker",fixed,1,0,
4ec16dcd-19db-426c-8314-b4739cbeafaa_214767308577397_5934544056599665,"The Star Sydney Poker",fixed,1,0,
bd7730a8-6a81-4ddf-a6c7-1d1a1c2a8f90_554057605040938_1210258600306083,"Poker Palace Australia",fixed,1,0,
bd7730a8-6a81-4ddf-a6c7-1d1a1c2a8f90_554057605040938_1571020580896548,"Poker Palace Australia",fixed,1,0,
bd7730a8-6a81-4ddf-a6c7-1d1a1c2a8f90_554057605040938_1648820633116542,"Poker Palace Australia",fixed,1,0,
4ec16dcd-19db-426c-8314-b4739cbeafaa_214767308577397_816189320548699,"The Star Sydney Poker",fixed,1,0,
bd7730a8-6a81-4ddf-a6c7-1d1a1c2a8f90_554057605040938_1682714683060470,"Poker Palace Australia",fixed,1,0,
4ec16dcd-19db-426c-8314-b4739cbeafaa_214767308577397_785923883575243,"The Star Sydney Poker",fixed,1,0,
4ec16dcd-19db-426c-8314-b4739cbeafaa_214767308577397_805408061626825,"The Star Sydney Poker",fixed,1,0,
4ec16dcd-19db-426c-8314-b4739cbeafaa_214767308577397_5999826103404793,"The Star Sydney Poker",fixed,2,0,
4ec16dcd-19db-426c-8314-b4739cbeafaa_214767308577397_6187223097998425,"The Star Sydney Poker",fixed,1,0,
bd7730a8-6a81-4ddf-a6c7-1d1a1c2a8f90_554057605040938_1396757318322876,"Poker Palace Australia",fixed,1,0,
4ec16dcd-19db-426c-8314-b4739cbeafaa_214767308577397_722503406583958,"The Star Sydney Poker",fixed,1,0,
bd7730a8-6a81-4ddf-a6c7-1d1a1c2a8f90_554057605040938_1628594761805796,"Poker Palace Australia",fixed,1,0,
4ec16dcd-19db-426c-8314-b4739cbeafaa_214767308577397_1216994420468185,"The Star Sydney Poker",fixed,1,0,
5a94c0cc-6a42-4d23-b8a2-fa2ad7c07828_112289674918260_121586894001855,"Kings Room",fixed,3,0,
4ec16dcd-19db-426c-8314-b4739cbeafaa_214767308577397_1207489448085349,"The Star Sydney Poker",fixed,1,0,
bd7730a8-6a81-4ddf-a6c7-1d1a1c2a8f90_554057605040938_1622775469054392,"Poker Palace Australia",fixed,1,0,
bd7730a8-6a81-4ddf-a6c7-1d1a1c2a8f90_554057605040938_1337974967534445,"Poker Palace Australia",fixed,1,0,
5a94c0cc-6a42-4d23-b8a2-fa2ad7c07828_112289674918260_862738909886646,"Kings Room",pending,0,1,
bd7730a8-6a81-4ddf-a6c7-1d1a1c2a8f90_554057605040938_1311556720176270,"Poker Palace Australia",fixed,1,0,
4ec16dcd-19db-426c-8314-b4739cbeafaa_214767308577397_1249388620562098,"The Star Sydney Poker",fixed,1,0,
4ec16dcd-19db-426c-8314-b4739cbeafaa_214767308577397_1204979075003053,"The Star Sydney Poker",fixed,1,0,
4ec16dcd-19db-426c-8314-b4739cbeafaa_214767308577397_990405543127075,"The Star Sydney Poker",fixed,1,0,
4ec16dcd-19db-426c-8314-b4739cbeafaa_214767308577397_6046381855415884,"The Star Sydney Poker",fixed,2,0,
4ec16dcd-19db-426c-8314-b4739cbeafaa_214767308577397_5626624447391629,"The Star Sydney Poker",fixed,1,0,
bd7730a8-6a81-4ddf-a6c7-1d1a1c2a8f90_554057605040938_1586211562710783,"Poker Palace Australia",fixed,1,0,
4ec16dcd-19db-426c-8314-b4739cbeafaa_214767308577397_861582256009405,"The Star Sydney Poker",fixed,2,0,
4ec16dcd-19db-426c-8314-b4739cbeafaa_214767308577397_1209046714596289,"The Star Sydney Poker",fixed,1,0,
4ec16dcd-19db-426c-8314-b4739cbeafaa_214767308577397_976261027874860,"The Star Sydney Poker",fixed,1,0,
bd7730a8-6a81-4ddf-a6c7-1d1a1c2a8f90_554057605040938_1453852885946652,"Poker Palace Australia",fixed,1,0,
4ec16dcd-19db-426c-8314-b4739cbeafaa_214767308577397_5915210945199643,"The Star Sydney Poker",fixed,1,0,
4ec16dcd-19db-426c-8314-b4739cbeafaa_214767308577397_753003450200620,"The Star Sydney Poker",fixed,1,0,
4ec16dcd-19db-426c-8314-b4739cbeafaa_214767308577397_1218890213611939,"The Star Sydney Poker",fixed,1,0,
4ec16dcd-19db-426c-8314-b4739cbeafaa_214767308577397_1130977819069846,"The Star Sydney Poker",fixed,1,0,
4ec16dcd-19db-426c-8314-b4739cbeafaa_214767308577397_5928173023903435,"The Star Sydney Poker",fixed,1,0,
4ec16dcd-19db-426c-8314-b4739cbeafaa_214767308577397_1127613196072975,"The Star Sydney Poker",fixed,1,0,
4ec16dcd-19db-426c-8314-b4739cbeafaa_214767308577397_1174890541345240,"The Star Sydney Poker",fixed,1,0,
bd7730a8-6a81-4ddf-a6c7-1d1a1c2a8f90_554057605040938_1447943549870919,"Poker Palace Australia",fixed,1,0,
4ec16dcd-19db-426c-8314-b4739cbeafaa_214767308577397_1236799278487699,"The Star Sydney Poker",fixed,3,0,
bd7730a8-6a81-4ddf-a6c7-1d1a1c2a8f90_554057605040938_1322411079090834,"Poker Palace Australia",fixed,1,0,
4ec16dcd-19db-426c-8314-b4739cbeafaa_214767308577397_982818500552446,"The Star Sydney Poker",fixed,1,0,
bd7730a8-6a81-4ddf-a6c7-1d1a1c2a8f90_554057605040938_1661249851873620,"Poker Palace Australia",fixed,1,0,
bd7730a8-6a81-4ddf-a6c7-1d1a1c2a8f90_554057605040938_1425581172107157,"Poker Palace Australia",fixed,1,0,
4ec16dcd-19db-426c-8314-b4739cbeafaa_214767308577397_6064202856967117,"The Star Sydney Poker",fixed,2,0,
bd7730a8-6a81-4ddf-a6c7-1d1a1c2a8f90_554057605040938_1278993800099229,"Poker Palace Australia",fixed,1,0,
bd7730a8-6a81-4ddf-a6c7-1d1a1c2a8f90_554057605040938_1197861634879113,"Poker Palace Australia",fixed,1,0,
bd7730a8-6a81-4ddf-a6c7-1d1a1c2a8f90_554057605040938_1369100224421919,"Poker Palace Australia",fixed,1,0,
bd7730a8-6a81-4ddf-a6c7-1d1a1c2a8f90_554057605040938_1475774663754474,"Poker Palace Australia",fixed,1,0,
4ec16dcd-19db-426c-8314-b4739cbeafaa_214767308577397_5973310676056336,"The Star Sydney Poker",fixed,2,0,
bd7730a8-6a81-4ddf-a6c7-1d1a1c2a8f90_554057605040938_1299120501419892,"Poker Palace Australia",fixed,1,0,
4ec16dcd-19db-426c-8314-b4739cbeafaa_214767308577397_5941021869285217,"The Star Sydney Poker",fixed,1,0,
FACEBOOK_112289674918260_853559097471294,"Kings Room",pending,0,1,
bd7730a8-6a81-4ddf-a6c7-1d1a1c2a8f90_554057605040938_1344667376865204,"Poker Palace Australia",fixed,1,0,
4ec16dcd-19db-426c-8314-b4739cbeafaa_214767308577397_1227664809401146,"The Star Sydney Poker",fixed,2,0,
4ec16dcd-19db-426c-8314-b4739cbeafaa_214767308577397_1200925508741743,"The Star Sydney Poker",fixed,2,0,
4ec16dcd-19db-426c-8314-b4739cbeafaa_214767308577397_1228495489318078,"The Star Sydney Poker",fixed,3,0,
bd7730a8-6a81-4ddf-a6c7-1d1a1c2a8f90_554057605040938_1626032838728655,"Poker Palace Australia",fixed,1,0,
4ec16dcd-19db-426c-8314-b4739cbeafaa_214767308577397_755378513296447,"The Star Sydney Poker",fixed,1,0,
bd7730a8-6a81-4ddf-a6c7-1d1a1c2a8f90_554057605040938_1327672181898057,"Poker Palace Australia",fixed,1,0,
4ec16dcd-19db-426c-8314-b4739cbeafaa_214767308577397_1233176998849927,"The Star Sydney Poker",fixed,12,0,
bd7730a8-6a81-4ddf-a6c7-1d1a1c2a8f90_554057605040938_1379793800019228,"Poker Palace Australia",fixed,1,0,
5a94c0cc-6a42-4d23-b8a2-fa2ad7c07828_112289674918260_119762224184322,"Kings Room",fixed,1,0,
bd7730a8-6a81-4ddf-a6c7-1d1a1c2a8f90_554057605040938_1538624907469449,"Poker Palace Australia",fixed,1,0,
4ec16dcd-19db-426c-8314-b4739cbeafaa_214767308577397_705862624914703,"The Star Sydney Poker",fixed,1,0,
4ec16dcd-19db-426c-8314-b4739cbeafaa_214767308577397_734134995420799,"The Star Sydney Poker",fixed,1,0,
bd7730a8-6a81-4ddf-a6c7-1d1a1c2a8f90_554057605040938_1630320284966577,"Poker Palace Australia",fixed,1,0,
4ec16dcd-19db-426c-8314-b4739cbeafaa_214767308577397_635413541959612,"The Star Sydney Poker",fixed,1,0,
bd7730a8-6a81-4ddf-a6c7-1d1a1c2a8f90_554057605040938_1406606170671324,"Poker Palace Australia",fixed,1,0,
4ec16dcd-19db-426c-8314-b4739cbeafaa_214767308577397_5796602770393795,"The Star Sydney Poker",fixed,1,0,
4ec16dcd-19db-426c-8314-b4739cbeafaa_214767308577397_5963726387014765,"The Star Sydney Poker",fixed,1,0,
4ec16dcd-19db-426c-8314-b4739cbeafaa_214767308577397_774326431401655,"The Star Sydney Poker",fixed,1,0,
bd7730a8-6a81-4ddf-a6c7-1d1a1c2a8f90_554057605040938_1568894974442442,"Poker Palace Australia",fixed,1,0,
4ec16dcd-19db-426c-8314-b4739cbeafaa_214767308577397_731861218981510,"The Star Sydney Poker",fixed,1,0,
4ec16dcd-19db-426c-8314-b4739cbeafaa_214767308577397_1128683545965940,"The Star Sydney Poker",fixed,1,0,
4ec16dcd-19db-426c-8314-b4739cbeafaa_214767308577397_1042160321284930,"The Star Sydney Poker",fixed,1,0,
bd7730a8-6a81-4ddf-a6c7-1d1a1c2a8f90_554057605040938_1252541676077775,"Poker Palace Australia",fixed,1,0,
4ec16dcd-19db-426c-8314-b4739cbeafaa_214767308577397_6023342454386491,"The Star Sydney Poker",fixed,2,0,
4ec16dcd-19db-426c-8314-b4739cbeafaa_214767308577397_1133210572179904,"The Star Sydney Poker",fixed,1,0,
bd7730a8-6a81-4ddf-a6c7-1d1a1c2a8f90_554057605040938_1271070537558222,"Poker Palace Australia",fixed,1,0,
4ec16dcd-19db-426c-8314-b4739cbeafaa_214767308577397_861127982721499,"The Star Sydney Poker",fixed,1,0,
bd7730a8-6a81-4ddf-a6c7-1d1a1c2a8f90_554057605040938_1570941750904431,"Poker Palace Australia",fixed,1,0,
bd7730a8-6a81-4ddf-a6c7-1d1a1c2a8f90_554057605040938_1565106441487962,"Poker Palace Australia",fixed,1,0,
4ec16dcd-19db-426c-8314-b4739cbeafaa_214767308577397_1124458636388431,"The Star Sydney Poker",fixed,3,0,
5a94c0cc-6a42-4d23-b8a2-fa2ad7c07828_112289674918260_121907323969812,"Kings Room",fixed,1,0,
4ec16dcd-19db-426c-8314-b4739cbeafaa_214767308577397_5835243009863104,"The Star Sydney Poker",fixed,1,0,
4ec16dcd-19db-426c-8314-b4739cbeafaa_214767308577397_1231959125638381,"The Star Sydney Poker",fixed,1,0,
4ec16dcd-19db-426c-8314-b4739cbeafaa_214767308577397_715366650630967,"The Star Sydney Poker",fixed,1,0,
bd7730a8-6a81-4ddf-a6c7-1d1a1c2a8f90_554057605040938_1252742529391023,"Poker Palace Australia",fixed,1,0,
bd7730a8-6a81-4ddf-a6c7-1d1a1c2a8f90_554057605040938_1361051888560086,"Poker Palace Australia",fixed,1,0,
bd7730a8-6a81-4ddf-a6c7-1d1a1c2a8f90_554057605040938_1204452490886694,"Poker Palace Australia",fixed,1,0,
bd7730a8-6a81-4ddf-a6c7-1d1a1c2a8f90_554057605040938_1691506455514626,"Poker Palace Australia",fixed,1,0,
bd7730a8-6a81-4ddf-a6c7-1d1a1c2a8f90_554057605040938_1626872608644678,"Poker Palace Australia",fixed,1,0,
4ec16dcd-19db-426c-8314-b4739cbeafaa_214767308577397_740138518153780,"The Star Sydney Poker",fixed,1,0,
4ec16dcd-19db-426c-8314-b4739cbeafaa_214767308577397_1131723045661990,"The Star Sydney Poker",fixed,2,0,
bd7730a8-6a81-4ddf-a6c7-1d1a1c2a8f90_554057605040938_1660940568571215,"Poker Palace Australia",fixed,1,0,
bd7730a8-6a81-4ddf-a6c7-1d1a1c2a8f90_554057605040938_1451185659546708,"Poker Palace Australia",fixed,1,0,
bd7730a8-6a81-4ddf-a6c7-1d1a1c2a8f90_554057605040938_1330849571580318,"Poker Palace Australia",fixed,1,0,
bd7730a8-6a81-4ddf-a6c7-1d1a1c2a8f90_554057605040938_1248889086443034,"Poker Palace Australia",fixed,1,0,
4ec16dcd-19db-426c-8314-b4739cbeafaa_214767308577397_1130071452493816,"The Star Sydney Poker",fixed,1,0,
4ec16dcd-19db-426c-8314-b4739cbeafaa_214767308577397_1237319121769048,"The Star Sydney Poker",fixed,2,0,
bd7730a8-6a81-4ddf-a6c7-1d1a1c2a8f90_554057605040938_1582791373052802,"Poker Palace Australia",fixed,1,0,
4ec16dcd-19db-426c-8314-b4739cbeafaa_214767308577397_1225683936265900,"The Star Sydney Poker",fixed,4,0,
bd7730a8-6a81-4ddf-a6c7-1d1a1c2a8f90_554057605040938_1536940354304571,"Poker Palace Australia",fixed,1,0,
bd7730a8-6a81-4ddf-a6c7-1d1a1c2a8f90_554057605040938_1618410209490918,"Poker Palace Australia",fixed,1,0,
4ec16dcd-19db-426c-8314-b4739cbeafaa_214767308577397_821926956641602,"The Star Sydney Poker",fixed,1,0,
4ec16dcd-19db-426c-8314-b4739cbeafaa_214767308577397_1301387628695530,"The Star Sydney Poker",fixed,1,0,
4ec16dcd-19db-426c-8314-b4739cbeafaa_214767308577397_1129303965903898,"The Star Sydney Poker",fixed,1,0,
bd7730a8-6a81-4ddf-a6c7-1d1a1c2a8f90_554057605040938_1635503334448272,"Poker Palace Australia",fixed,1,0,
bd7730a8-6a81-4ddf-a6c7-1d1a1c2a8f90_554057605040938_1484340882897852,"Poker Palace Australia",fixed,1,0,
bd7730a8-6a81-4ddf-a6c7-1d1a1c2a8f90_554057605040938_1443034267028514,"Poker Palace Australia",fixed,1,0,
bd7730a8-6a81-4ddf-a6c7-1d1a1c2a8f90_554057605040938_1241212630544013,"Poker Palace Australia",fixed,1,0,
5a94c0cc-6a42-4d23-b8a2-fa2ad7c07828_112289674918260_123836603776884,"Kings Room",fixed,1,0,
bd7730a8-6a81-4ddf-a6c7-1d1a1c2a8f90_554057605040938_1478797543452186,"Poker Palace Australia",fixed,1,0,
bd7730a8-6a81-4ddf-a6c7-1d1a1c2a8f90_554057605040938_1309247533740522,"Poker Palace Australia",fixed,1,0,
5a94c0cc-6a42-4d23-b8a2-fa2ad7c07828_112289674918260_123578057136072,"Kings Room",fixed,3,0,
4ec16dcd-19db-426c-8314-b4739cbeafaa_214767308577397_992001906300772,"The Star Sydney Poker",fixed,3,0,
4ec16dcd-19db-426c-8314-b4739cbeafaa_214767308577397_875803344587296,"The Star Sydney Poker",fixed,1,0,
bd7730a8-6a81-4ddf-a6c7-1d1a1c2a8f90_554057605040938_1386261782705763,"Poker Palace Australia",fixed,1,0,
4ec16dcd-19db-426c-8314-b4739cbeafaa_214767308577397_748291540671811,"The Star Sydney Poker",fixed,1,0,
bd7730a8-6a81-4ddf-a6c7-1d1a1c2a8f90_554057605040938_1432654318066509,"Poker Palace Australia",fixed,1,0,
bd7730a8-6a81-4ddf-a6c7-1d1a1c2a8f90_554057605040938_1459387265393214,"Poker Palace Australia",fixed,1,0,
4ec16dcd-19db-426c-8314-b4739cbeafaa_214767308577397_989010636599899,"The Star Sydney Poker",fixed,3,0,
4ec16dcd-19db-426c-8314-b4739cbeafaa_214767308577397_949439397223690,"The Star Sydney Poker",fixed,1,0,
bd7730a8-6a81-4ddf-a6c7-1d1a1c2a8f90_554057605040938_1596954124969860,"Poker Palace Australia",fixed,1,0,
4ec16dcd-19db-426c-8314-b4739cbeafaa_214767308577397_863639319137032,"The Star Sydney Poker",fixed,1,0,
bd7730a8-6a81-4ddf-a6c7-1d1a1c2a8f90_554057605040938_1291335445531731,"Poker Palace Australia",fixed,1,0,
bd7730a8-6a81-4ddf-a6c7-1d1a1c2a8f90_554057605040938_1524618795536727,"Poker Palace Australia",fixed,1,0,
4ec16dcd-19db-426c-8314-b4739cbeafaa_214767308577397_692538159580483,"The Star Sydney Poker",fixed,1,0,
4ec16dcd-19db-426c-8314-b4739cbeafaa_214767308577397_861187819382182,"The Star Sydney Poker",fixed,1,0,
bd7730a8-6a81-4ddf-a6c7-1d1a1c2a8f90_554057605040938_1495593008439306,"Poker Palace Australia",fixed,1,0,
bd7730a8-6a81-4ddf-a6c7-1d1a1c2a8f90_554057605040938_1485956266069647,"Poker Palace Australia",fixed,1,0,
4ec16dcd-19db-426c-8314-b4739cbeafaa_214767308577397_643859784448321,"The Star Sydney Poker",fixed,1,0,
bd7730a8-6a81-4ddf-a6c7-1d1a1c2a8f90_554057605040938_1511341246864482,"Poker Palace Australia",fixed,1,0,
4ec16dcd-19db-426c-8314-b4739cbeafaa_214767308577397_1124545343046427,"The Star Sydney Poker",fixed,2,0,
bd7730a8-6a81-4ddf-a6c7-1d1a1c2a8f90_554057605040938_1379365826728692,"Poker Palace Australia",fixed,1,0,
bd7730a8-6a81-4ddf-a6c7-1d1a1c2a8f90_554057605040938_1607194817279124,"Poker Palace Australia",fixed,1,0,
bd7730a8-6a81-4ddf-a6c7-1d1a1c2a8f90_554057605040938_1631137261551546,"Poker Palace Australia",fixed,1,0,
4ec16dcd-19db-426c-8314-b4739cbeafaa_214767308577397_1127689372732024,"The Star Sydney Poker",fixed,1,0,
bd7730a8-6a81-4ddf-a6c7-1d1a1c2a8f90_554057605040938_1595902328408373,"Poker Palace Australia",fixed,1,0,
4ec16dcd-19db-426c-8314-b4739cbeafaa_214767308577397_791559769678321,"The Star Sydney Poker",fixed,1,0,
4ec16dcd-19db-426c-8314-b4739cbeafaa_214767308577397_867483035419327,"The Star Sydney Poker",fixed,9,0,
bd7730a8-6a81-4ddf-a6c7-1d1a1c2a8f90_554057605040938_1489145995750674,"Poker Palace Australia",fixed,1,0,
bd7730a8-6a81-4ddf-a6c7-1d1a1c2a8f90_554057605040938_1441467587185182,"Poker Palace Australia",fixed,1,0,
bd7730a8-6a81-4ddf-a6c7-1d1a1c2a8f90_554057605040938_1413738309958110,"Poker Palace Australia",fixed,1,0,
bd7730a8-6a81-4ddf-a6c7-1d1a1c2a8f90_554057605040938_1390471042284837,"Poker Palace Australia",fixed,1,0,
bd7730a8-6a81-4ddf-a6c7-1d1a1c2a8f90_554057605040938_1393365785328696,"Poker Palace Australia",fixed,1,0,
4ec16dcd-19db-426c-8314-b4739cbeafaa_214767308577397_1098494235651538,"The Star Sydney Poker",fixed,1,0,
4ec16dcd-19db-426c-8314-b4739cbeafaa_214767308577397_5700725376648202,"The Star Sydney Poker",fixed,2,0,
4ec16dcd-19db-426c-8314-b4739cbeafaa_214767308577397_1274052331429060,"The Star Sydney Poker",fixed,1,0,
4ec16dcd-19db-426c-8314-b4739cbeafaa_214767308577397_1126146586219636,"The Star Sydney Poker",fixed,1,0,
4ec16dcd-19db-426c-8314-b4739cbeafaa_214767308577397_791556809678617,"The Star Sydney Poker",fixed,1,0,
bd7730a8-6a81-4ddf-a6c7-1d1a1c2a8f90_554057605040938_1331554724843136,"Poker Palace Australia",fixed,1,0,
4ec16dcd-19db-426c-8314-b4739cbeafaa_214767308577397_5862631620457576,"The Star Sydney Poker",fixed,2,0,
4ec16dcd-19db-426c-8314-b4739cbeafaa_214767308577397_1228465199321107,"The Star Sydney Poker",fixed,1,0,
4ec16dcd-19db-426c-8314-b4739cbeafaa_214767308577397_1197546839079610,"The Star Sydney Poker",fixed,2,0,
4ec16dcd-19db-426c-8314-b4739cbeafaa_214767308577397_5632881960099211,"The Star Sydney Poker",fixed,2,0,
4ec16dcd-19db-426c-8314-b4739cbeafaa_214767308577397_1124016736432621,"The Star Sydney Poker",fixed,2,0,
bd7730a8-6a81-4ddf-a6c7-1d1a1c2a8f90_554057605040938_1407030720628869,"Poker Palace Australia",fixed,1,0,
4ec16dcd-19db-426c-8314-b4739cbeafaa_214767308577397_875804467920517,"The Star Sydney Poker",fixed,1,0,
4ec16dcd-19db-426c-8314-b4739cbeafaa_214767308577397_1229324822568478,"The Star Sydney Poker",fixed,1,0,
4ec16dcd-19db-426c-8314-b4739cbeafaa_214767308577397_1129163649251263,"The Star Sydney Poker",fixed,1,0,
4ec16dcd-19db-426c-8314-b4739cbeafaa_214767308577397_1236692288498398,"The Star Sydney Poker",fixed,3,0,
4ec16dcd-19db-426c-8314-b4739cbeafaa_214767308577397_1224255626408731,"The Star Sydney Poker",fixed,1,0,
4ec16dcd-19db-426c-8314-b4739cbeafaa_214767308577397_990891199745176,"The Star Sydney Poker",fixed,7,0,
4ec16dcd-19db-426c-8314-b4739cbeafaa_214767308577397_863658995801731,"The Star Sydney Poker",fixed,1,0,
bd7730a8-6a81-4ddf-a6c7-1d1a1c2a8f90_554057605040938_1402948394370435,"Poker Palace Australia",fixed,1,0,
4ec16dcd-19db-426c-8314-b4739cbeafaa_214767308577397_1128692525965042,"The Star Sydney Poker",fixed,1,0,
4ec16dcd-19db-426c-8314-b4739cbeafaa_214767308577397_982957513871878,"The Star Sydney Poker",fixed,1,0,
bd7730a8-6a81-4ddf-a6c7-1d1a1c2a8f90_554057605040938_1414677436530864,"Poker Palace Australia",fixed,1,0,
bd7730a8-6a81-4ddf-a6c7-1d1a1c2a8f90_554057605040938_1536931730972100,"Poker Palace Australia",fixed,1,0,
4ec16dcd-19db-426c-8314-b4739cbeafaa_214767308577397_5814022401985165,"The Star Sydney Poker",fixed,2,0,
bd7730a8-6a81-4ddf-a6c7-1d1a1c2a8f90_554057605040938_1404672480864693,"Poker Palace Australia",fixed,1,0,
4ec16dcd-19db-426c-8314-b4739cbeafaa_214767308577397_1226566429510984,"The Star Sydney Poker",fixed,1,0,
4ec16dcd-19db-426c-8314-b4739cbeafaa_214767308577397_1117532383747723,"The Star Sydney Poker",fixed,1,0,
bd7730a8-6a81-4ddf-a6c7-1d1a1c2a8f90_554057605040938_1262957451702864,"Poker Palace Australia",fixed,1,0,
bd7730a8-6a81-4ddf-a6c7-1d1a1c2a8f90_554057605040938_1621894955809110,"Poker Palace Australia",fixed,1,0,
bd7730a8-6a81-4ddf-a6c7-1d1a1c2a8f90_554057605040938_1540662060599067,"Poker Palace Australia",fixed,1,0,
bd7730a8-6a81-4ddf-a6c7-1d1a1c2a8f90_554057605040938_1577108940287712,"Poker Palace Australia",fixed,1,0,
bd7730a8-6a81-4ddf-a6c7-1d1a1c2a8f90_554057605040938_1538607537471186,"Poker Palace Australia",fixed,1,0,
4ec16dcd-19db-426c-8314-b4739cbeafaa_214767308577397_866232888877675,"The Star Sydney Poker",fixed,12,0,
4ec16dcd-19db-426c-8314-b4739cbeafaa_214767308577397_1130744012426560,"The Star Sydney Poker",fixed,1,0,
bd7730a8-6a81-4ddf-a6c7-1d1a1c2a8f90_554057605040938_1363977914934150,"Poker Palace Australia",fixed,1,0,
4ec16dcd-19db-426c-8314-b4739cbeafaa_214767308577397_861849645982666,"The Star Sydney Poker",fixed,1,0,
bd7730a8-6a81-4ddf-a6c7-1d1a1c2a8f90_554057605040938_1451942669471007,"Poker Palace Australia",fixed,1,0,
4ec16dcd-19db-426c-8314-b4739cbeafaa_214767308577397_986723736828589,"The Star Sydney Poker",fixed,1,0,
4ec16dcd-19db-426c-8314-b4739cbeafaa_214767308577397_1128654932635468,"The Star Sydney Poker",fixed,1,0,
bd7730a8-6a81-4ddf-a6c7-1d1a1c2a8f90_554057605040938_1619485696050036,"Poker Palace Australia",fixed,1,0,
4ec16dcd-19db-426c-8314-b4739cbeafaa_214767308577397_6226399460747455,"The Star Sydney Poker",fixed,1,0,
4ec16dcd-19db-426c-8314-b4739cbeafaa_214767308577397_1229241299243497,"The Star Sydney Poker",fixed,1,0,
bd7730a8-6a81-4ddf-a6c7-1d1a1c2a8f90_554057605040938_1455981025733838,"Poker Palace Australia",fixed,1,0,
4ec16dcd-19db-426c-8314-b4739cbeafaa_214767308577397_989680636532899,"The Star Sydney Poker",fixed,3,0,
5a94c0cc-6a42-4d23-b8a2-fa2ad7c07828_112289674918260_124783827015495,"Kings Room",fixed,1,0,
4ec16dcd-19db-426c-8314-b4739cbeafaa_214767308577397_1228645059303121,"The Star Sydney Poker",fixed,2,0,
bd7730a8-6a81-4ddf-a6c7-1d1a1c2a8f90_554057605040938_1486235032708437,"Poker Palace Australia",fixed,1,0,
bd7730a8-6a81-4ddf-a6c7-1d1a1c2a8f90_554057605040938_1555021405829799,"Poker Palace Australia",fixed,1,0,
4ec16dcd-19db-426c-8314-b4739cbeafaa_214767308577397_854138616753769,"The Star Sydney Poker",fixed,1,0,
bd7730a8-6a81-4ddf-a6c7-1d1a1c2a8f90_554057605040938_1390501765615098,"Poker Palace Australia",fixed,1,0,
bd7730a8-6a81-4ddf-a6c7-1d1a1c2a8f90_554057605040938_1584730399525566,"Poker Palace Australia",fixed,1,0,
4ec16dcd-19db-426c-8314-b4739cbeafaa_214767308577397_961321079368855,"The Star Sydney Poker",fixed,1,0,
bd7730a8-6a81-4ddf-a6c7-1d1a1c2a8f90_554057605040938_1655666095765329,"Poker Palace Australia",fixed,1,0,
FACEBOOK_112289674918260_851000041060533,"Kings Room",pending,0,1,
bd7730a8-6a81-4ddf-a6c7-1d1a1c2a8f90_554057605040938_1530431491622124,"Poker Palace Australia",fixed,1,0,
4ec16dcd-19db-426c-8314-b4739cbeafaa_214767308577397_786456596855305,"The Star Sydney Poker",fixed,1,0,
4ec16dcd-19db-426c-8314-b4739cbeafaa_214767308577397_1226712289496398,"The Star Sydney Poker",fixed,1,0,
FACEBOOK_112289674918260_852066114287259,"Kings Room",pending,0,1,
bd7730a8-6a81-4ddf-a6c7-1d1a1c2a8f90_554057605040938_1443520120313262,"Poker Palace Australia",fixed,1,0,
4ec16dcd-19db-426c-8314-b4739cbeafaa_214767308577397_1128481472652814,"The Star Sydney Poker",fixed,1,0,
4ec16dcd-19db-426c-8314-b4739cbeafaa_214767308577397_1224272853073675,"The Star Sydney Poker",fixed,3,0,
4ec16dcd-19db-426c-8314-b4739cbeafaa_214767308577397_1039327194901576,"The Star Sydney Poker",fixed,1,0,
4ec16dcd-19db-426c-8314-b4739cbeafaa_214767308577397_859201029580861,"The Star Sydney Poker",fixed,1,0,
4ec16dcd-19db-426c-8314-b4739cbeafaa_214767308577397_1223146439852983,"The Star Sydney Poker",fixed,1,0,
FACEBOOK_112289674918260_853081524185718,"Kings Room",pending,0,1,
4ec16dcd-19db-426c-8314-b4739cbeafaa_214767308577397_791539036347061,"The Star Sydney Poker",fixed,1,0,
bd7730a8-6a81-4ddf-a6c7-1d1a1c2a8f90_554057605040938_1642971450368127,"Poker Palace Australia",fixed,1,0,
5a94c0cc-6a42-4d23-b8a2-fa2ad7c07828_112289674918260_121930977300780,"Kings Room",fixed,1,0,
4ec16dcd-19db-426c-8314-b4739cbeafaa_214767308577397_1231396545694639,"The Star Sydney Poker",fixed,4,0,
bd7730a8-6a81-4ddf-a6c7-1d1a1c2a8f90_554057605040938_1317734599558482,"Poker Palace Australia",fixed,1,0,
bd7730a8-6a81-4ddf-a6c7-1d1a1c2a8f90_554057605040938_1406998987298709,"Poker Palace Australia",fixed,1,0,
4ec16dcd-19db-426c-8314-b4739cbeafaa_214767308577397_791556026345362,"The Star Sydney Poker",fixed,1,0,
bd7730a8-6a81-4ddf-a6c7-1d1a1c2a8f90_554057605040938_1430371781628096,"Poker Palace Australia",fixed,1,0,
bd7730a8-6a81-4ddf-a6c7-1d1a1c2a8f90_554057605040938_1343128883685720,"Poker Palace Australia",fixed,1,0,
4ec16dcd-19db-426c-8314-b4739cbeafaa_214767308577397_989542553213374,"The Star Sydney Poker",fixed,1,0,
5a94c0cc-6a42-4d23-b8a2-fa2ad7c07828_112289674918260_861717409988796,"Kings Room",pending,0,1,
4ec16dcd-19db-426c-8314-b4739cbeafaa_214767308577397_5794370190617053,"The Star Sydney Poker",fixed,1,0,
4ec16dcd-19db-426c-8314-b4739cbeafaa_214767308577397_868146448686319,"The Star Sydney Poker",fixed,3,0,
bd7730a8-6a81-4ddf-a6c7-1d1a1c2a8f90_554057605040938_1617819039550035,"Poker Palace Australia",fixed,1,0,
4ec16dcd-19db-426c-8314-b4739cbeafaa_214767308577397_1182099477291013,"The Star Sydney Poker",fixed,2,0,
4ec16dcd-19db-426c-8314-b4739cbeafaa_214767308577397_1203546415146319,"The Star Sydney Poker",fixed,1,0,
bd7730a8-6a81-4ddf-a6c7-1d1a1c2a8f90_554057605040938_1542184763780130,"Poker Palace Australia",fixed,1,0,
FACEBOOK_112289674918260_854735654020305,"Kings Room",pending,0,1,
5a94c0cc-6a42-4d23-b8a2-fa2ad7c07828_112289674918260_863317359828801,"Kings Room",pending,0,1,
4ec16dcd-19db-426c-8314-b4739cbeafaa_214767308577397_991506303016999,"The Star Sydney Poker",fixed,1,0,
bd7730a8-6a81-4ddf-a6c7-1d1a1c2a8f90_554057605040938_1292627052069237,"Poker Palace Australia",fixed,1,0,
bd7730a8-6a81-4ddf-a6c7-1d1a1c2a8f90_554057605040938_1578744600124146,"Poker Palace Australia",fixed,1,0,
bd7730a8-6a81-4ddf-a6c7-1d1a1c2a8f90_554057605040938_1593186672013272,"Poker Palace Australia",fixed,1,0,
bd7730a8-6a81-4ddf-a6c7-1d1a1c2a8f90_554057605040938_1401376107860997,"Poker Palace Australia",fixed,1,0,
bd7730a8-6a81-4ddf-a6c7-1d1a1c2a8f90_554057605040938_1580506786614594,"Poker Palace Australia",fixed,1,0,
4ec16dcd-19db-426c-8314-b4739cbeafaa_214767308577397_1207580714742889,"The Star Sydney Poker",fixed,4,0,
bd7730a8-6a81-4ddf-a6c7-1d1a1c2a8f90_554057605040938_1397611121570829,"Poker Palace Australia",fixed,1,0,
4ec16dcd-19db-426c-8314-b4739cbeafaa_214767308577397_1236853038482323,"The Star Sydney Poker",fixed,2,0,
bd7730a8-6a81-4ddf-a6c7-1d1a1c2a8f90_554057605040938_1346332846698657,"Poker Palace Australia",fixed,1,0,
4ec16dcd-19db-426c-8314-b4739cbeafaa_214767308577397_687712200063079,"The Star Sydney Poker",fixed,1,0,
4ec16dcd-19db-426c-8314-b4739cbeafaa_214767308577397_1155721576595470,"The Star Sydney Poker",fixed,1,0,
bd7730a8-6a81-4ddf-a6c7-1d1a1c2a8f90_554057605040938_1674476790550926,"Poker Palace Australia",fixed,1,0,
bd7730a8-6a81-4ddf-a6c7-1d1a1c2a8f90_554057605040938_1275452017120074,"Poker Palace Australia",fixed,1,0,
4ec16dcd-19db-426c-8314-b4739cbeafaa_214767308577397_5657322444321829,"The Star Sydney Poker",fixed,1,0,
bd7730a8-6a81-4ddf-a6c7-1d1a1c2a8f90_554057605040938_1395127661819175,"Poker Palace Australia",fixed,1,0,
4ec16dcd-19db-426c-8314-b4739cbeafaa_214767308577397_857605339740430,"The Star Sydney Poker",fixed,1,0,
4ec16dcd-19db-426c-8314-b4739cbeafaa_214767308577397_781366924030939,"The Star Sydney Poker",fixed,1,0,
bd7730a8-6a81-4ddf-a6c7-1d1a1c2a8f90_554057605040938_1316933896305219,"Poker Palace Australia",fixed,1,0,
4ec16dcd-19db-426c-8314-b4739cbeafaa_214767308577397_1129986939168934,"The Star Sydney Poker",fixed,1,0,
bd7730a8-6a81-4ddf-a6c7-1d1a1c2a8f90_554057605040938_1369429981055610,"Poker Palace Australia",fixed,1,0,
bd7730a8-6a81-4ddf-a6c7-1d1a1c2a8f90_554057605040938_1502317074433566,"Poker Palace Australia",fixed,1,0,
bd7730a8-6a81-4ddf-a6c7-1d1a1c2a8f90_554057605040938_1580762263255713,"Poker Palace Australia",fixed,1,0,
bd7730a8-6a81-4ddf-a6c7-1d1a1c2a8f90_554057605040938_1214740303191246,"Poker Palace Australia",fixed,1,0,
bd7730a8-6a81-4ddf-a6c7-1d1a1c2a8f90_554057605040938_1629266888405250,"Poker Palace Australia",fixed,1,0,
4ec16dcd-19db-426c-8314-b4739cbeafaa_214767308577397_859329636234667,"The Star Sydney Poker",fixed,1,0,
4ec16dcd-19db-426c-8314-b4739cbeafaa_214767308577397_1034060365428259,"The Star Sydney Poker",fixed,1,0,
4ec16dcd-19db-426c-8314-b4739cbeafaa_214767308577397_1236471061853854,"The Star Sydney Poker",fixed,12,0,
4ec16dcd-19db-426c-8314-b4739cbeafaa_214767308577397_791558473011784,"The Star Sydney Poker",fixed,1,0,
4ec16dcd-19db-426c-8314-b4739cbeafaa_214767308577397_1145337587633869,"The Star Sydney Poker",fixed,1,0,
bd7730a8-6a81-4ddf-a6c7-1d1a1c2a8f90_554057605040938_1637886367543302,"Poker Palace Australia",fixed,1,0,
4ec16dcd-19db-426c-8314-b4739cbeafaa_214767308577397_975550791279217,"The Star Sydney Poker",fixed,1,0,
bd7730a8-6a81-4ddf-a6c7-1d1a1c2a8f90_554057605040938_1358832195448722,"Poker Palace Australia",fixed,1,0,
bd7730a8-6a81-4ddf-a6c7-1d1a1c2a8f90_554057605040938_1452906849374589,"Poker Palace Australia",fixed,1,0,
bd7730a8-6a81-4ddf-a6c7-1d1a1c2a8f90_554057605040938_1512701536728453,"Poker Palace Australia",fixed,1,0,
4ec16dcd-19db-426c-8314-b4739cbeafaa_214767308577397_987310350103261,"The Star Sydney Poker",fixed,1,0,
4ec16dcd-19db-426c-8314-b4739cbeafaa_214767308577397_875800834587547,"The Star Sydney Poker",fixed,1,0,
bd7730a8-6a81-4ddf-a6c7-1d1a1c2a8f90_554057605040938_1446720519993222,"Poker Palace Australia",fixed,1,0,
4ec16dcd-19db-426c-8314-b4739cbeafaa_214767308577397_6029952677058802,"The Star Sydney Poker",fixed,2,0,
4ec16dcd-19db-426c-8314-b4739cbeafaa_214767308577397_875805087920455,"The Star Sydney Poker",fixed,1,0,
4ec16dcd-19db-426c-8314-b4739cbeafaa_214767308577397_6029834500403953,"The Star Sydney Poker",fixed,2,0,
bd7730a8-6a81-4ddf-a6c7-1d1a1c2a8f90_554057605040938_1348372969827978,"Poker Palace Australia",fixed,1,0,
bd7730a8-6a81-4ddf-a6c7-1d1a1c2a8f90_554057605040938_1641377860527486,"Poker Palace Australia",fixed,1,0,
bd7730a8-6a81-4ddf-a6c7-1d1a1c2a8f90_554057605040938_1337600880905187,"Poker Palace Australia",fixed,1,0,
5a94c0cc-6a42-4d23-b8a2-fa2ad7c07828_112289674918260_124731700354041,"Kings Room",fixed,1,0,
4ec16dcd-19db-426c-8314-b4739cbeafaa_214767308577397_6002790139775056,"The Star Sydney Poker",fixed,2,0,
bd7730a8-6a81-4ddf-a6c7-1d1a1c2a8f90_554057605040938_1592640282067911,"Poker Palace Australia",fixed,1,0,
bd7730a8-6a81-4ddf-a6c7-1d1a1c2a8f90_554057605040938_1409809840350957,"Poker Palace Australia",fixed,1,0,
bd7730a8-6a81-4ddf-a6c7-1d1a1c2a8f90_554057605040938_1620302459301693,"Poker Palace Australia",fixed,1,0,
bd7730a8-6a81-4ddf-a6c7-1d1a1c2a8f90_554057605040938_1344243963574212,"Poker Palace Australia",fixed,1,0,
bd7730a8-6a81-4ddf-a6c7-1d1a1c2a8f90_554057605040938_1251906216141321,"Poker Palace Australia",fixed,1,0,
4ec16dcd-19db-426c-8314-b4739cbeafaa_214767308577397_1231406102360350,"The Star Sydney Poker",fixed,4,0,
bd7730a8-6a81-4ddf-a6c7-1d1a1c2a8f90_554057605040938_1608369277161678,"Poker Palace Australia",fixed,1,0,
4ec16dcd-19db-426c-8314-b4739cbeafaa_214767308577397_1272247714942855,"The Star Sydney Poker",fixed,1,0,
bd7730a8-6a81-4ddf-a6c7-1d1a1c2a8f90_554057605040938_1322267485771860,"Poker Palace Australia",fixed,1,0,
4ec16dcd-19db-426c-8314-b4739cbeafaa_214767308577397_1282192010615092,"The Star Sydney Poker",fixed,1,0,
bd7730a8-6a81-4ddf-a6c7-1d1a1c2a8f90_554057605040938_1426552152010059,"Poker Palace Australia",fixed,1,0,
bd7730a8-6a81-4ddf-a6c7-1d1a1c2a8f90_554057605040938_1665448804787058,"Poker Palace Australia",fixed,1,0,
bd7730a8-6a81-4ddf-a6c7-1d1a1c2a8f90_554057605040938_1360627055269236,"Poker Palace Australia",fixed,1,0,
bd7730a8-6a81-4ddf-a6c7-1d1a1c2a8f90_554057605040938_1281883553143587,"Poker Palace Australia",fixed,1,0,
bd7730a8-6a81-4ddf-a6c7-1d1a1c2a8f90_554057605040938_1626761808655758,"Poker Palace Australia",fixed,1,0,
bd7730a8-6a81-4ddf-a6c7-1d1a1c2a8f90_554057605040938_1413674036631204,"Poker Palace Australia",fixed,1,0,
5a94c0cc-6a42-4d23-b8a2-fa2ad7c07828_112289674918260_124751317018746,"Kings Room",fixed,1,0,
5a94c0cc-6a42-4d23-b8a2-fa2ad7c07828_112289674918260_123475323813012,"Kings Room",fixed,1,0,
4ec16dcd-19db-426c-8314-b4739cbeafaa_214767308577397_990236999810596,"The Star Sydney Poker",fixed,1,0,
4ec16dcd-19db-426c-8314-b4739cbeafaa_214767308577397_1131807598986868,"The Star Sydney Poker",fixed,4,0,
4ec16dcd-19db-426c-8314-b4739cbeafaa_214767308577397_1230073202493640,"The Star Sydney Poker",fixed,1,0,
4ec16dcd-19db-426c-8314-b4739cbeafaa_214767308577397_776822374485394,"The Star Sydney Poker",fixed,1,0,
4ec16dcd-19db-426c-8314-b4739cbeafaa_214767308577397_6046513802069356,"The Star Sydney Poker",fixed,2,0,
bd7730a8-6a81-4ddf-a6c7-1d1a1c2a8f90_554057605040938_1532686941396579,"Poker Palace Australia",fixed,1,0,
bd7730a8-6a81-4ddf-a6c7-1d1a1c2a8f90_554057605040938_1595226641809275,"Poker Palace Australia",fixed,1,0,
bd7730a8-6a81-4ddf-a6c7-1d1a1c2a8f90_554057605040938_1269164547748821,"Poker Palace Australia",fixed,1,0,
FACEBOOK_112289674918260_854917980668739,"Kings Room",pending,0,1,
bd7730a8-6a81-4ddf-a6c7-1d1a1c2a8f90_554057605040938_1332746471390628,"Poker Palace Australia",fixed,1,0,
bd7730a8-6a81-4ddf-a6c7-1d1a1c2a8f90_554057605040938_1297347094930566,"Poker Palace Australia",fixed,1,0,
4ec16dcd-19db-426c-8314-b4739cbeafaa_214767308577397_1230162652484695,"The Star Sydney Poker",fixed,12,0,
FACEBOOK_112289674918260_857659293727941,"Kings Room",pending,0,1,
bd7730a8-6a81-4ddf-a6c7-1d1a1c2a8f90_554057605040938_1398032778195330,"Poker Palace Australia",fixed,1,0,
bd7730a8-6a81-4ddf-a6c7-1d1a1c2a8f90_554057605040938_1614610076537598,"Poker Palace Australia",fixed,1,0,
4ec16dcd-19db-426c-8314-b4739cbeafaa_214767308577397_785925506908414,"The Star Sydney Poker",fixed,1,0,
bd7730a8-6a81-4ddf-a6c7-1d1a1c2a8f90_554057605040938_1249478029717473,"Poker Palace Australia",fixed,1,0,
bd7730a8-6a81-4ddf-a6c7-1d1a1c2a8f90_554057605040938_1488454265819847,"Poker Palace Australia",fixed,1,0,
bd7730a8-6a81-4ddf-a6c7-1d1a1c2a8f90_554057605040938_1240801290585147,"Poker Palace Australia",fixed,1,0,
4ec16dcd-19db-426c-8314-b4739cbeafaa_214767308577397_792295036271461,"The Star Sydney Poker",fixed,1,0,
bd7730a8-6a81-4ddf-a6c7-1d1a1c2a8f90_554057605040938_1518801736118433,"Poker Palace Australia",fixed,1,0,
4ec16dcd-19db-426c-8314-b4739cbeafaa_214767308577397_1231399182361042,"The Star Sydney Poker",fixed,3,0,
4ec16dcd-19db-426c-8314-b4739cbeafaa_214767308577397_1132399232261038,"The Star Sydney Poker",fixed,1,0,
5a94c0cc-6a42-4d23-b8a2-fa2ad7c07828_112289674918260_103347642492447,"Kings Room",fixed,1,0,
bd7730a8-6a81-4ddf-a6c7-1d1a1c2a8f90_554057605040938_1344746623523946,"Poker Palace Australia",fixed,1,0,
bd7730a8-6a81-4ddf-a6c7-1d1a1c2a8f90_554057605040938_1527245648607375,"Poker Palace Australia",fixed,1,0,
4ec16dcd-19db-426c-8314-b4739cbeafaa_214767308577397_1195748262592801,"The Star Sydney Poker",fixed,1,0,
4ec16dcd-19db-426c-8314-b4739cbeafaa_214767308577397_1227657332735227,"The Star Sydney Poker",fixed,1,0,
bd7730a8-6a81-4ddf-a6c7-1d1a1c2a8f90_554057605040938_1468262754505665,"Poker Palace Australia",fixed,1,0,
4ec16dcd-19db-426c-8314-b4739cbeafaa_214767308577397_915447313956232,"The Star Sydney Poker",fixed,1,0,
4ec16dcd-19db-426c-8314-b4739cbeafaa_214767308577397_992018479632448,"The Star Sydney Poker",fixed,1,0,
bd7730a8-6a81-4ddf-a6c7-1d1a1c2a8f90_554057605040938_1229095451755731,"Poker Palace Australia",fixed,1,0,
4ec16dcd-19db-426c-8314-b4739cbeafaa_214767308577397_1126982126136082,"The Star Sydney Poker",fixed,2,0,
bd7730a8-6a81-4ddf-a6c7-1d1a1c2a8f90_554057605040938_1662178401780765,"Poker Palace Australia",fixed,1,0,
bd7730a8-6a81-4ddf-a6c7-1d1a1c2a8f90_554057605040938_1593674021964537,"Poker Palace Australia",fixed,1,0,
4ec16dcd-19db-426c-8314-b4739cbeafaa_214767308577397_6035510339836369,"The Star Sydney Poker",fixed,1,0,
bd7730a8-6a81-4ddf-a6c7-1d1a1c2a8f90_554057605040938_1503731047625502,"Poker Palace Australia",fixed,1,0,
4ec16dcd-19db-426c-8314-b4739cbeafaa_214767308577397_904657981701832,"The Star Sydney Poker",fixed,1,0,
4ec16dcd-19db-426c-8314-b4739cbeafaa_214767308577397_1226550419512585,"The Star Sydney Poker",fixed,1,0,
4ec16dcd-19db-426c-8314-b4739cbeafaa_214767308577397_817944270373204,"The Star Sydney Poker",fixed,2,0,
bd7730a8-6a81-4ddf-a6c7-1d1a1c2a8f90_554057605040938_1248599029805373,"Poker Palace Australia",fixed,1,0,
4ec16dcd-19db-426c-8314-b4739cbeafaa_214767308577397_1217081213792839,"The Star Sydney Poker",fixed,11,0,
bd7730a8-6a81-4ddf-a6c7-1d1a1c2a8f90_554057605040938_1242704960394780,"Poker Palace Australia",fixed,1,0,
4ec16dcd-19db-426c-8314-b4739cbeafaa_214767308577397_1236628158504811,"The Star Sydney Poker",fixed,2,0,
4ec16dcd-19db-426c-8314-b4739cbeafaa_214767308577397_1232146312286329,"The Star Sydney Poker",fixed,2,0,
bd7730a8-6a81-4ddf-a6c7-1d1a1c2a8f90_554057605040938_1622828169049122,"Poker Palace Australia",fixed,1,0,
4ec16dcd-19db-426c-8314-b4739cbeafaa_214767308577397_984950980339198,"The Star Sydney Poker",fixed,1,0,
5a94c0cc-6a42-4d23-b8a2-fa2ad7c07828_112289674918260_861361706691033,"Kings Room",pending,0,1,
bd7730a8-6a81-4ddf-a6c7-1d1a1c2a8f90_554057605040938_1543005747031365,"Poker Palace Australia",fixed,1,0,
4ec16dcd-19db-426c-8314-b4739cbeafaa_214767308577397_1233209548846672,"The Star Sydney Poker",fixed,1,0,
4ec16dcd-19db-426c-8314-b4739cbeafaa_214767308577397_1192485279585766,"The Star Sydney Poker",fixed,1,0,
bd7730a8-6a81-4ddf-a6c7-1d1a1c2a8f90_554057605040938_1233865594612050,"Poker Palace Australia",fixed,1,0,
4ec16dcd-19db-426c-8314-b4739cbeafaa_214767308577397_683462967154669,"The Star Sydney Poker",fixed,1,0,
4ec16dcd-19db-426c-8314-b4739cbeafaa_214767308577397_1132483995585895,"The Star Sydney Poker",fixed,1,0,
4ec16dcd-19db-426c-8314-b4739cbeafaa_214767308577397_990250726475890,"The Star Sydney Poker",fixed,1,0,
4ec16dcd-19db-426c-8314-b4739cbeafaa_214767308577397_1236320438535583,"The Star Sydney Poker",fixed,1,0,
4ec16dcd-19db-426c-8314-b4739cbeafaa_214767308577397_773118254855806,"The Star Sydney Poker",fixed,1,0,
4ec16dcd-19db-426c-8314-b4739cbeafaa_214767308577397_1130348969132731,"The Star Sydney Poker",fixed,1,0,
bd7730a8-6a81-4ddf-a6c7-1d1a1c2a8f90_554057605040938_1307894550542487,"Poker Palace Australia",fixed,1,0,
4ec16dcd-19db-426c-8314-b4739cbeafaa_214767308577397_1257431703091123,"The Star Sydney Poker",fixed,1,0,
bd7730a8-6a81-4ddf-a6c7-1d1a1c2a8f90_554057605040938_1534315271233746,"Poker Palace Australia",fixed,1,0,
5a94c0cc-6a42-4d23-b8a2-fa2ad7c07828_112289674918260_121413104019234,"Kings Room",fixed,1,0,
4ec16dcd-19db-426c-8314-b4739cbeafaa_214767308577397_5898382856882452,"The Star Sydney Poker",fixed,1,0,
5a94c0cc-6a42-4d23-b8a2-fa2ad7c07828_112289674918260_124763913684153,"Kings Room",fixed,1,0,
bd7730a8-6a81-4ddf-a6c7-1d1a1c2a8f90_554057605040938_1684153689583236,"Poker Palace Australia",fixed,1,0,
4ec16dcd-19db-426c-8314-b4739cbeafaa_214767308577397_985973480236948,"The Star Sydney Poker",fixed,2,0,
4ec16dcd-19db-426c-8314-b4739cbeafaa_214767308577397_990469933120636,"The Star Sydney Poker",fixed,1,0,
bd7730a8-6a81-4ddf-a6c7-1d1a1c2a8f90_554057605040938_1253273452671264,"Poker Palace Australia",fixed,1,0,
bd7730a8-6a81-4ddf-a6c7-1d1a1c2a8f90_554057605040938_1252085176123425,"Poker Palace Australia",fixed,1,0,
bd7730a8-6a81-4ddf-a6c7-1d1a1c2a8f90_554057605040938_1627525091912763,"Poker Palace Australia",fixed,1,0,
bd7730a8-6a81-4ddf-a6c7-1d1a1c2a8f90_554057605040938_1202186974446579,"Poker Palace Australia",fixed,1,0,
4ec16dcd-19db-426c-8314-b4739cbeafaa_214767308577397_865594495608181,"The Star Sydney Poker",fixed,1,0,
4ec16dcd-19db-426c-8314-b4739cbeafaa_214767308577397_865129925654638,"The Star Sydney Poker",fixed,1,0,
bd7730a8-6a81-4ddf-a6c7-1d1a1c2a8f90_554057605040938_1273900277275248,"Poker Palace Australia",fixed,1,0,
4ec16dcd-19db-426c-8314-b4739cbeafaa_214767308577397_805464101621221,"The Star Sydney Poker",fixed,1,0,
bd7730a8-6a81-4ddf-a6c7-1d1a1c2a8f90_554057605040938_1197102624955014,"Poker Palace Australia",fixed,1,0,
bd7730a8-6a81-4ddf-a6c7-1d1a1c2a8f90_554057605040938_1548314289833844,"Poker Palace Australia",fixed,1,0,
4ec16dcd-19db-426c-8314-b4739cbeafaa_214767308577397_990932686407694,"The Star Sydney Poker",fixed,1,0,
4ec16dcd-19db-426c-8314-b4739cbeafaa_214767308577397_860960226071608,"The Star Sydney Poker",fixed,1,0,
bd7730a8-6a81-4ddf-a6c7-1d1a1c2a8f90_554057605040938_1221326675865942,"Poker Palace Australia",fixed,1,0,
bd7730a8-6a81-4ddf-a6c7-1d1a1c2a8f90_554057605040938_1546385270026746,"Poker Palace Australia",fixed,1,0,
bd7730a8-6a81-4ddf-a6c7-1d1a1c2a8f90_554057605040938_1241393797192563,"Poker Palace Australia",fixed,1,0,
bd7730a8-6a81-4ddf-a6c7-1d1a1c2a8f90_554057605040938_1230503604948249,"Poker Palace Australia",fixed,1,0,
4ec16dcd-19db-426c-8314-b4739cbeafaa_214767308577397_875801674587463,"The Star Sydney Poker",fixed,1,0,
4ec16dcd-19db-426c-8314-b4739cbeafaa_214767308577397_5841668032553935,"The Star Sydney Poker",fixed,2,0,
bd7730a8-6a81-4ddf-a6c7-1d1a1c2a8f90_554057605040938_1239438580721418,"Poker Palace Australia",fixed,1,0,
bd7730a8-6a81-4ddf-a6c7-1d1a1c2a8f90_554057605040938_1376779820320626,"Poker Palace Australia",fixed,1,0,
bd7730a8-6a81-4ddf-a6c7-1d1a1c2a8f90_554057605040938_1597549498243656,"Poker Palace Australia",fixed,1,0,
bd7730a8-6a81-4ddf-a6c7-1d1a1c2a8f90_554057605040938_1295478611784081,"Poker Palace Australia",fixed,1,0,
4ec16dcd-19db-426c-8314-b4739cbeafaa_214767308577397_1202709975229963,"The Star Sydney Poker",fixed,1,0,
bd7730a8-6a81-4ddf-a6c7-1d1a1c2a8f90_554057605040938_1317073836291225,"Poker Palace Australia",fixed,1,0,
4ec16dcd-19db-426c-8314-b4739cbeafaa_214767308577397_1197462062421421,"The Star Sydney Poker",fixed,1,0,
4ec16dcd-19db-426c-8314-b4739cbeafaa_214767308577397_982100033957626,"The Star Sydney Poker",fixed,1,0,
4ec16dcd-19db-426c-8314-b4739cbeafaa_214767308577397_1123959293105032,"The Star Sydney Poker",fixed,2,0,
4ec16dcd-19db-426c-8314-b4739cbeafaa_214767308577397_1187572533410374,"The Star Sydney Poker",fixed,1,0,
bd7730a8-6a81-4ddf-a6c7-1d1a1c2a8f90_554057605040938_1523184059013534,"Poker Palace Australia",fixed,1,0,
4ec16dcd-19db-426c-8314-b4739cbeafaa_214767308577397_1106157154885246,"The Star Sydney Poker",fixed,1,0,
5a94c0cc-6a42-4d23-b8a2-fa2ad7c07828_112289674918260_124254647068413,"Kings Room",fixed,1,0,
bd7730a8-6a81-4ddf-a6c7-1d1a1c2a8f90_554057605040938_1408637743801500,"Poker Palace Australia",fixed,1,0,
bd7730a8-6a81-4ddf-a6c7-1d1a1c2a8f90_554057605040938_1589932412338698,"Poker Palace Australia",fixed,1,0,
bd7730a8-6a81-4ddf-a6c7-1d1a1c2a8f90_554057605040938_1597592508239355,"Poker Palace Australia",fixed,1,0,
4ec16dcd-19db-426c-8314-b4739cbeafaa_214767308577397_1223048119862815,"The Star Sydney Poker",fixed,1,0,
bd7730a8-6a81-4ddf-a6c7-1d1a1c2a8f90_554057605040938_1615826633082609,"Poker Palace Australia",fixed,1,0,
bd7730a8-6a81-4ddf-a6c7-1d1a1c2a8f90_554057605040938_1301986951133247,"Poker Palace Australia",fixed,1,0,
bd7730a8-6a81-4ddf-a6c7-1d1a1c2a8f90_554057605040938_1578779553453984,"Poker Palace Australia",fixed,1,0,
bd7730a8-6a81-4ddf-a6c7-1d1a1c2a8f90_554057605040938_1369357037729571,"Poker Palace Australia",fixed,1,0,
bd7730a8-6a81-4ddf-a6c7-1d1a1c2a8f90_554057605040938_1246560716675871,"Poker Palace Australia",fixed,1,0,
bd7730a8-6a81-4ddf-a6c7-1d1a1c2a8f90_554057605040938_1369343377730937,"Poker Palace Australia",fixed,1,0,
4ec16dcd-19db-426c-8314-b4739cbeafaa_214767308577397_1116982367136058,"The Star Sydney Poker",fixed,1,0,
bd7730a8-6a81-4ddf-a6c7-1d1a1c2a8f90_554057605040938_1486770849321522,"Poker Palace Australia",fixed,1,0,
4ec16dcd-19db-426c-8314-b4739cbeafaa_214767308577397_1133217978845830,"The Star Sydney Poker",fixed,1,0,
bd7730a8-6a81-4ddf-a6c7-1d1a1c2a8f90_554057605040938_1501258387872768,"Poker Palace Australia",fixed,1,0,
4ec16dcd-19db-426c-8314-b4739cbeafaa_214767308577397_983594907141472,"The Star Sydney Poker",fixed,1,0,
bd7730a8-6a81-4ddf-a6c7-1d1a1c2a8f90_554057605040938_1625742578757681,"Poker Palace Australia",fixed,1,0,
4ec16dcd-19db-426c-8314-b4739cbeafaa_214767308577397_1124842213016740,"The Star Sydney Poker",fixed,1,0,
bd7730a8-6a81-4ddf-a6c7-1d1a1c2a8f90_554057605040938_1383924396272835,"Poker Palace Australia",fixed,1,0,
4ec16dcd-19db-426c-8314-b4739cbeafaa_214767308577397_676401067860859,"The Star Sydney Poker",fixed,1,0,
bd7730a8-6a81-4ddf-a6c7-1d1a1c2a8f90_554057605040938_1551073796224560,"Poker Palace Australia",fixed,1,0,
4ec16dcd-19db-426c-8314-b4739cbeafaa_214767308577397_1225801219587505,"The Star Sydney Poker",fixed,1,0,
4ec16dcd-19db-426c-8314-b4739cbeafaa_214767308577397_860538712780426,"The Star Sydney Poker",fixed,1,0,
bd7730a8-6a81-4ddf-a6c7-1d1a1c2a8f90_554057605040938_1402095551122386,"Poker Palace Australia",fixed,1,0,
4ec16dcd-19db-426c-8314-b4739cbeafaa_214767308577397_865527995614831,"The Star Sydney Poker",fixed,1,0,
4ec16dcd-19db-426c-8314-b4739cbeafaa_214767308577397_5736008673119872,"The Star Sydney Poker",fixed,2,0,
bd7730a8-6a81-4ddf-a6c7-1d1a1c2a8f90_554057605040938_1568578384474101,"Poker Palace Australia",fixed,1,0,
bd7730a8-6a81-4ddf-a6c7-1d1a1c2a8f90_554057605040938_1313344713330804,"Poker Palace Australia",fixed,1,0,
bd7730a8-6a81-4ddf-a6c7-1d1a1c2a8f90_554057605040938_1442343233764284,"Poker Palace Australia",fixed,1,0,
4ec16dcd-19db-426c-8314-b4739cbeafaa_214767308577397_1260176936149933,"The Star Sydney Poker",fixed,1,0,
4ec16dcd-19db-426c-8314-b4739cbeafaa_214767308577397_688271246673841,"The Star Sydney Poker",fixed,1,0,
4ec16dcd-19db-426c-8314-b4739cbeafaa_214767308577397_863210359179928,"The Star Sydney Poker",fixed,4,0,
bd7730a8-6a81-4ddf-a6c7-1d1a1c2a8f90_554057605040938_1422791792386095,"Poker Palace Australia",fixed,1,0,
5a94c0cc-6a42-4d23-b8a2-fa2ad7c07828_112289674918260_119873367506541,"Kings Room",fixed,10,0,
4ec16dcd-19db-426c-8314-b4739cbeafaa_214767308577397_1226014186232875,"The Star Sydney Poker",fixed,1,0,
bd7730a8-6a81-4ddf-a6c7-1d1a1c2a8f90_554057605040938_1465476828117591,"Poker Palace Australia",fixed,1,0,
bd7730a8-6a81-4ddf-a6c7-1d1a1c2a8f90_554057605040938_1286666992665243,"Poker Palace Australia",fixed,1,0,
4ec16dcd-19db-426c-8314-b4739cbeafaa_214767308577397_753003170200648,"The Star Sydney Poker",fixed,1,0,
bd7730a8-6a81-4ddf-a6c7-1d1a1c2a8f90_554057605040938_1309493363715939,"Poker Palace Australia",fixed,1,0,
bd7730a8-6a81-4ddf-a6c7-1d1a1c2a8f90_554057605040938_1397497384915536,"Poker Palace Australia",fixed,1,0,
bd7730a8-6a81-4ddf-a6c7-1d1a1c2a8f90_554057605040938_1423587162306558,"Poker Palace Australia",fixed,1,0,
4ec16dcd-19db-426c-8314-b4739cbeafaa_214767308577397_678715340962765,"The Star Sydney Poker",fixed,1,0,
4ec16dcd-19db-426c-8314-b4739cbeafaa_214767308577397_6145019645552104,"The Star Sydney Poker",fixed,1,0,
4ec16dcd-19db-426c-8314-b4739cbeafaa_214767308577397_1224923749675252,"The Star Sydney Poker",fixed,1,0,
bd7730a8-6a81-4ddf-a6c7-1d1a1c2a8f90_554057605040938_1489097169088890,"Poker Palace Australia",fixed,1,0,
4ec16dcd-19db-426c-8314-b4739cbeafaa_214767308577397_1225654529602174,"The Star Sydney Poker",fixed,3,0,
bd7730a8-6a81-4ddf-a6c7-1d1a1c2a8f90_554057605040938_1583320212999918,"Poker Palace Australia",fixed,1,0,
bd7730a8-6a81-4ddf-a6c7-1d1a1c2a8f90_554057605040938_1505994604065813,"Poker Palace Australia",fixed,1,0,
bd7730a8-6a81-4ddf-a6c7-1d1a1c2a8f90_554057605040938_1582411603090779,"Poker Palace Australia",fixed,1,0,
4ec16dcd-19db-426c-8314-b4739cbeafaa_214767308577397_863571102477187,"The Star Sydney Poker",fixed,1,0,
4ec16dcd-19db-426c-8314-b4739cbeafaa_214767308577397_849545423879755,"The Star Sydney Poker",fixed,1,0,
bd7730a8-6a81-4ddf-a6c7-1d1a1c2a8f90_554057605040938_1346988549966420,"Poker Palace Australia",fixed,1,0,
4ec16dcd-19db-426c-8314-b4739cbeafaa_214767308577397_5865277646859640,"The Star Sydney Poker",fixed,1,0,
4ec16dcd-19db-426c-8314-b4739cbeafaa_214767308577397_1124725526361742,"The Star Sydney Poker",fixed,1,0,
bd7730a8-6a81-4ddf-a6c7-1d1a1c2a8f90_554057605040938_1310147856983823,"Poker Palace Australia",fixed,1,0,
4ec16dcd-19db-426c-8314-b4739cbeafaa_214767308577397_853000426867588,"The Star Sydney Poker",fixed,1,0,
4ec16dcd-19db-426c-8314-b4739cbeafaa_214767308577397_808399914660973,"The Star Sydney Poker",fixed,1,0,
bd7730a8-6a81-4ddf-a6c7-1d1a1c2a8f90_554057605040938_1590045852327354,"Poker Palace Australia",fixed,1,0,
bd7730a8-6a81-4ddf-a6c7-1d1a1c2a8f90_554057605040938_1566224338042839,"Poker Palace Australia",fixed,1,0,
4ec16dcd-19db-426c-8314-b4739cbeafaa_214767308577397_1126028499564778,"The Star Sydney Poker",fixed,1,0,
bd7730a8-6a81-4ddf-a6c7-1d1a1c2a8f90_554057605040938_1649289753069630,"Poker Palace Australia",fixed,1,0,
4ec16dcd-19db-426c-8314-b4739cbeafaa_214767308577397_6148729355181133,"The Star Sydney Poker",fixed,2,0,
4ec16dcd-19db-426c-8314-b4739cbeafaa_214767308577397_5954137651306972,"The Star Sydney Poker",fixed,2,0,
4ec16dcd-19db-426c-8314-b4739cbeafaa_214767308577397_5714621248591948,"The Star Sydney Poker",fixed,2,0,
4ec16dcd-19db-426c-8314-b4739cbeafaa_214767308577397_990954539738842,"The Star Sydney Poker",fixed,1,0,
4ec16dcd-19db-426c-8314-b4739cbeafaa_214767308577397_5922173827836688,"The Star Sydney Poker",fixed,1,0,
4ec16dcd-19db-426c-8314-b4739cbeafaa_214767308577397_1159824509518510,"The Star Sydney Poker",fixed,1,0,
bd7730a8-6a81-4ddf-a6c7-1d1a1c2a8f90_554057605040938_1245430406788902,"Poker Palace Australia",fixed,1,0,
4ec16dcd-19db-426c-8314-b4739cbeafaa_214767308577397_1035568615277434,"The Star Sydney Poker",fixed,1,0,
bd7730a8-6a81-4ddf-a6c7-1d1a1c2a8f90_554057605040938_1658782555453683,"Poker Palace Australia",fixed,1,0,
4ec16dcd-19db-426c-8314-b4739cbeafaa_214767308577397_1213355490832078,"The Star Sydney Poker",fixed,1,0,
4ec16dcd-19db-426c-8314-b4739cbeafaa_214767308577397_691445786356387,"The Star Sydney Poker",fixed,1,0,
5a94c0cc-6a42-4d23-b8a2-fa2ad7c07828_112289674918260_125320706961807,"Kings Room",fixed,4,0,
4ec16dcd-19db-426c-8314-b4739cbeafaa_214767308577397_1158147573019537,"The Star Sydney Poker",fixed,1,0,
bd7730a8-6a81-4ddf-a6c7-1d1a1c2a8f90_554057605040938_1676641053667833,"Poker Palace Australia",fixed,1,0,
bd7730a8-6a81-4ddf-a6c7-1d1a1c2a8f90_554057605040938_1634570067874932,"Poker Palace Australia",fixed,1,0,
4ec16dcd-19db-426c-8314-b4739cbeafaa_214767308577397_1057589186408710,"The Star Sydney Poker",fixed,3,0,
4ec16dcd-19db-426c-8314-b4739cbeafaa_214767308577397_1236630721837888,"The Star Sydney Poker",fixed,2,0,
4ec16dcd-19db-426c-8314-b4739cbeafaa_214767308577397_6144581312262604,"The Star Sydney Poker",fixed,1,0,
bd7730a8-6a81-4ddf-a6c7-1d1a1c2a8f90_554057605040938_1343131817018760,"Poker Palace Australia",fixed,1,0,
4ec16dcd-19db-426c-8314-b4739cbeafaa_214767308577397_1233765875457706,"The Star Sydney Poker",fixed,1,0,
4ec16dcd-19db-426c-8314-b4739cbeafaa_214767308577397_1225109092990051,"The Star Sydney Poker",fixed,1,0,
4ec16dcd-19db-426c-8314-b4739cbeafaa_214767308577397_1127883349379293,"The Star Sydney Poker",fixed,2,0,
4ec16dcd-19db-426c-8314-b4739cbeafaa_214767308577397_988684696632493,"The Star Sydney Poker",fixed,1,0,
bd7730a8-6a81-4ddf-a6c7-1d1a1c2a8f90_554057605040938_1384451252886816,"Poker Palace Australia",fixed,1,0,
4ec16dcd-19db-426c-8314-b4739cbeafaa_214767308577397_860500239450940,"The Star Sydney Poker",fixed,12,0,
4ec16dcd-19db-426c-8314-b4739cbeafaa_214767308577397_813835077450790,"The Star Sydney Poker",fixed,1,0,
bd7730a8-6a81-4ddf-a6c7-1d1a1c2a8f90_554057605040938_1589295619069044,"Poker Palace Australia",fixed,1,0,
bd7730a8-6a81-4ddf-a6c7-1d1a1c2a8f90_554057605040938_1627842215214384,"Poker Palace Australia",fixed,1,0,
bd7730a8-6a81-4ddf-a6c7-1d1a1c2a8f90_554057605040938_1537085464290060,"Poker Palace Australia",fixed,1,0,
bd7730a8-6a81-4ddf-a6c7-1d1a1c2a8f90_554057605040938_1586234742708465,"Poker Palace Australia",fixed,1,0,
4ec16dcd-19db-426c-8314-b4739cbeafaa_214767308577397_736835081817457,"The Star Sydney Poker",fixed,1,0,
bd7730a8-6a81-4ddf-a6c7-1d1a1c2a8f90_554057605040938_1435071374491470,"Poker Palace Australia",fixed,1,0,
4ec16dcd-19db-426c-8314-b4739cbeafaa_214767308577397_5686004264786980,"The Star Sydney Poker",fixed,1,0,
bd7730a8-6a81-4ddf-a6c7-1d1a1c2a8f90_554057605040938_1480741166591157,"Poker Palace Australia",fixed,1,0,
4ec16dcd-19db-426c-8314-b4739cbeafaa_214767308577397_1114343714066590,"The Star Sydney Poker",fixed,2,0,
4ec16dcd-19db-426c-8314-b4739cbeafaa_214767308577397_1080688507432111,"The Star Sydney Poker",fixed,1,0,
bd7730a8-6a81-4ddf-a6c7-1d1a1c2a8f90_554057605040938_1549007073097899,"Poker Palace Australia",fixed,1,0,
bd7730a8-6a81-4ddf-a6c7-1d1a1c2a8f90_554057605040938_1328632418468700,"Poker Palace Australia",fixed,1,0,
4ec16dcd-19db-426c-8314-b4739cbeafaa_214767308577397_984336423733987,"The Star Sydney Poker",fixed,1,0,
bd7730a8-6a81-4ddf-a6c7-1d1a1c2a8f90_554057605040938_1485881882743752,"Poker Palace Australia",fixed,1,0,
bd7730a8-6a81-4ddf-a6c7-1d1a1c2a8f90_554057605040938_1494354951896445,"Poker Palace Australia",fixed,1,0,
4ec16dcd-19db-426c-8314-b4739cbeafaa_214767308577397_821339543367010,"The Star Sydney Poker",fixed,1,0,
bd7730a8-6a81-4ddf-a6c7-1d1a1c2a8f90_554057605040938_1442130030452271,"Poker Palace Australia",fixed,1,0,
bd7730a8-6a81-4ddf-a6c7-1d1a1c2a8f90_554057605040938_1475798647085409,"Poker Palace Australia",fixed,1,0,
4ec16dcd-19db-426c-8314-b4739cbeafaa_214767308577397_803505155150449,"The Star Sydney Poker",fixed,1,0,
4ec16dcd-19db-426c-8314-b4739cbeafaa_214767308577397_6063436727043730,"The Star Sydney Poker",fixed,1,0,
4ec16dcd-19db-426c-8314-b4739cbeafaa_214767308577397_991512596349703,"The Star Sydney Poker",fixed,1,0,
4ec16dcd-19db-426c-8314-b4739cbeafaa_214767308577397_5767349463319126,"The Star Sydney Poker",fixed,2,0,
4ec16dcd-19db-426c-8314-b4739cbeafaa_214767308577397_1283743300459963,"The Star Sydney Poker",fixed,1,0,
4ec16dcd-19db-426c-8314-b4739cbeafaa_214767308577397_728980045936294,"The Star Sydney Poker",fixed,1,0,
bd7730a8-6a81-4ddf-a6c7-1d1a1c2a8f90_554057605040938_1242148997117043,"Poker Palace Australia",fixed,1,0,
bd7730a8-6a81-4ddf-a6c7-1d1a1c2a8f90_554057605040938_1258926378772638,"Poker Palace Australia",fixed,1,0,
bd7730a8-6a81-4ddf-a6c7-1d1a1c2a8f90_554057605040938_1590654715599801,"Poker Palace Australia",fixed,1,0,
bd7730a8-6a81-4ddf-a6c7-1d1a1c2a8f90_554057605040938_1300526057946003,"Poker Palace Australia",fixed,1,0,
bd7730a8-6a81-4ddf-a6c7-1d1a1c2a8f90_554057605040938_1394479615217313,"Poker Palace Australia",fixed,1,0,
4ec16dcd-19db-426c-8314-b4739cbeafaa_214767308577397_978368014330828,"The Star Sydney Poker",fixed,1,0,
4ec16dcd-19db-426c-8314-b4739cbeafaa_214767308577397_791557769678521,"The Star Sydney Poker",fixed,1,0,
bd7730a8-6a81-4ddf-a6c7-1d1a1c2a8f90_554057605040938_1346208646711077,"Poker Palace Australia",fixed,1,0,
4ec16dcd-19db-426c-8314-b4739cbeafaa_214767308577397_983065293861100,"The Star Sydney Poker",fixed,1,0,
5a94c0cc-6a42-4d23-b8a2-fa2ad7c07828_112289674918260_865646472929223,"Kings Room",fixed,1,0,
4ec16dcd-19db-426c-8314-b4739cbeafaa_214767308577397_5652362948151112,"The Star Sydney Poker",fixed,1,0,
4ec16dcd-19db-426c-8314-b4739cbeafaa_214767308577397_1228562315978062,"The Star Sydney Poker",fixed,1,0,
bd7730a8-6a81-4ddf-a6c7-1d1a1c2a8f90_554057605040938_1197365011595442,"Poker Palace Australia",fixed,1,0,
4ec16dcd-19db-426c-8314-b4739cbeafaa_214767308577397_1227326106101683,"The Star Sydney Poker",fixed,1,0,
bd7730a8-6a81-4ddf-a6c7-1d1a1c2a8f90_554057605040938_1211376150194328,"Poker Palace Australia",fixed,1,0,
4ec16dcd-19db-426c-8314-b4739cbeafaa_214767308577397_773112771523021,"The Star Sydney Poker",fixed,1,0,
4ec16dcd-19db-426c-8314-b4739cbeafaa_214767308577397_734122325422066,"The Star Sydney Poker",fixed,1,0,
4ec16dcd-19db-426c-8314-b4739cbeafaa_214767308577397_737385478429084,"The Star Sydney Poker",fixed,1,0,
bd7730a8-6a81-4ddf-a6c7-1d1a1c2a8f90_554057605040938_1472910760707531,"Poker Palace Australia",fixed,1,0,
bd7730a8-6a81-4ddf-a6c7-1d1a1c2a8f90_554057605040938_1554423829222890,"Poker Palace Australia",fixed,1,0,
4ec16dcd-19db-426c-8314-b4739cbeafaa_214767308577397_1130287329138895,"The Star Sydney Poker",fixed,3,0,
4ec16dcd-19db-426c-8314-b4739cbeafaa_214767308577397_1192471532920474,"The Star Sydney Poker",fixed,1,0,
bd7730a8-6a81-4ddf-a6c7-1d1a1c2a8f90_554057605040938_1299466318051977,"Poker Palace Australia",fixed,1,0,
4ec16dcd-19db-426c-8314-b4739cbeafaa_214767308577397_1184423037058657,"The Star Sydney Poker",fixed,1,0,
bd7730a8-6a81-4ddf-a6c7-1d1a1c2a8f90_554057605040938_1565144221484184,"Poker Palace Australia",fixed,1,0,
4ec16dcd-19db-426c-8314-b4739cbeafaa_214767308577397_1125957066238588,"The Star Sydney Poker",fixed,1,0,
bd7730a8-6a81-4ddf-a6c7-1d1a1c2a8f90_554057605040938_1200863127912297,"Poker Palace Australia",fixed,1,0,
bd7730a8-6a81-4ddf-a6c7-1d1a1c2a8f90_554057605040938_1474528453879095,"Poker Palace Australia",fixed,1,0,
bd7730a8-6a81-4ddf-a6c7-1d1a1c2a8f90_554057605040938_1573585173973422,"Poker Palace Australia",fixed,1,0,
5a94c0cc-6a42-4d23-b8a2-fa2ad7c07828_112289674918260_122011367292741,"Kings Room",fixed,1,0,
4ec16dcd-19db-426c-8314-b4739cbeafaa_214767308577397_685852786915687,"The Star Sydney Poker",fixed,1,0,
4ec16dcd-19db-426c-8314-b4739cbeafaa_214767308577397_1124445033056458,"The Star Sydney Poker",fixed,1,0,
4ec16dcd-19db-426c-8314-b4739cbeafaa_214767308577397_1133264558841172,"The Star Sydney Poker",fixed,2,0,
4ec16dcd-19db-426c-8314-b4739cbeafaa_214767308577397_1057601899740772,"The Star Sydney Poker",fixed,1,0,
bd7730a8-6a81-4ddf-a6c7-1d1a1c2a8f90_554057605040938_1535239114474695,"Poker Palace Australia",fixed,1,0,
4ec16dcd-19db-426c-8314-b4739cbeafaa_214767308577397_6217104125010322,"The Star Sydney Poker",fixed,1,0,
4ec16dcd-19db-426c-8314-b4739cbeafaa_214767308577397_1220603120107315,"The Star Sydney Poker",fixed,1,0,
bd7730a8-6a81-4ddf-a6c7-1d1a1c2a8f90_554057605040938_1678708273461111,"Poker Palace Australia",fixed,1,0,
4ec16dcd-19db-426c-8314-b4739cbeafaa_214767308577397_773114684856163,"The Star Sydney Poker",fixed,1,0,
4ec16dcd-19db-426c-8314-b4739cbeafaa_214767308577397_1226019759565651,"The Star Sydney Poker",fixed,1,0,
bd7730a8-6a81-4ddf-a6c7-1d1a1c2a8f90_554057605040938_1506014364063837,"Poker Palace Australia",fixed,1,0,
FACEBOOK_112289674918260_856054973888373,"Kings Room",pending,0,1,
bd7730a8-6a81-4ddf-a6c7-1d1a1c2a8f90_554057605040938_1690886282243310,"Poker Palace Australia",fixed,1,0,
bd7730a8-6a81-4ddf-a6c7-1d1a1c2a8f90_554057605040938_1604316757566930,"Poker Palace Australia",fixed,1,0,
bd7730a8-6a81-4ddf-a6c7-1d1a1c2a8f90_554057605040938_1678785003453438,"Poker Palace Australia",fixed,1,0,
bd7730a8-6a81-4ddf-a6c7-1d1a1c2a8f90_554057605040938_1585596746105598,"Poker Palace Australia",fixed,1,0,
4ec16dcd-19db-426c-8314-b4739cbeafaa_214767308577397_6220351324685602,"The Star Sydney Poker",fixed,2,0,
bd7730a8-6a81-4ddf-a6c7-1d1a1c2a8f90_554057605040938_1586562129342393,"Poker Palace Australia",fixed,1,0,
bd7730a8-6a81-4ddf-a6c7-1d1a1c2a8f90_554057605040938_1524608805537726,"Poker Palace Australia",fixed,1,0,
4ec16dcd-19db-426c-8314-b4739cbeafaa_214767308577397_1126776462823315,"The Star Sydney Poker",fixed,1,0,
bd7730a8-6a81-4ddf-a6c7-1d1a1c2a8f90_554057605040938_1527897888542151,"Poker Palace Australia",fixed,1,0,
4ec16dcd-19db-426c-8314-b4739cbeafaa_214767308577397_1190286339805660,"The Star Sydney Poker",fixed,1,0,
4ec16dcd-19db-426c-8314-b4739cbeafaa_214767308577397_1191163076384653,"The Star Sydney Poker",fixed,1,0,
4ec16dcd-19db-426c-8314-b4739cbeafaa_214767308577397_6033421590045244,"The Star Sydney Poker",fixed,1,0,
bd7730a8-6a81-4ddf-a6c7-1d1a1c2a8f90_554057605040938_1341704173828191,"Poker Palace Australia",fixed,1,0,
4ec16dcd-19db-426c-8314-b4739cbeafaa_214767308577397_983576053810024,"The Star Sydney Poker",fixed,1,0,
bd7730a8-6a81-4ddf-a6c7-1d1a1c2a8f90_554057605040938_1408204973844777,"Poker Palace Australia",fixed,1,0,
bd7730a8-6a81-4ddf-a6c7-1d1a1c2a8f90_554057605040938_1294146581917284,"Poker Palace Australia",fixed,1,0,
4ec16dcd-19db-426c-8314-b4739cbeafaa_214767308577397_849629190538045,"The Star Sydney Poker",fixed,1,0,
4ec16dcd-19db-426c-8314-b4739cbeafaa_214767308577397_1087576643409964,"The Star Sydney Poker",fixed,1,0,
bd7730a8-6a81-4ddf-a6c7-1d1a1c2a8f90_554057605040938_1482902199708387,"Poker Palace Australia",fixed,1,0,
bd7730a8-6a81-4ddf-a6c7-1d1a1c2a8f90_554057605040938_1637169897614949,"Poker Palace Australia",fixed,1,0,
bd7730a8-6a81-4ddf-a6c7-1d1a1c2a8f90_554057605040938_1418586296139978,"Poker Palace Australia",fixed,1,0,
bd7730a8-6a81-4ddf-a6c7-1d1a1c2a8f90_554057605040938_1452856479379626,"Poker Palace Australia",fixed,1,0,
bd7730a8-6a81-4ddf-a6c7-1d1a1c2a8f90_554057605040938_1541179780547295,"Poker Palace Australia",fixed,1,0,
bd7730a8-6a81-4ddf-a6c7-1d1a1c2a8f90_554057605040938_1588952319103374,"Poker Palace Australia",fixed,1,0,
bd7730a8-6a81-4ddf-a6c7-1d1a1c2a8f90_554057605040938_1428066811858593,"Poker Palace Australia",fixed,1,0,
bd7730a8-6a81-4ddf-a6c7-1d1a1c2a8f90_554057605040938_1347425049922770,"Poker Palace Australia",fixed,1,0,
4ec16dcd-19db-426c-8314-b4739cbeafaa_214767308577397_991957089638587,"The Star Sydney Poker",fixed,3,0,
bd7730a8-6a81-4ddf-a6c7-1d1a1c2a8f90_554057605040938_1449574083041199,"Poker Palace Australia",fixed,1,0,
4ec16dcd-19db-426c-8314-b4739cbeafaa_214767308577397_966523225515307,"The Star Sydney Poker",fixed,1,0,
bd7730a8-6a81-4ddf-a6c7-1d1a1c2a8f90_554057605040938_1678555116809760,"Poker Palace Australia",fixed,1,0,
5a94c0cc-6a42-4d23-b8a2-fa2ad7c07828_112289674918260_119959197497958,"Kings Room",fixed,1,0,
4ec16dcd-19db-426c-8314-b4739cbeafaa_214767308577397_5963151643738906,"The Star Sydney Poker",fixed,1,0,
bd7730a8-6a81-4ddf-a6c7-1d1a1c2a8f90_554057605040938_1283361386329137,"Poker Palace Australia",fixed,1,0,
5a94c0cc-6a42-4d23-b8a2-fa2ad7c07828_112289674918260_867288999431637,"Kings Room",fixed,1,0,
4ec16dcd-19db-426c-8314-b4739cbeafaa_214767308577397_1171686384998989,"The Star Sydney Poker",fixed,1,0,
bd7730a8-6a81-4ddf-a6c7-1d1a1c2a8f90_554057605040938_1238507847481158,"Poker Palace Australia",fixed,1,0,
4ec16dcd-19db-426c-8314-b4739cbeafaa_214767308577397_1130816162419345,"The Star Sydney Poker",fixed,1,0,
4ec16dcd-19db-426c-8314-b4739cbeafaa_214767308577397_1123086769858951,"The Star Sydney Poker",fixed,1,0,
bd7730a8-6a81-4ddf-a6c7-1d1a1c2a8f90_554057605040938_1195913591740584,"Poker Palace Australia",fixed,1,0,
bd7730a8-6a81-4ddf-a6c7-1d1a1c2a8f90_554057605040938_1171339230566522,"Poker Palace Australia",fixed,1,0,
bd7730a8-6a81-4ddf-a6c7-1d1a1c2a8f90_554057605040938_1524615488870391,"Poker Palace Australia",fixed,1,0,
4ec16dcd-19db-426c-8314-b4739cbeafaa_214767308577397_986536846847278,"The Star Sydney Poker",fixed,1,0,
4ec16dcd-19db-426c-8314-b4739cbeafaa_214767308577397_1191965109637783,"The Star Sydney Poker",fixed,1,0,
4ec16dcd-19db-426c-8314-b4739cbeafaa_214767308577397_1132416602259301,"The Star Sydney Poker",fixed,1,0,
4ec16dcd-19db-426c-8314-b4739cbeafaa_214767308577397_988212113346418,"The Star Sydney Poker",fixed,3,0,
4ec16dcd-19db-426c-8314-b4739cbeafaa_214767308577397_5918887331498671,"The Star Sydney Poker",fixed,1,0,
bd7730a8-6a81-4ddf-a6c7-1d1a1c2a8f90_554057605040938_1623854392279833,"Poker Palace Australia",fixed,1,0,
bd7730a8-6a81-4ddf-a6c7-1d1a1c2a8f90_554057605040938_1205731630758780,"Poker Palace Australia",fixed,1,0,
4ec16dcd-19db-426c-8314-b4739cbeafaa_214767308577397_986583236842639,"The Star Sydney Poker",fixed,4,0,
bd7730a8-6a81-4ddf-a6c7-1d1a1c2a8f90_554057605040938_1605283594136913,"Poker Palace Australia",fixed,1,0,
bd7730a8-6a81-4ddf-a6c7-1d1a1c2a8f90_554057605040938_1611935450138394,"Poker Palace Australia",fixed,1,0,
4ec16dcd-19db-426c-8314-b4739cbeafaa_214767308577397_1104275318406763,"The Star Sydney Poker",fixed,1,0,
4ec16dcd-19db-426c-8314-b4739cbeafaa_214767308577397_859922376175393,"The Star Sydney Poker",fixed,1,0,
bd7730a8-6a81-4ddf-a6c7-1d1a1c2a8f90_554057605040938_1410536190278322,"Poker Palace Australia",fixed,1,0,
bd7730a8-6a81-4ddf-a6c7-1d1a1c2a8f90_554057605040938_1196656801666263,"Poker Palace Australia",fixed,1,0,
4ec16dcd-19db-426c-8314-b4739cbeafaa_214767308577397_718160203684945,"The Star Sydney Poker",fixed,1,0,
4ec16dcd-19db-426c-8314-b4739cbeafaa_214767308577397_988690546631908,"The Star Sydney Poker",fixed,2,0,
4ec16dcd-19db-426c-8314-b4739cbeafaa_214767308577397_5665975390123201,"The Star Sydney Poker",fixed,1,0,
bd7730a8-6a81-4ddf-a6c7-1d1a1c2a8f90_554057605040938_1451500572848550,"Poker Palace Australia",fixed,1,0,
5a94c0cc-6a42-4d23-b8a2-fa2ad7c07828_112289674918260_121009250726286,"Kings Room",fixed,1,0,
bd7730a8-6a81-4ddf-a6c7-1d1a1c2a8f90_554057605040938_1652402529425019,"Poker Palace Australia",fixed,1,0,
4ec16dcd-19db-426c-8314-b4739cbeafaa_214767308577397_875803901253907,"The Star Sydney Poker",fixed,1,0,
4ec16dcd-19db-426c-8314-b4739cbeafaa_214767308577397_5671987432855330,"The Star Sydney Poker",fixed,1,0,
4ec16dcd-19db-426c-8314-b4739cbeafaa_214767308577397_1133078825526412,"The Star Sydney Poker",fixed,1,0,
4ec16dcd-19db-426c-8314-b4739cbeafaa_214767308577397_1219680006866293,"The Star Sydney Poker",fixed,1,0,
4ec16dcd-19db-426c-8314-b4739cbeafaa_214767308577397_1223978826436411,"The Star Sydney Poker",fixed,2,0,
bd7730a8-6a81-4ddf-a6c7-1d1a1c2a8f90_554057605040938_1208844850447458,"Poker Palace Australia",fixed,1,0,
4ec16dcd-19db-426c-8314-b4739cbeafaa_214767308577397_5679876255399781,"The Star Sydney Poker",fixed,1,0,
4ec16dcd-19db-426c-8314-b4739cbeafaa_214767308577397_1124571519710476,"The Star Sydney Poker",fixed,4,0,
bd7730a8-6a81-4ddf-a6c7-1d1a1c2a8f90_554057605040938_1557909922207614,"Poker Palace Australia",fixed,1,0,
4ec16dcd-19db-426c-8314-b4739cbeafaa_214767308577397_1226708049496822,"The Star Sydney Poker",fixed,1,0,
bd7730a8-6a81-4ddf-a6c7-1d1a1c2a8f90_554057605040938_422163020246041,"Poker Palace Australia",fixed,1,0,
4ec16dcd-19db-426c-8314-b4739cbeafaa_214767308577397_773114848189480,"The Star Sydney Poker",fixed,1,0,
bd7730a8-6a81-4ddf-a6c7-1d1a1c2a8f90_554057605040938_1481449666520307,"Poker Palace Australia",fixed,1,0,
4ec16dcd-19db-426c-8314-b4739cbeafaa_214767308577397_1225605896273704,"The Star Sydney Poker",fixed,1,0,
4ec16dcd-19db-426c-8314-b4739cbeafaa_214767308577397_1292982676202692,"The Star Sydney Poker",fixed,1,0,
bd7730a8-6a81-4ddf-a6c7-1d1a1c2a8f90_554057605040938_1332943738037568,"Poker Palace Australia",fixed,1,0,
bd7730a8-6a81-4ddf-a6c7-1d1a1c2a8f90_554057605040938_1389050002426941,"Poker Palace Australia",fixed,1,0,
4ec16dcd-19db-426c-8314-b4739cbeafaa_214767308577397_1129174859250142,"The Star Sydney Poker",fixed,3,0,
4ec16dcd-19db-426c-8314-b4739cbeafaa_214767308577397_1235447195289574,"The Star Sydney Poker",fixed,3,0,
4ec16dcd-19db-426c-8314-b4739cbeafaa_214767308577397_5793794634007942,"The Star Sydney Poker",fixed,1,0,
bd7730a8-6a81-4ddf-a6c7-1d1a1c2a8f90_554057605040938_1456207629044511,"Poker Palace Australia",fixed,1,0,
4ec16dcd-19db-426c-8314-b4739cbeafaa_214767308577397_5976251939095543,"The Star Sydney Poker",fixed,1,0,
4ec16dcd-19db-426c-8314-b4739cbeafaa_214767308577397_1176415617859399,"The Star Sydney Poker",fixed,1,0,
4ec16dcd-19db-426c-8314-b4739cbeafaa_214767308577397_1131887465645548,"The Star Sydney Poker",fixed,2,0,
4ec16dcd-19db-426c-8314-b4739cbeafaa_214767308577397_981382670696029,"The Star Sydney Poker",fixed,1,0,
4ec16dcd-19db-426c-8314-b4739cbeafaa_214767308577397_1286983996117999,"The Star Sydney Poker",fixed,1,0,
bd7730a8-6a81-4ddf-a6c7-1d1a1c2a8f90_554057605040938_1311583493506926,"Poker Palace Australia",fixed,1,0,
4ec16dcd-19db-426c-8314-b4739cbeafaa_214767308577397_1176534914514136,"The Star Sydney Poker",fixed,1,0,
4ec16dcd-19db-426c-8314-b4739cbeafaa_214767308577397_1196685362499091,"The Star Sydney Poker",fixed,1,0,
4ec16dcd-19db-426c-8314-b4739cbeafaa_214767308577397_1266136345553992,"The Star Sydney Poker",fixed,1,0,
bd7730a8-6a81-4ddf-a6c7-1d1a1c2a8f90_554057605040938_1249293553069254,"Poker Palace Australia",fixed,1,0,
4ec16dcd-19db-426c-8314-b4739cbeafaa_214767308577397_821924396641858,"The Star Sydney Poker",fixed,1,0,
4ec16dcd-19db-426c-8314-b4739cbeafaa_214767308577397_1227538259413801,"The Star Sydney Poker",fixed,3,0,
bd7730a8-6a81-4ddf-a6c7-1d1a1c2a8f90_554057605040938_1430510874947520,"Poker Palace Australia",fixed,1,0,
bd7730a8-6a81-4ddf-a6c7-1d1a1c2a8f90_554057605040938_1611340656864540,"Poker Palace Australia",fixed,1,0,
bd7730a8-6a81-4ddf-a6c7-1d1a1c2a8f90_554057605040938_1478312056834068,"Poker Palace Australia",fixed,1,0,
4ec16dcd-19db-426c-8314-b4739cbeafaa_214767308577397_1235657008601926,"The Star Sydney Poker",fixed,2,0,
4ec16dcd-19db-426c-8314-b4739cbeafaa_214767308577397_1235533271947633,"The Star Sydney Poker",fixed,3,0,
bd7730a8-6a81-4ddf-a6c7-1d1a1c2a8f90_554057605040938_1563048361693770,"Poker Palace Australia",fixed,1,0,
4ec16dcd-19db-426c-8314-b4739cbeafaa_214767308577397_983812930453003,"The Star Sydney Poker",fixed,2,0,
bd7730a8-6a81-4ddf-a6c7-1d1a1c2a8f90_554057605040938_1678942906770981,"Poker Palace Australia",fixed,1,0,
bd7730a8-6a81-4ddf-a6c7-1d1a1c2a8f90_554057605040938_1689978219000783,"Poker Palace Australia",fixed,1,0,
4ec16dcd-19db-426c-8314-b4739cbeafaa_214767308577397_850231743811123,"The Star Sydney Poker",fixed,1,0,
bd7730a8-6a81-4ddf-a6c7-1d1a1c2a8f90_554057605040938_1379257186739556,"Poker Palace Australia",fixed,1,0,
bd7730a8-6a81-4ddf-a6c7-1d1a1c2a8f90_554057605040938_1678833766781895,"Poker Palace Australia",fixed,1,0,
4ec16dcd-19db-426c-8314-b4739cbeafaa_214767308577397_6150947398292662,"The Star Sydney Poker",fixed,1,0,
4ec16dcd-19db-426c-8314-b4739cbeafaa_214767308577397_1229610582539902,"The Star Sydney Poker",fixed,3,0,
bd7730a8-6a81-4ddf-a6c7-1d1a1c2a8f90_554057605040938_1588318589166747,"Poker Palace Australia",fixed,1,0,
4ec16dcd-19db-426c-8314-b4739cbeafaa_214767308577397_984987220335574,"The Star Sydney Poker",fixed,1,0,
bd7730a8-6a81-4ddf-a6c7-1d1a1c2a8f90_554057605040938_1637131557618783,"Poker Palace Australia",fixed,1,0,
bd7730a8-6a81-4ddf-a6c7-1d1a1c2a8f90_554057605040938_1676421883689750,"Poker Palace Australia",fixed,1,0,
4ec16dcd-19db-426c-8314-b4739cbeafaa_214767308577397_1246744127493214,"The Star Sydney Poker",fixed,1,0,
4ec16dcd-19db-426c-8314-b4739cbeafaa_214767308577397_1298266569007636,"The Star Sydney Poker",fixed,1,0,
4ec16dcd-19db-426c-8314-b4739cbeafaa_214767308577397_1222371759930451,"The Star Sydney Poker",fixed,1,0,
bd7730a8-6a81-4ddf-a6c7-1d1a1c2a8f90_554057605040938_1581713139827292,"Poker Palace Australia",fixed,1,0,
bd7730a8-6a81-4ddf-a6c7-1d1a1c2a8f90_554057605040938_1325547592110516,"Poker Palace Australia",fixed,1,0,
bd7730a8-6a81-4ddf-a6c7-1d1a1c2a8f90_554057605040938_1411574756841132,"Poker Palace Australia",fixed,1,0,
bd7730a8-6a81-4ddf-a6c7-1d1a1c2a8f90_554057605040938_1199247014740575,"Poker Palace Australia",fixed,1,0,
bd7730a8-6a81-4ddf-a6c7-1d1a1c2a8f90_554057605040938_1379323420066266,"Poker Palace Australia",fixed,1,0,
bd7730a8-6a81-4ddf-a6c7-1d1a1c2a8f90_554057605040938_1676179157047356,"Poker Palace Australia",fixed,1,0,
5a94c0cc-6a42-4d23-b8a2-fa2ad7c07828_112289674918260_124726307021247,"Kings Room",fixed,1,0,
bd7730a8-6a81-4ddf-a6c7-1d1a1c2a8f90_554057605040938_1445260503472557,"Poker Palace Australia",fixed,1,0,
4ec16dcd-19db-426c-8314-b4739cbeafaa_214767308577397_1235547621946198,"The Star Sydney Poker",fixed,12,0,
bd7730a8-6a81-4ddf-a6c7-1d1a1c2a8f90_554057605040938_1521225985876008,"Poker Palace Australia",fixed,1,0,
4ec16dcd-19db-426c-8314-b4739cbeafaa_214767308577397_1234476788719948,"The Star Sydney Poker",fixed,1,0,
4ec16dcd-19db-426c-8314-b4739cbeafaa_214767308577397_821927283308236,"The Star Sydney Poker",fixed,1,0,
bd7730a8-6a81-4ddf-a6c7-1d1a1c2a8f90_554057605040938_1332214698110472,"Poker Palace Australia",fixed,1,0,
4ec16dcd-19db-426c-8314-b4739cbeafaa_214767308577397_1159724169528544,"The Star Sydney Poker",fixed,1,0,
bd7730a8-6a81-4ddf-a6c7-1d1a1c2a8f90_554057605040938_1292231975442078,"Poker Palace Australia",fixed,1,0,
bd7730a8-6a81-4ddf-a6c7-1d1a1c2a8f90_554057605040938_1633164758015463,"Poker Palace Australia",fixed,1,0,
4ec16dcd-19db-426c-8314-b4739cbeafaa_214767308577397_909327351234895,"The Star Sydney Poker",fixed,1,0,
4ec16dcd-19db-426c-8314-b4739cbeafaa_214767308577397_5995763260477744,"The Star Sydney Poker",fixed,1,0,
4ec16dcd-19db-426c-8314-b4739cbeafaa_214767308577397_5928335073887230,"The Star Sydney Poker",fixed,2,0,
bd7730a8-6a81-4ddf-a6c7-1d1a1c2a8f90_554057605040938_1405490560782885,"Poker Palace Australia",fixed,1,0,
bd7730a8-6a81-4ddf-a6c7-1d1a1c2a8f90_554057605040938_1199531001378843,"Poker Palace Australia",fixed,1,0,
4ec16dcd-19db-426c-8314-b4739cbeafaa_214767308577397_1258349872999306,"The Star Sydney Poker",fixed,1,0,
bd7730a8-6a81-4ddf-a6c7-1d1a1c2a8f90_554057605040938_1250861929579083,"Poker Palace Australia",fixed,1,0,
4ec16dcd-19db-426c-8314-b4739cbeafaa_214767308577397_991514996349463,"The Star Sydney Poker",fixed,2,0,
bd7730a8-6a81-4ddf-a6c7-1d1a1c2a8f90_554057605040938_1544649786866961,"Poker Palace Australia",fixed,1,0,
bd7730a8-6a81-4ddf-a6c7-1d1a1c2a8f90_554057605040938_1429587971706477,"Poker Palace Australia",fixed,1,0,
4ec16dcd-19db-426c-8314-b4739cbeafaa_214767308577397_1201600738674220,"The Star Sydney Poker",fixed,1,0,
bd7730a8-6a81-4ddf-a6c7-1d1a1c2a8f90_554057605040938_1688641895801082,"Poker Palace Australia",fixed,1,0,
4ec16dcd-19db-426c-8314-b4739cbeafaa_214767308577397_859339826233648,"The Star Sydney Poker",fixed,1,0,
4ec16dcd-19db-426c-8314-b4739cbeafaa_214767308577397_1231953145638979,"The Star Sydney Poker",fixed,12,0,
4ec16dcd-19db-426c-8314-b4739cbeafaa_214767308577397_983777873789842,"The Star Sydney Poker",fixed,1,0,
bd7730a8-6a81-4ddf-a6c7-1d1a1c2a8f90_554057605040938_1200912777907332,"Poker Palace Australia",fixed,1,0,
bd7730a8-6a81-4ddf-a6c7-1d1a1c2a8f90_554057605040938_1301983294466946,"Poker Palace Australia",fixed,1,0,
5a94c0cc-6a42-4d23-b8a2-fa2ad7c07828_112289674918260_120147094145835,"Kings Room",fixed,2,0,
4ec16dcd-19db-426c-8314-b4739cbeafaa_214767308577397_1032569625577333,"The Star Sydney Poker",fixed,1,0,
4ec16dcd-19db-426c-8314-b4739cbeafaa_214767308577397_987425570091739,"The Star Sydney Poker",fixed,1,0,
bd7730a8-6a81-4ddf-a6c7-1d1a1c2a8f90_554057605040938_1279815433350399,"Poker Palace Australia",fixed,1,0,
bd7730a8-6a81-4ddf-a6c7-1d1a1c2a8f90_554057605040938_1512689500062990,"Poker Palace Australia",fixed,1,0,
bd7730a8-6a81-4ddf-a6c7-1d1a1c2a8f90_554057605040938_1557125802286026,"Poker Palace Australia",fixed,1,0,
bd7730a8-6a81-4ddf-a6c7-1d1a1c2a8f90_554057605040938_1659112528754019,"Poker Palace Australia",fixed,1,0,
4ec16dcd-19db-426c-8314-b4739cbeafaa_214767308577397_5694745457246194,"The Star Sydney Poker",fixed,2,0,
bd7730a8-6a81-4ddf-a6c7-1d1a1c2a8f90_554057605040938_1252036362794973,"Poker Palace Australia",fixed,1,0,
5a94c0cc-6a42-4d23-b8a2-fa2ad7c07828_112289674918260_124566110370600,"Kings Room",fixed,1,0,
bd7730a8-6a81-4ddf-a6c7-1d1a1c2a8f90_554057605040938_1655208909144381,"Poker Palace Australia",fixed,1,0,
4ec16dcd-19db-426c-8314-b4739cbeafaa_214767308577397_861789722655325,"The Star Sydney Poker",fixed,1,0,
bd7730a8-6a81-4ddf-a6c7-1d1a1c2a8f90_554057605040938_1583359996329273,"Poker Palace Australia",fixed,1,0,
bd7730a8-6a81-4ddf-a6c7-1d1a1c2a8f90_554057605040938_1348651266466815,"Poker Palace Australia",fixed,1,0,
4ec16dcd-19db-426c-8314-b4739cbeafaa_214767308577397_1121734806660814,"The Star Sydney Poker",fixed,1,0,
4ec16dcd-19db-426c-8314-b4739cbeafaa_214767308577397_1232288728938754,"The Star Sydney Poker",fixed,5,0,
bd7730a8-6a81-4ddf-a6c7-1d1a1c2a8f90_554057605040938_1470887990909808,"Poker Palace Australia",fixed,1,0,
bd7730a8-6a81-4ddf-a6c7-1d1a1c2a8f90_554057605040938_1591656062166333,"Poker Palace Australia",fixed,1,0,
bd7730a8-6a81-4ddf-a6c7-1d1a1c2a8f90_554057605040938_1637904390874833,"Poker Palace Australia",fixed,1,0,
4ec16dcd-19db-426c-8314-b4739cbeafaa_214767308577397_5989176714469732,"The Star Sydney Poker",fixed,1,0,
4ec16dcd-19db-426c-8314-b4739cbeafaa_214767308577397_6109308005789935,"The Star Sydney Poker",fixed,1,0,
bd7730a8-6a81-4ddf-a6c7-1d1a1c2a8f90_554057605040938_1441118893886718,"Poker Palace Australia",fixed,1,0,
4ec16dcd-19db-426c-8314-b4739cbeafaa_214767308577397_5705521209501952,"The Star Sydney Poker",fixed,1,0,
4ec16dcd-19db-426c-8314-b4739cbeafaa_214767308577397_1125962752904686,"The Star Sydney Poker",fixed,1,0,
4ec16dcd-19db-426c-8314-b4739cbeafaa_214767308577397_684567700377529,"The Star Sydney Poker",fixed,1,0,
4ec16dcd-19db-426c-8314-b4739cbeafaa_214767308577397_864994789001485,"The Star Sydney Poker",fixed,2,0,
4ec16dcd-19db-426c-8314-b4739cbeafaa_214767308577397_915545147279782,"The Star Sydney Poker",fixed,1,0,
bd7730a8-6a81-4ddf-a6c7-1d1a1c2a8f90_554057605040938_1614672036531402,"Poker Palace Australia",fixed,1,0,
4ec16dcd-19db-426c-8314-b4739cbeafaa_214767308577397_1106178864883075,"The Star Sydney Poker",fixed,1,0,
4ec16dcd-19db-426c-8314-b4739cbeafaa_214767308577397_866168742217423,"The Star Sydney Poker",fixed,1,0,
bd7730a8-6a81-4ddf-a6c7-1d1a1c2a8f90_554057605040938_1336046017727340,"Poker Palace Australia",fixed,1,0,
bd7730a8-6a81-4ddf-a6c7-1d1a1c2a8f90_554057605040938_1384303586234916,"Poker Palace Australia",fixed,1,0,
bd7730a8-6a81-4ddf-a6c7-1d1a1c2a8f90_554057605040938_1306117070720235,"Poker Palace Australia",fixed,1,0,
bd7730a8-6a81-4ddf-a6c7-1d1a1c2a8f90_554057605040938_1618752692790003,"Poker Palace Australia",fixed,1,0,
4ec16dcd-19db-426c-8314-b4739cbeafaa_214767308577397_1285355260298767,"The Star Sydney Poker",fixed,1,0,
4ec16dcd-19db-426c-8314-b4739cbeafaa_214767308577397_866745865493044,"The Star Sydney Poker",fixed,7,0,
4ec16dcd-19db-426c-8314-b4739cbeafaa_214767308577397_857778103056487,"The Star Sydney Poker",fixed,1,0,
4ec16dcd-19db-426c-8314-b4739cbeafaa_214767308577397_966537385513891,"The Star Sydney Poker",fixed,1,0,
bd7730a8-6a81-4ddf-a6c7-1d1a1c2a8f90_554057605040938_1481250259873581,"Poker Palace Australia",fixed,1,0,
bd7730a8-6a81-4ddf-a6c7-1d1a1c2a8f90_554057605040938_1489086802423260,"Poker Palace Australia",fixed,1,0,
bd7730a8-6a81-4ddf-a6c7-1d1a1c2a8f90_554057605040938_1263014691697140,"Poker Palace Australia",fixed,1,0,
4ec16dcd-19db-426c-8314-b4739cbeafaa_214767308577397_982398297261133,"The Star Sydney Poker",fixed,1,0,
bd7730a8-6a81-4ddf-a6c7-1d1a1c2a8f90_554057605040938_1547243396607600,"Poker Palace Australia",fixed,1,0,
4ec16dcd-19db-426c-8314-b4739cbeafaa_214767308577397_1236461515188142,"The Star Sydney Poker",fixed,1,0,
bd7730a8-6a81-4ddf-a6c7-1d1a1c2a8f90_554057605040938_1574780707187202,"Poker Palace Australia",fixed,1,0,
bd7730a8-6a81-4ddf-a6c7-1d1a1c2a8f90_554057605040938_1411138830218058,"Poker Palace Australia",fixed,1,0,
4ec16dcd-19db-426c-8314-b4739cbeafaa_214767308577397_6172063782847690,"The Star Sydney Poker",fixed,1,0,
4ec16dcd-19db-426c-8314-b4739cbeafaa_214767308577397_653905690110397,"The Star Sydney Poker",fixed,1,0,
bd7730a8-6a81-4ddf-a6c7-1d1a1c2a8f90_554057605040938_1393557695309505,"Poker Palace Australia",fixed,1,0,
4ec16dcd-19db-426c-8314-b4739cbeafaa_214767308577397_726925272808438,"The Star Sydney Poker",fixed,1,0,
4ec16dcd-19db-426c-8314-b4739cbeafaa_214767308577397_5912118985508839,"The Star Sydney Poker",fixed,1,0,
bd7730a8-6a81-4ddf-a6c7-1d1a1c2a8f90_554057605040938_1378553696809905,"Poker Palace Australia",fixed,1,0,
4ec16dcd-19db-426c-8314-b4739cbeafaa_214767308577397_658108103023489,"The Star Sydney Poker",fixed,1,0,
4ec16dcd-19db-426c-8314-b4739cbeafaa_214767308577397_755370489963916,"The Star Sydney Poker",fixed,1,0,
4ec16dcd-19db-426c-8314-b4739cbeafaa_214767308577397_1230156372485323,"The Star Sydney Poker",fixed,1,0,
4ec16dcd-19db-426c-8314-b4739cbeafaa_214767308577397_1162173475950280,"The Star Sydney Poker",fixed,1,0,
4ec16dcd-19db-426c-8314-b4739cbeafaa_214767308577397_1132393328928295,"The Star Sydney Poker",fixed,2,0,
4ec16dcd-19db-426c-8314-b4739cbeafaa_214767308577397_989456669888629,"The Star Sydney Poker",fixed,1,0,
4ec16dcd-19db-426c-8314-b4739cbeafaa_214767308577397_1133565152144446,"The Star Sydney Poker",fixed,2,0,
4ec16dcd-19db-426c-8314-b4739cbeafaa_214767308577397_1132405822260379,"The Star Sydney Poker",fixed,1,0,
bd7730a8-6a81-4ddf-a6c7-1d1a1c2a8f90_554057605040938_1652560776075861,"Poker Palace Australia",fixed,1,0,
4ec16dcd-19db-426c-8314-b4739cbeafaa_214767308577397_728397995994499,"The Star Sydney Poker",fixed,1,0,
4ec16dcd-19db-426c-8314-b4739cbeafaa_214767308577397_1125185386315756,"The Star Sydney Poker",fixed,1,0,
bd7730a8-6a81-4ddf-a6c7-1d1a1c2a8f90_554057605040938_1595835791748360,"Poker Palace Australia",fixed,1,0,
bd7730a8-6a81-4ddf-a6c7-1d1a1c2a8f90_554057605040938_1342740077057934,"Poker Palace Australia",fixed,1,0,
bd7730a8-6a81-4ddf-a6c7-1d1a1c2a8f90_554057605040938_1205137750818168,"Poker Palace Australia",fixed,1,0,
5a94c0cc-6a42-4d23-b8a2-fa2ad7c07828_112289674918260_120872170739994,"Kings Room",fixed,1,0,
4ec16dcd-19db-426c-8314-b4739cbeafaa_214767308577397_862369365930694,"The Star Sydney Poker",fixed,1,0,
4ec16dcd-19db-426c-8314-b4739cbeafaa_214767308577397_1137889485045346,"The Star Sydney Poker",fixed,1,0,
4ec16dcd-19db-426c-8314-b4739cbeafaa_214767308577397_5953939401326797,"The Star Sydney Poker",fixed,2,0,
4ec16dcd-19db-426c-8314-b4739cbeafaa_214767308577397_992442232923406,"The Star Sydney Poker",fixed,2,0,
bd7730a8-6a81-4ddf-a6c7-1d1a1c2a8f90_554057605040938_1359593248705950,"Poker Palace Australia",fixed,1,0,
4ec16dcd-19db-426c-8314-b4739cbeafaa_214767308577397_984236767077286,"The Star Sydney Poker",fixed,1,0,
4ec16dcd-19db-426c-8314-b4739cbeafaa_214767308577397_1230276235806670,"The Star Sydney Poker",fixed,2,0,
4ec16dcd-19db-426c-8314-b4739cbeafaa_214767308577397_1287648270069466,"The Star Sydney Poker",fixed,1,0,
5a94c0cc-6a42-4d23-b8a2-fa2ad7c07828_112289674918260_120463040780907,"Kings Room",fixed,2,0,
bd7730a8-6a81-4ddf-a6c7-1d1a1c2a8f90_554057605040938_1536268014371805,"Poker Palace Australia",fixed,1,0,
bd7730a8-6a81-4ddf-a6c7-1d1a1c2a8f90_554057605040938_1380618009936807,"Poker Palace Australia",fixed,1,0,
bd7730a8-6a81-4ddf-a6c7-1d1a1c2a8f90_554057605040938_1404860354179239,"Poker Palace Australia",fixed,1,0,
bd7730a8-6a81-4ddf-a6c7-1d1a1c2a8f90_554057605040938_1388969402435001,"Poker Palace Australia",fixed,1,0,
4ec16dcd-19db-426c-8314-b4739cbeafaa_214767308577397_1232940545540239,"The Star Sydney Poker",fixed,1,0,
4ec16dcd-19db-426c-8314-b4739cbeafaa_214767308577397_5888795801174491,"The Star Sydney Poker",fixed,1,0,
bd7730a8-6a81-4ddf-a6c7-1d1a1c2a8f90_554057605040938_1631450544853551,"Poker Palace Australia",fixed,1,0,
4ec16dcd-19db-426c-8314-b4739cbeafaa_214767308577397_682910043876628,"The Star Sydney Poker",fixed,1,0,
4ec16dcd-19db-426c-8314-b4739cbeafaa_214767308577397_739581074876191,"The Star Sydney Poker",fixed,1,0,
bd7730a8-6a81-4ddf-a6c7-1d1a1c2a8f90_554057605040938_1551218362876770,"Poker Palace Australia",fixed,1,0,
bd7730a8-6a81-4ddf-a6c7-1d1a1c2a8f90_554057605040938_1669266117738660,"Poker Palace Australia",fixed,1,0,
4ec16dcd-19db-426c-8314-b4739cbeafaa_214767308577397_1124449836389311,"The Star Sydney Poker",fixed,1,0,
bd7730a8-6a81-4ddf-a6c7-1d1a1c2a8f90_554057605040938_1578730906792182,"Poker Palace Australia",fixed,1,0,
4ec16dcd-19db-426c-8314-b4739cbeafaa_214767308577397_968912078609755,"The Star Sydney Poker",fixed,1,0,
bd7730a8-6a81-4ddf-a6c7-1d1a1c2a8f90_554057605040938_1593754098623196,"Poker Palace Australia",fixed,1,0,
4ec16dcd-19db-426c-8314-b4739cbeafaa_214767308577397_1267847828716177,"The Star Sydney Poker",fixed,1,0,
4ec16dcd-19db-426c-8314-b4739cbeafaa_214767308577397_732430302257935,"The Star Sydney Poker",fixed,1,0,
4ec16dcd-19db-426c-8314-b4739cbeafaa_214767308577397_1229345119233115,"The Star Sydney Poker",fixed,1,0,
bd7730a8-6a81-4ddf-a6c7-1d1a1c2a8f90_554057605040938_1590609525604320,"Poker Palace Australia",fixed,1,0,
bd7730a8-6a81-4ddf-a6c7-1d1a1c2a8f90_554057605040938_1294967035168572,"Poker Palace Australia",fixed,1,0,
bd7730a8-6a81-4ddf-a6c7-1d1a1c2a8f90_554057605040938_1216016839730259,"Poker Palace Australia",fixed,1,0,
4ec16dcd-19db-426c-8314-b4739cbeafaa_214767308577397_791558759678422,"The Star Sydney Poker",fixed,1,0,
4ec16dcd-19db-426c-8314-b4739cbeafaa_214767308577397_1144185597749068,"The Star Sydney Poker",fixed,1,0,
bd7730a8-6a81-4ddf-a6c7-1d1a1c2a8f90_554057605040938_1478783106786963,"Poker Palace Australia",fixed,1,0,
bd7730a8-6a81-4ddf-a6c7-1d1a1c2a8f90_554057605040938_1294643278534281,"Poker Palace Australia",fixed,1,0,
5a94c0cc-6a42-4d23-b8a2-fa2ad7c07828_112289674918260_123737273786817,"Kings Room",fixed,1,0,
4ec16dcd-19db-426c-8314-b4739cbeafaa_214767308577397_668626145305018,"The Star Sydney Poker",fixed,1,0,
bd7730a8-6a81-4ddf-a6c7-1d1a1c2a8f90_554057605040938_1483511182980822,"Poker Palace Australia",fixed,1,0,
4ec16dcd-19db-426c-8314-b4739cbeafaa_214767308577397_1166954995472128,"The Star Sydney Poker",fixed,1,0,
bd7730a8-6a81-4ddf-a6c7-1d1a1c2a8f90_554057605040938_1270346180963991,"Poker Palace Australia",fixed,1,0,
4ec16dcd-19db-426c-8314-b4739cbeafaa_214767308577397_966537462180550,"The Star Sydney Poker",fixed,1,0,
4ec16dcd-19db-426c-8314-b4739cbeafaa_214767308577397_1236370621863898,"The Star Sydney Poker",fixed,1,0,
bd7730a8-6a81-4ddf-a6c7-1d1a1c2a8f90_554057605040938_1290015395663736,"Poker Palace Australia",fixed,1,0,
bd7730a8-6a81-4ddf-a6c7-1d1a1c2a8f90_554057605040938_1596785288320077,"Poker Palace Australia",fixed,1,0,
bd7730a8-6a81-4ddf-a6c7-1d1a1c2a8f90_554057605040938_1299524828046126,"Poker Palace Australia",fixed,1,0,
bd7730a8-6a81-4ddf-a6c7-1d1a1c2a8f90_554057605040938_1334472414551367,"Poker Palace Australia",fixed,1,0,
4ec16dcd-19db-426c-8314-b4739cbeafaa_214767308577397_5617571594963581,"The Star Sydney Poker",fixed,1,0,
4ec16dcd-19db-426c-8314-b4739cbeafaa_214767308577397_1131847945649500,"The Star Sydney Poker",fixed,1,0,
4ec16dcd-19db-426c-8314-b4739cbeafaa_214767308577397_857810056386625,"The Star Sydney Poker",fixed,1,0,
4ec16dcd-19db-426c-8314-b4739cbeafaa_214767308577397_1173336394833988,"The Star Sydney Poker",fixed,1,0,
4ec16dcd-19db-426c-8314-b4739cbeafaa_214767308577397_6072796432774426,"The Star Sydney Poker",fixed,1,0,
bd7730a8-6a81-4ddf-a6c7-1d1a1c2a8f90_554057605040938_1631174291547843,"Poker Palace Australia",fixed,1,0,
4ec16dcd-19db-426c-8314-b4739cbeafaa_214767308577397_5697045180349555,"The Star Sydney Poker",fixed,1,0,
bd7730a8-6a81-4ddf-a6c7-1d1a1c2a8f90_554057605040938_1662435325088406,"Poker Palace Australia",fixed,1,0,
bd7730a8-6a81-4ddf-a6c7-1d1a1c2a8f90_554057605040938_1244093606922582,"Poker Palace Australia",fixed,1,0,
bd7730a8-6a81-4ddf-a6c7-1d1a1c2a8f90_554057605040938_1320027462662529,"Poker Palace Australia",fixed,1,0,
4ec16dcd-19db-426c-8314-b4739cbeafaa_214767308577397_1207490661418561,"The Star Sydney Poker",fixed,1,0,
4ec16dcd-19db-426c-8314-b4739cbeafaa_214767308577397_6083396275047775,"The Star Sydney Poker",fixed,1,0,
bd7730a8-6a81-4ddf-a6c7-1d1a1c2a8f90_554057605040938_1650166452981960,"Poker Palace Australia",fixed,1,0,
4ec16dcd-19db-426c-8314-b4739cbeafaa_214767308577397_5867924779928260,"The Star Sydney Poker",fixed,1,0,
bd7730a8-6a81-4ddf-a6c7-1d1a1c2a8f90_554057605040938_1488337152498225,"Poker Palace Australia",fixed,1,0,
bd7730a8-6a81-4ddf-a6c7-1d1a1c2a8f90_554057605040938_1245239273474682,"Poker Palace Australia",fixed,1,0,
bd7730a8-6a81-4ddf-a6c7-1d1a1c2a8f90_554057605040938_1619211786077427,"Poker Palace Australia",fixed,1,0,
bd7730a8-6a81-4ddf-a6c7-1d1a1c2a8f90_554057605040938_1488388479159759,"Poker Palace Australia",fixed,1,0,
5a94c0cc-6a42-4d23-b8a2-fa2ad7c07828_112289674918260_806774893780864,"Kings Room",fixed,1,0,
bd7730a8-6a81-4ddf-a6c7-1d1a1c2a8f90_554057605040938_1676637597001512,"Poker Palace Australia",fixed,1,0,
bd7730a8-6a81-4ddf-a6c7-1d1a1c2a8f90_554057605040938_1356479985683943,"Poker Palace Australia",fixed,1,0,
5a94c0cc-6a42-4d23-b8a2-fa2ad7c07828_112289674918260_126676850159526,"Kings Room",fixed,1,0,
4ec16dcd-19db-426c-8314-b4739cbeafaa_214767308577397_867500385417592,"The Star Sydney Poker",fixed,2,0,
bd7730a8-6a81-4ddf-a6c7-1d1a1c2a8f90_554057605040938_1635458674452738,"Poker Palace Australia",fixed,1,0,
5a94c0cc-6a42-4d23-b8a2-fa2ad7c07828_112289674918260_861445033349367,"Kings Room",pending,0,1,
4ec16dcd-19db-426c-8314-b4739cbeafaa_214767308577397_719415343559431,"The Star Sydney Poker",fixed,1,0,
bd7730a8-6a81-4ddf-a6c7-1d1a1c2a8f90_554057605040938_1395847358413872,"Poker Palace Australia",fixed,1,0,
bd7730a8-6a81-4ddf-a6c7-1d1a1c2a8f90_554057605040938_1199446918053918,"Poker Palace Australia",fixed,1,0,
bd7730a8-6a81-4ddf-a6c7-1d1a1c2a8f90_554057605040938_1598372044828068,"Poker Palace Australia",fixed,1,0,
4ec16dcd-19db-426c-8314-b4739cbeafaa_214767308577397_1226670842833876,"The Star Sydney Poker",fixed,1,0,
4ec16dcd-19db-426c-8314-b4739cbeafaa_214767308577397_1056068259894136,"The Star Sydney Poker",fixed,1,0,
4ec16dcd-19db-426c-8314-b4739cbeafaa_214767308577397_5710878105632929,"The Star Sydney Poker",fixed,1,0,
bd7730a8-6a81-4ddf-a6c7-1d1a1c2a8f90_554057605040938_1404963367502271,"Poker Palace Australia",fixed,1,0,
bd7730a8-6a81-4ddf-a6c7-1d1a1c2a8f90_554057605040938_1353447342653874,"Poker Palace Australia",fixed,1,0,
4ec16dcd-19db-426c-8314-b4739cbeafaa_214767308577397_986526556848307,"The Star Sydney Poker",fixed,1,0,
4ec16dcd-19db-426c-8314-b4739cbeafaa_214767308577397_1190270466473914,"The Star Sydney Poker",fixed,1,0,
bd7730a8-6a81-4ddf-a6c7-1d1a1c2a8f90_554057605040938_1389690885696186,"Poker Palace Australia",fixed,1,0,
4ec16dcd-19db-426c-8314-b4739cbeafaa_214767308577397_864505035717127,"The Star Sydney Poker",fixed,4,0,
4ec16dcd-19db-426c-8314-b4739cbeafaa_214767308577397_821928033308161,"The Star Sydney Poker",fixed,1,0,
bd7730a8-6a81-4ddf-a6c7-1d1a1c2a8f90_554057605040938_1246148586717084,"Poker Palace Australia",fixed,1,0,
bd7730a8-6a81-4ddf-a6c7-1d1a1c2a8f90_554057605040938_1559293218735951,"Poker Palace Australia",fixed,1,0,
bd7730a8-6a81-4ddf-a6c7-1d1a1c2a8f90_554057605040938_1500401001291840,"Poker Palace Australia",fixed,1,0,
4ec16dcd-19db-426c-8314-b4739cbeafaa_214767308577397_6242733185780749,"The Star Sydney Poker",fixed,2,0,
bd7730a8-6a81-4ddf-a6c7-1d1a1c2a8f90_554057605040938_1476049803726960,"Poker Palace Australia",fixed,1,0,
4ec16dcd-19db-426c-8314-b4739cbeafaa_214767308577397_669875668513399,"The Star Sydney Poker",fixed,1,0,
4ec16dcd-19db-426c-8314-b4739cbeafaa_214767308577397_1126300846204210,"The Star Sydney Poker",fixed,3,0,
4ec16dcd-19db-426c-8314-b4739cbeafaa_214767308577397_1233832345451059,"The Star Sydney Poker",fixed,1,0,
4ec16dcd-19db-426c-8314-b4739cbeafaa_214767308577397_5716481198405953,"The Star Sydney Poker",fixed,1,0,
bd7730a8-6a81-4ddf-a6c7-1d1a1c2a8f90_554057605040938_1269577477707528,"Poker Palace Australia",fixed,1,0,
bd7730a8-6a81-4ddf-a6c7-1d1a1c2a8f90_554057605040938_1411347646863843,"Poker Palace Australia",fixed,1,0,
4ec16dcd-19db-426c-8314-b4739cbeafaa_214767308577397_1227424062758554,"The Star Sydney Poker",fixed,1,0,
bd7730a8-6a81-4ddf-a6c7-1d1a1c2a8f90_554057605040938_1570204977644775,"Poker Palace Australia",fixed,1,0,
bd7730a8-6a81-4ddf-a6c7-1d1a1c2a8f90_554057605040938_1674857093846229,"Poker Palace Australia",fixed,1,0,
bd7730a8-6a81-4ddf-a6c7-1d1a1c2a8f90_554057605040938_1588986082433331,"Poker Palace Australia",fixed,1,0,
4ec16dcd-19db-426c-8314-b4739cbeafaa_214767308577397_1090983373069291,"The Star Sydney Poker",fixed,1,0,
bd7730a8-6a81-4ddf-a6c7-1d1a1c2a8f90_554057605040938_1572185477446725,"Poker Palace Australia",fixed,1,0,
bd7730a8-6a81-4ddf-a6c7-1d1a1c2a8f90_554057605040938_1338797944118814,"Poker Palace Australia",fixed,1,0,
4ec16dcd-19db-426c-8314-b4739cbeafaa_214767308577397_6022276714493065,"The Star Sydney Poker",fixed,1,0,
4ec16dcd-19db-426c-8314-b4739cbeafaa_214767308577397_862304665937164,"The Star Sydney Poker",fixed,1,0,
bd7730a8-6a81-4ddf-a6c7-1d1a1c2a8f90_554057605040938_1437073104291297,"Poker Palace Australia",fixed,1,0,
4ec16dcd-19db-426c-8314-b4739cbeafaa_214767308577397_5651602621560478,"The Star Sydney Poker",fixed,1,0,
bd7730a8-6a81-4ddf-a6c7-1d1a1c2a8f90_554057605040938_1487467992585141,"Poker Palace Australia",fixed,1,0,
bd7730a8-6a81-4ddf-a6c7-1d1a1c2a8f90_554057605040938_1349071956424746,"Poker Palace Australia",fixed,1,0,
4ec16dcd-19db-426c-8314-b4739cbeafaa_214767308577397_976928754474754,"The Star Sydney Poker",fixed,1,0,
bd7730a8-6a81-4ddf-a6c7-1d1a1c2a8f90_554057605040938_1642207270444545,"Poker Palace Australia",fixed,1,0,
4ec16dcd-19db-426c-8314-b4739cbeafaa_214767308577397_1232847315549562,"The Star Sydney Poker",fixed,3,0,
bd7730a8-6a81-4ddf-a6c7-1d1a1c2a8f90_554057605040938_1344975760167699,"Poker Palace Australia",fixed,1,0,
4ec16dcd-19db-426c-8314-b4739cbeafaa_214767308577397_6234032206650847,"The Star Sydney Poker",fixed,2,0,
4ec16dcd-19db-426c-8314-b4739cbeafaa_214767308577397_1118935063607455,"The Star Sydney Poker",fixed,1,0,
4ec16dcd-19db-426c-8314-b4739cbeafaa_214767308577397_867775015390129,"The Star Sydney Poker",fixed,1,0,
4ec16dcd-19db-426c-8314-b4739cbeafaa_214767308577397_989483833219246,"The Star Sydney Poker",fixed,1,0,
bd7730a8-6a81-4ddf-a6c7-1d1a1c2a8f90_554057605040938_1288126325852643,"Poker Palace Australia",fixed,1,0,
4ec16dcd-19db-426c-8314-b4739cbeafaa_214767308577397_1196616722505955,"The Star Sydney Poker",fixed,1,0,
4ec16dcd-19db-426c-8314-b4739cbeafaa_214767308577397_1078981204269508,"The Star Sydney Poker",fixed,1,0,
bd7730a8-6a81-4ddf-a6c7-1d1a1c2a8f90_554057605040938_1248213163177293,"Poker Palace Australia",fixed,1,0,
bd7730a8-6a81-4ddf-a6c7-1d1a1c2a8f90_554057605040938_1247244306607512,"Poker Palace Australia",fixed,1,0,
bd7730a8-6a81-4ddf-a6c7-1d1a1c2a8f90_554057605040938_1640846607247278,"Poker Palace Australia",fixed,1,0,
4ec16dcd-19db-426c-8314-b4739cbeafaa_214767308577397_1226744536159840,"The Star Sydney Poker",fixed,2,0,
4ec16dcd-19db-426c-8314-b4739cbeafaa_214767308577397_861810212653276,"The Star Sydney Poker",fixed,1,0,
bd7730a8-6a81-4ddf-a6c7-1d1a1c2a8f90_554057605040938_1624733932191879,"Poker Palace Australia",fixed,1,0,
4ec16dcd-19db-426c-8314-b4739cbeafaa_214767308577397_1235603145273979,"The Star Sydney Poker",fixed,1,0,
4ec16dcd-19db-426c-8314-b4739cbeafaa_214767308577397_639520981548868,"The Star Sydney Poker",fixed,3,0,
bd7730a8-6a81-4ddf-a6c7-1d1a1c2a8f90_554057605040938_1678647406800531,"Poker Palace Australia",fixed,1,0,
bd7730a8-6a81-4ddf-a6c7-1d1a1c2a8f90_554057605040938_1383762796288995,"Poker Palace Australia",fixed,1,0,
4ec16dcd-19db-426c-8314-b4739cbeafaa_214767308577397_854143870086577,"The Star Sydney Poker",fixed,1,0,
4ec16dcd-19db-426c-8314-b4739cbeafaa_214767308577397_1050665720434390,"The Star Sydney Poker",fixed,1,0,
bd7730a8-6a81-4ddf-a6c7-1d1a1c2a8f90_554057605040938_1301126014552674,"Poker Palace Australia",fixed,1,0,
bd7730a8-6a81-4ddf-a6c7-1d1a1c2a8f90_554057605040938_1266823117982964,"Poker Palace Australia",fixed,1,0,
FACEBOOK_112289674918260_849639407863263,"Kings Room",pending,0,1,
bd7730a8-6a81-4ddf-a6c7-1d1a1c2a8f90_554057605040938_1506041024061171,"Poker Palace Australia",fixed,1,0,
4ec16dcd-19db-426c-8314-b4739cbeafaa_214767308577397_791532023014429,"The Star Sydney Poker",fixed,1,0,
bd7730a8-6a81-4ddf-a6c7-1d1a1c2a8f90_554057605040938_1287594975905778,"Poker Palace Australia",fixed,1,0,
bd7730a8-6a81-4ddf-a6c7-1d1a1c2a8f90_554057605040938_1554419812556625,"Poker Palace Australia",fixed,1,0,
bd7730a8-6a81-4ddf-a6c7-1d1a1c2a8f90_554057605040938_1417685449563396,"Poker Palace Australia",fixed,1,0,
bd7730a8-6a81-4ddf-a6c7-1d1a1c2a8f90_554057605040938_1410378320294109,"Poker Palace Australia",fixed,1,0,
bd7730a8-6a81-4ddf-a6c7-1d1a1c2a8f90_554057605040938_1467518694580071,"Poker Palace Australia",fixed,1,0,
bd7730a8-6a81-4ddf-a6c7-1d1a1c2a8f90_554057605040938_1304579160874026,"Poker Palace Australia",fixed,1,0,
bd7730a8-6a81-4ddf-a6c7-1d1a1c2a8f90_554057605040938_1525541612111112,"Poker Palace Australia",fixed,1,0,
5a94c0cc-6a42-4d23-b8a2-fa2ad7c07828_112289674918260_867621372731733,"Kings Room",fixed,1,0,
4ec16dcd-19db-426c-8314-b4739cbeafaa_214767308577397_5944084875645583,"The Star Sydney Poker",fixed,1,0,
4ec16dcd-19db-426c-8314-b4739cbeafaa_214767308577397_1228333446000949,"The Star Sydney Poker",fixed,4,0,
4ec16dcd-19db-426c-8314-b4739cbeafaa_214767308577397_985693806931582,"The Star Sydney Poker",fixed,3,0,
4ec16dcd-19db-426c-8314-b4739cbeafaa_214767308577397_6008959882491415,"The Star Sydney Poker",fixed,1,0,
4ec16dcd-19db-426c-8314-b4739cbeafaa_214767308577397_1128415602659401,"The Star Sydney Poker",fixed,3,0,
4ec16dcd-19db-426c-8314-b4739cbeafaa_214767308577397_1244942624340031,"The Star Sydney Poker",fixed,1,0,
bd7730a8-6a81-4ddf-a6c7-1d1a1c2a8f90_554057605040938_1353756982622910,"Poker Palace Australia",fixed,1,0,
4ec16dcd-19db-426c-8314-b4739cbeafaa_214767308577397_859150956252535,"The Star Sydney Poker",fixed,1,0,
4ec16dcd-19db-426c-8314-b4739cbeafaa_214767308577397_984248667076096,"The Star Sydney Poker",fixed,1,0,
4ec16dcd-19db-426c-8314-b4739cbeafaa_214767308577397_1230191002481860,"The Star Sydney Poker",fixed,1,0,
4ec16dcd-19db-426c-8314-b4739cbeafaa_214767308577397_1222259459941681,"The Star Sydney Poker",fixed,1,0,
4ec16dcd-19db-426c-8314-b4739cbeafaa_214767308577397_1259675416200085,"The Star Sydney Poker",fixed,1,0,
4ec16dcd-19db-426c-8314-b4739cbeafaa_214767308577397_866132995554331,"The Star Sydney Poker",fixed,1,0,
4ec16dcd-19db-426c-8314-b4739cbeafaa_214767308577397_821922449975386,"The Star Sydney Poker",fixed,1,0,
4ec16dcd-19db-426c-8314-b4739cbeafaa_214767308577397_1125327179634910,"The Star Sydney Poker",fixed,1,0,
bd7730a8-6a81-4ddf-a6c7-1d1a1c2a8f90_554057605040938_1605301914135081,"Poker Palace Australia",fixed,1,0,
bd7730a8-6a81-4ddf-a6c7-1d1a1c2a8f90_554057605040938_1450261766305764,"Poker Palace Australia",fixed,1,0,
4ec16dcd-19db-426c-8314-b4739cbeafaa_214767308577397_1233965822104378,"The Star Sydney Poker",fixed,3,0,
bd7730a8-6a81-4ddf-a6c7-1d1a1c2a8f90_554057605040938_1225619608769982,"Poker Palace Australia",fixed,1,0,
4ec16dcd-19db-426c-8314-b4739cbeafaa_214767308577397_1226853929482234,"The Star Sydney Poker",fixed,1,0,
4ec16dcd-19db-426c-8314-b4739cbeafaa_214767308577397_1067178872116408,"The Star Sydney Poker",fixed,1,0,
bd7730a8-6a81-4ddf-a6c7-1d1a1c2a8f90_554057605040938_1284204539578155,"Poker Palace Australia",fixed,1,0,
bd7730a8-6a81-4ddf-a6c7-1d1a1c2a8f90_554057605040938_1253935179271758,"Poker Palace Australia",fixed,1,0,
4ec16dcd-19db-426c-8314-b4739cbeafaa_214767308577397_1226821356152158,"The Star Sydney Poker",fixed,1,0,
4ec16dcd-19db-426c-8314-b4739cbeafaa_214767308577397_875801951254102,"The Star Sydney Poker",fixed,1,0,
5a94c0cc-6a42-4d23-b8a2-fa2ad7c07828_112289674918260_862548089905728,"Kings Room",pending,0,1,
bd7730a8-6a81-4ddf-a6c7-1d1a1c2a8f90_554057605040938_1439050050760269,"Poker Palace Australia",fixed,1,0,
4ec16dcd-19db-426c-8314-b4739cbeafaa_214767308577397_1225136752987285,"The Star Sydney Poker",fixed,1,0,
bd7730a8-6a81-4ddf-a6c7-1d1a1c2a8f90_554057605040938_1488639012468039,"Poker Palace Australia",fixed,1,0,
bd7730a8-6a81-4ddf-a6c7-1d1a1c2a8f90_554057605040938_1244518010213475,"Poker Palace Australia",fixed,1,0,
4ec16dcd-19db-426c-8314-b4739cbeafaa_214767308577397_1128423579325270,"The Star Sydney Poker",fixed,1,0,
bd7730a8-6a81-4ddf-a6c7-1d1a1c2a8f90_554057605040938_1345423473456261,"Poker Palace Australia",fixed,1,0,
4ec16dcd-19db-426c-8314-b4739cbeafaa_214767308577397_1264343535733273,"The Star Sydney Poker",fixed,1,0,
bd7730a8-6a81-4ddf-a6c7-1d1a1c2a8f90_554057605040938_1398068681525073,"Poker Palace Australia",fixed,1,0,
4ec16dcd-19db-426c-8314-b4739cbeafaa_214767308577397_1092638859570409,"The Star Sydney Poker",fixed,1,0,
4ec16dcd-19db-426c-8314-b4739cbeafaa_214767308577397_863050322529265,"The Star Sydney Poker",fixed,1,0,
4ec16dcd-19db-426c-8314-b4739cbeafaa_214767308577397_5876866789034059,"The Star Sydney Poker",fixed,1,0,
4ec16dcd-19db-426c-8314-b4739cbeafaa_214767308577397_1227359169431710,"The Star Sydney Poker",fixed,1,0,
4ec16dcd-19db-426c-8314-b4739cbeafaa_214767308577397_1148264844007810,"The Star Sydney Poker",fixed,1,0,
4ec16dcd-19db-426c-8314-b4739cbeafaa_214767308577397_990273793140250,"The Star Sydney Poker",fixed,1,0,
4ec16dcd-19db-426c-8314-b4739cbeafaa_214767308577397_794904749343823,"The Star Sydney Poker",fixed,1,0,
4ec16dcd-19db-426c-8314-b4739cbeafaa_214767308577397_1123784046455890,"The Star Sydney Poker",fixed,1,0,
bd7730a8-6a81-4ddf-a6c7-1d1a1c2a8f90_554057605040938_1420153772649897,"Poker Palace Australia",fixed,1,0,
4ec16dcd-19db-426c-8314-b4739cbeafaa_214767308577397_759578596209772,"The Star Sydney Poker",fixed,1,0,
bd7730a8-6a81-4ddf-a6c7-1d1a1c2a8f90_554057605040938_1213692329962710,"Poker Palace Australia",fixed,1,0,
4ec16dcd-19db-426c-8314-b4739cbeafaa_214767308577397_859868919514072,"The Star Sydney Poker",fixed,1,0,
4ec16dcd-19db-426c-8314-b4739cbeafaa_214767308577397_1199978055503155,"The Star Sydney Poker",fixed,1,0,
bd7730a8-6a81-4ddf-a6c7-1d1a1c2a8f90_554057605040938_1210282636970346,"Poker Palace Australia",fixed,1,0,
bd7730a8-6a81-4ddf-a6c7-1d1a1c2a8f90_554057605040938_1245181220147154,"Poker Palace Australia",fixed,1,0,
4ec16dcd-19db-426c-8314-b4739cbeafaa_214767308577397_1278968517604108,"The Star Sydney Poker",fixed,1,0,
4ec16dcd-19db-426c-8314-b4739cbeafaa_214767308577397_962730652561231,"The Star Sydney Poker",fixed,1,0,
bd7730a8-6a81-4ddf-a6c7-1d1a1c2a8f90_554057605040938_1398860424779232,"Poker Palace Australia",fixed,1,0,
4ec16dcd-19db-426c-8314-b4739cbeafaa_214767308577397_988042473363382,"The Star Sydney Poker",fixed,2,0,
4ec16dcd-19db-426c-8314-b4739cbeafaa_214767308577397_862652095902421,"The Star Sydney Poker",fixed,3,0,
4ec16dcd-19db-426c-8314-b4739cbeafaa_214767308577397_863110162523281,"The Star Sydney Poker",fixed,2,0,
4ec16dcd-19db-426c-8314-b4739cbeafaa_214767308577397_988752706625692,"The Star Sydney Poker",fixed,1,0,
4ec16dcd-19db-426c-8314-b4739cbeafaa_214767308577397_1228737435960550,"The Star Sydney Poker",fixed,2,0,
4ec16dcd-19db-426c-8314-b4739cbeafaa_214767308577397_6069233789797357,"The Star Sydney Poker",fixed,1,0,
bd7730a8-6a81-4ddf-a6c7-1d1a1c2a8f90_554057605040938_1203746024290674,"Poker Palace Australia",fixed,1,0,
4ec16dcd-19db-426c-8314-b4739cbeafaa_214767308577397_1126289132872048,"The Star Sydney Poker",fixed,4,0,
5a94c0cc-6a42-4d23-b8a2-fa2ad7c07828_112289674918260_126389706854907,"Kings Room",fixed,1,0,
bd7730a8-6a81-4ddf-a6c7-1d1a1c2a8f90_554057605040938_1202353491096594,"Poker Palace Australia",fixed,1,0,
bd7730a8-6a81-4ddf-a6c7-1d1a1c2a8f90_554057605040938_1685912132740725,"Poker Palace Australia",fixed,1,0,
4ec16dcd-19db-426c-8314-b4739cbeafaa_214767308577397_1190035809830713,"The Star Sydney Poker",fixed,1,0,
bd7730a8-6a81-4ddf-a6c7-1d1a1c2a8f90_554057605040938_1449759096356031,"Poker Palace Australia",fixed,1,0,
4ec16dcd-19db-426c-8314-b4739cbeafaa_214767308577397_968032388697724,"The Star Sydney Poker",fixed,1,0,
4ec16dcd-19db-426c-8314-b4739cbeafaa_214767308577397_1124603916373903,"The Star Sydney Poker",fixed,1,0,
4ec16dcd-19db-426c-8314-b4739cbeafaa_214767308577397_6002476899806380,"The Star Sydney Poker",fixed,1,0,
bd7730a8-6a81-4ddf-a6c7-1d1a1c2a8f90_554057605040938_1415258229806118,"Poker Palace Australia",fixed,1,0,
4ec16dcd-19db-426c-8314-b4739cbeafaa_214767308577397_791558619678436,"The Star Sydney Poker",fixed,1,0,
4ec16dcd-19db-426c-8314-b4739cbeafaa_214767308577397_988257283341901,"The Star Sydney Poker",fixed,2,0,
4ec16dcd-19db-426c-8314-b4739cbeafaa_214767308577397_813258284175136,"The Star Sydney Poker",fixed,1,0,
4ec16dcd-19db-426c-8314-b4739cbeafaa_214767308577397_5691479337572806,"The Star Sydney Poker",fixed,1,0,
bd7730a8-6a81-4ddf-a6c7-1d1a1c2a8f90_554057605040938_1316192586379350,"Poker Palace Australia",fixed,1,0,
bd7730a8-6a81-4ddf-a6c7-1d1a1c2a8f90_554057605040938_1268962501102359,"Poker Palace Australia",fixed,1,0,
bd7730a8-6a81-4ddf-a6c7-1d1a1c2a8f90_554057605040938_1306999597298649,"Poker Palace Australia",fixed,1,0,
5a94c0cc-6a42-4d23-b8a2-fa2ad7c07828_112289674918260_123010320526179,"Kings Room",fixed,1,0,
4ec16dcd-19db-426c-8314-b4739cbeafaa_214767308577397_1191028449731449,"The Star Sydney Poker",fixed,1,0,
4ec16dcd-19db-426c-8314-b4739cbeafaa_214767308577397_990832616417701,"The Star Sydney Poker",fixed,1,0,
4ec16dcd-19db-426c-8314-b4739cbeafaa_214767308577397_801292412038390,"The Star Sydney Poker",fixed,1,0,
4ec16dcd-19db-426c-8314-b4739cbeafaa_214767308577397_1226455306188763,"The Star Sydney Poker",fixed,1,0,
4ec16dcd-19db-426c-8314-b4739cbeafaa_214767308577397_990302263137403,"The Star Sydney Poker",fixed,1,0,
bd7730a8-6a81-4ddf-a6c7-1d1a1c2a8f90_554057605040938_1205577384107538,"Poker Palace Australia",fixed,1,0,
4ec16dcd-19db-426c-8314-b4739cbeafaa_214767308577397_1209312557903038,"The Star Sydney Poker",fixed,1,0,
bd7730a8-6a81-4ddf-a6c7-1d1a1c2a8f90_554057605040938_1456862265645714,"Poker Palace Australia",fixed,1,0,
4ec16dcd-19db-426c-8314-b4739cbeafaa_214767308577397_987577573409872,"The Star Sydney Poker",fixed,4,0,
bd7730a8-6a81-4ddf-a6c7-1d1a1c2a8f90_554057605040938_122163223040070196,"Poker Palace Australia",fixed,1,0,
4ec16dcd-19db-426c-8314-b4739cbeafaa_214767308577397_736810281819937,"The Star Sydney Poker",fixed,1,0,
4ec16dcd-19db-426c-8314-b4739cbeafaa_214767308577397_6129617933758942,"The Star Sydney Poker",fixed,1,0,
4ec16dcd-19db-426c-8314-b4739cbeafaa_214767308577397_5937513522969385,"The Star Sydney Poker",fixed,1,0,
4ec16dcd-19db-426c-8314-b4739cbeafaa_214767308577397_5784946824892723,"The Star Sydney Poker",fixed,2,0,
4ec16dcd-19db-426c-8314-b4739cbeafaa_214767308577397_1124526053048356,"The Star Sydney Poker",fixed,1,0,
bd7730a8-6a81-4ddf-a6c7-1d1a1c2a8f90_554057605040938_1675371310461474,"Poker Palace Australia",fixed,1,0,
bd7730a8-6a81-4ddf-a6c7-1d1a1c2a8f90_554057605040938_1450283669636907,"Poker Palace Australia",fixed,1,0,
FACEBOOK_112289674918260_856562673837603,"Kings Room",pending,0,1,
bd7730a8-6a81-4ddf-a6c7-1d1a1c2a8f90_554057605040938_1372208567444418,"Poker Palace Australia",fixed,1,0,
bd7730a8-6a81-4ddf-a6c7-1d1a1c2a8f90_554057605040938_1434210487910892,"Poker Palace Australia",fixed,1,0,
bd7730a8-6a81-4ddf-a6c7-1d1a1c2a8f90_554057605040938_1265957094736233,"Poker Palace Australia",fixed,1,0,
4ec16dcd-19db-426c-8314-b4739cbeafaa_214767308577397_859389512895346,"The Star Sydney Poker",fixed,1,0,
4ec16dcd-19db-426c-8314-b4739cbeafaa_214767308577397_859108342923463,"The Star Sydney Poker",fixed,1,0,
bd7730a8-6a81-4ddf-a6c7-1d1a1c2a8f90_554057605040938_1532724551392818,"Poker Palace Australia",fixed,1,0,
4ec16dcd-19db-426c-8314-b4739cbeafaa_214767308577397_680454577455508,"The Star Sydney Poker",fixed,1,0,
bd7730a8-6a81-4ddf-a6c7-1d1a1c2a8f90_554057605040938_1301916267806982,"Poker Palace Australia",fixed,1,0,
4ec16dcd-19db-426c-8314-b4739cbeafaa_214767308577397_813260684174896,"The Star Sydney Poker",fixed,1,0,
bd7730a8-6a81-4ddf-a6c7-1d1a1c2a8f90_554057605040938_1657556335576305,"Poker Palace Australia",fixed,1,0,
4ec16dcd-19db-426c-8314-b4739cbeafaa_214767308577397_1075117187989243,"The Star Sydney Poker",fixed,1,0,
bd7730a8-6a81-4ddf-a6c7-1d1a1c2a8f90_554057605040938_1345031276828814,"Poker Palace Australia",fixed,1,0,
bd7730a8-6a81-4ddf-a6c7-1d1a1c2a8f90_554057605040938_1347153716616570,"Poker Palace Australia",fixed,1,0,
bd7730a8-6a81-4ddf-a6c7-1d1a1c2a8f90_554057605040938_1674409010557704,"Poker Palace Australia",fixed,1,0,
bd7730a8-6a81-4ddf-a6c7-1d1a1c2a8f90_554057605040938_1404104617588146,"Poker Palace Australia",fixed,1,0,
4ec16dcd-19db-426c-8314-b4739cbeafaa_214767308577397_1098520568982238,"The Star Sydney Poker",fixed,1,0,
4ec16dcd-19db-426c-8314-b4739cbeafaa_214767308577397_865539148947049,"The Star Sydney Poker",fixed,1,0,
4ec16dcd-19db-426c-8314-b4739cbeafaa_214767308577397_678083774359255,"The Star Sydney Poker",fixed,5,0,
bd7730a8-6a81-4ddf-a6c7-1d1a1c2a8f90_554057605040938_1656638022334803,"Poker Palace Australia",fixed,1,0,
bd7730a8-6a81-4ddf-a6c7-1d1a1c2a8f90_554057605040938_1332245984774010,"Poker Palace Australia",fixed,1,0,
4ec16dcd-19db-426c-8314-b4739cbeafaa_214767308577397_986801763487453,"The Star Sydney Poker",fixed,1,0,
bd7730a8-6a81-4ddf-a6c7-1d1a1c2a8f90_554057605040938_1248665696465373,"Poker Palace Australia",fixed,1,0,
bd7730a8-6a81-4ddf-a6c7-1d1a1c2a8f90_554057605040938_1222615742403702,"Poker Palace Australia",fixed,1,0,
4ec16dcd-19db-426c-8314-b4739cbeafaa_214767308577397_1228629432638017,"The Star Sydney Poker",fixed,2,0,
4ec16dcd-19db-426c-8314-b4739cbeafaa_214767308577397_1128539402647021,"The Star Sydney Poker",fixed,1,0,
bd7730a8-6a81-4ddf-a6c7-1d1a1c2a8f90_554057605040938_1523723348959605,"Poker Palace Australia",fixed,1,0,
bd7730a8-6a81-4ddf-a6c7-1d1a1c2a8f90_554057605040938_1374657843866157,"Poker Palace Australia",fixed,1,0,
4ec16dcd-19db-426c-8314-b4739cbeafaa_214767308577397_1129169105917384,"The Star Sydney Poker",fixed,1,0,
bd7730a8-6a81-4ddf-a6c7-1d1a1c2a8f90_554057605040938_1337972377534704,"Poker Palace Australia",fixed,1,0,
4ec16dcd-19db-426c-8314-b4739cbeafaa_214767308577397_862935549207409,"The Star Sydney Poker",fixed,1,0,
4ec16dcd-19db-426c-8314-b4739cbeafaa_214767308577397_859916196176011,"The Star Sydney Poker",fixed,3,0,
bd7730a8-6a81-4ddf-a6c7-1d1a1c2a8f90_554057605040938_1446773596654581,"Poker Palace Australia",fixed,1,0,
4ec16dcd-19db-426c-8314-b4739cbeafaa_214767308577397_649075357260097,"The Star Sydney Poker",fixed,3,0,
bd7730a8-6a81-4ddf-a6c7-1d1a1c2a8f90_554057605040938_1350111896320752,"Poker Palace Australia",fixed,1,0,
4ec16dcd-19db-426c-8314-b4739cbeafaa_214767308577397_1270446005123026,"The Star Sydney Poker",fixed,1,0,
bd7730a8-6a81-4ddf-a6c7-1d1a1c2a8f90_554057605040938_1576485467016726,"Poker Palace Australia",fixed,1,0,
4ec16dcd-19db-426c-8314-b4739cbeafaa_214767308577397_5811335785587160,"The Star Sydney Poker",fixed,1,0,
4ec16dcd-19db-426c-8314-b4739cbeafaa_214767308577397_867422572092040,"The Star Sydney Poker",fixed,1,0,
4ec16dcd-19db-426c-8314-b4739cbeafaa_214767308577397_5783289871725085,"The Star Sydney Poker",fixed,2,0,
4ec16dcd-19db-426c-8314-b4739cbeafaa_214767308577397_1191895926311368,"The Star Sydney Poker",fixed,1,0,
bd7730a8-6a81-4ddf-a6c7-1d1a1c2a8f90_554057605040938_1542979487033991,"Poker Palace Australia",fixed,1,0,
4ec16dcd-19db-426c-8314-b4739cbeafaa_214767308577397_1133275162173445,"The Star Sydney Poker",fixed,1,0,
4ec16dcd-19db-426c-8314-b4739cbeafaa_214767308577397_1126096732891288,"The Star Sydney Poker",fixed,1,0,
bd7730a8-6a81-4ddf-a6c7-1d1a1c2a8f90_554057605040938_1306262427372366,"Poker Palace Australia",fixed,1,0,
4ec16dcd-19db-426c-8314-b4739cbeafaa_214767308577397_1123752209792407,"The Star Sydney Poker",fixed,1,0,
4ec16dcd-19db-426c-8314-b4739cbeafaa_214767308577397_6018719751515428,"The Star Sydney Poker",fixed,1,0,
bd7730a8-6a81-4ddf-a6c7-1d1a1c2a8f90_554057605040938_1197290474936229,"Poker Palace Australia",fixed,1,0,
bd7730a8-6a81-4ddf-a6c7-1d1a1c2a8f90_554057605040938_1339524794046129,"Poker Palace Australia",fixed,1,0,
4ec16dcd-19db-426c-8314-b4739cbeafaa_214767308577397_5692265584160848,"The Star Sydney Poker",fixed,1,0,
bd7730a8-6a81-4ddf-a6c7-1d1a1c2a8f90_554057605040938_1487813479217259,"Poker Palace Australia",fixed,1,0,
4ec16dcd-19db-426c-8314-b4739cbeafaa_214767308577397_865743045593326,"The Star Sydney Poker",fixed,2,0,
4ec16dcd-19db-426c-8314-b4739cbeafaa_214767308577397_6023275927726477,"The Star Sydney Poker",fixed,2,0,
4ec16dcd-19db-426c-8314-b4739cbeafaa_214767308577397_1232782448889382,"The Star Sydney Poker",fixed,1,0,
bd7730a8-6a81-4ddf-a6c7-1d1a1c2a8f90_554057605040938_1548141136517826,"Poker Palace Australia",fixed,1,0,
bd7730a8-6a81-4ddf-a6c7-1d1a1c2a8f90_554057605040938_1589857399012866,"Poker Palace Australia",fixed,1,0,
4ec16dcd-19db-426c-8314-b4739cbeafaa_214767308577397_1214063930761234,"The Star Sydney Poker",fixed,1,0,
4ec16dcd-19db-426c-8314-b4739cbeafaa_214767308577397_865092148991749,"The Star Sydney Poker",fixed,1,0,
5a94c0cc-6a42-4d23-b8a2-fa2ad7c07828_112289674918260_867832079377329,"Kings Room",fixed,1,0,
bd7730a8-6a81-4ddf-a6c7-1d1a1c2a8f90_554057605040938_1555009842497622,"Poker Palace Australia",fixed,1,0,
bd7730a8-6a81-4ddf-a6c7-1d1a1c2a8f90_554057605040938_1571006937564579,"Poker Palace Australia",fixed,1,0,
bd7730a8-6a81-4ddf-a6c7-1d1a1c2a8f90_554057605040938_1509654377033169,"Poker Palace Australia",fixed,1,0,
bd7730a8-6a81-4ddf-a6c7-1d1a1c2a8f90_554057605040938_1261098828555393,"Poker Palace Australia",fixed,1,0,
4ec16dcd-19db-426c-8314-b4739cbeafaa_214767308577397_861929752641322,"The Star Sydney Poker",fixed,3,0,
4ec16dcd-19db-426c-8314-b4739cbeafaa_214767308577397_862471922587105,"The Star Sydney Poker",fixed,2,0,
4ec16dcd-19db-426c-8314-b4739cbeafaa_214767308577397_859892029511761,"The Star Sydney Poker",fixed,2,0,
4ec16dcd-19db-426c-8314-b4739cbeafaa_214767308577397_1229503955883898,"The Star Sydney Poker",fixed,2,0,
4ec16dcd-19db-426c-8314-b4739cbeafaa_214767308577397_1227831722717788,"The Star Sydney Poker",fixed,1,0,
bd7730a8-6a81-4ddf-a6c7-1d1a1c2a8f90_554057605040938_1610986843566588,"Poker Palace Australia",fixed,1,0,
4ec16dcd-19db-426c-8314-b4739cbeafaa_214767308577397_1059191119581850,"The Star Sydney Poker",fixed,1,0,
4ec16dcd-19db-426c-8314-b4739cbeafaa_214767308577397_975547727946190,"The Star Sydney Poker",fixed,1,0,
4ec16dcd-19db-426c-8314-b4739cbeafaa_214767308577397_1253842530116707,"The Star Sydney Poker",fixed,1,0,
4ec16dcd-19db-426c-8314-b4739cbeafaa_214767308577397_718164783684487,"The Star Sydney Poker",fixed,1,0,
bd7730a8-6a81-4ddf-a6c7-1d1a1c2a8f90_554057605040938_1609206097077996,"Poker Palace Australia",fixed,1,0,
bd7730a8-6a81-4ddf-a6c7-1d1a1c2a8f90_554057605040938_1661327481865857,"Poker Palace Australia",fixed,1,0,
4ec16dcd-19db-426c-8314-b4739cbeafaa_214767308577397_984607770373519,"The Star Sydney Poker",fixed,3,0,
bd7730a8-6a81-4ddf-a6c7-1d1a1c2a8f90_554057605040938_1267426177922658,"Poker Palace Australia",fixed,1,0,
4ec16dcd-19db-426c-8314-b4739cbeafaa_214767308577397_1214604310707196,"The Star Sydney Poker",fixed,1,0,
4ec16dcd-19db-426c-8314-b4739cbeafaa_214767308577397_1191926642974963,"The Star Sydney Poker",fixed,1,0,
bd7730a8-6a81-4ddf-a6c7-1d1a1c2a8f90_554057605040938_1464375304894410,"Poker Palace Australia",fixed,1,0,
4ec16dcd-19db-426c-8314-b4739cbeafaa_214767308577397_5960546567332747,"The Star Sydney Poker",fixed,2,0,
4ec16dcd-19db-426c-8314-b4739cbeafaa_214767308577397_671031135064519,"The Star Sydney Poker",fixed,1,0,
4ec16dcd-19db-426c-8314-b4739cbeafaa_214767308577397_736325601868405,"The Star Sydney Poker",fixed,1,0,
4ec16dcd-19db-426c-8314-b4739cbeafaa_214767308577397_1191635346337426,"The Star Sydney Poker",fixed,1,0,
bd7730a8-6a81-4ddf-a6c7-1d1a1c2a8f90_554057605040938_1671676160830989,"Poker Palace Australia",fixed,1,0,
4ec16dcd-19db-426c-8314-b4739cbeafaa_214767308577397_989027893264840,"The Star Sydney Poker",fixed,3,0,
bd7730a8-6a81-4ddf-a6c7-1d1a1c2a8f90_554057605040938_1349323213066287,"Poker Palace Australia",fixed,1,0,
4ec16dcd-19db-426c-8314-b4739cbeafaa_214767308577397_1172482168252744,"The Star Sydney Poker",fixed,1,0,
4ec16dcd-19db-426c-8314-b4739cbeafaa_214767308577397_730018022499163,"The Star Sydney Poker",fixed,1,0,
bd7730a8-6a81-4ddf-a6c7-1d1a1c2a8f90_554057605040938_1301011864564089,"Poker Palace Australia",fixed,1,0,
bd7730a8-6a81-4ddf-a6c7-1d1a1c2a8f90_554057605040938_1511847603480513,"Poker Palace Australia",fixed,1,0,
5a94c0cc-6a42-4d23-b8a2-fa2ad7c07828_112289674918260_121393714021173,"Kings Room",fixed,1,0,
4ec16dcd-19db-426c-8314-b4739cbeafaa_214767308577397_5852772284776843,"The Star Sydney Poker",fixed,1,0,
5a94c0cc-6a42-4d23-b8a2-fa2ad7c07828_112289674918260_120799204080624,"Kings Room",fixed,1,0,
bd7730a8-6a81-4ddf-a6c7-1d1a1c2a8f90_554057605040938_1407875053877769,"Poker Palace Australia",fixed,1,0,
4ec16dcd-19db-426c-8314-b4739cbeafaa_214767308577397_1301252325375727,"The Star Sydney Poker",fixed,1,0,
4ec16dcd-19db-426c-8314-b4739cbeafaa_214767308577397_989448619889434,"The Star Sydney Poker",fixed,1,0,
4ec16dcd-19db-426c-8314-b4739cbeafaa_214767308577397_864501772384120,"The Star Sydney Poker",fixed,1,0,
4ec16dcd-19db-426c-8314-b4739cbeafaa_214767308577397_988656183302011,"The Star Sydney Poker",fixed,1,0,
4ec16dcd-19db-426c-8314-b4739cbeafaa_214767308577397_1063082612526034,"The Star Sydney Poker",fixed,1,0,
4ec16dcd-19db-426c-8314-b4739cbeafaa_214767308577397_1126995986134696,"The Star Sydney Poker",fixed,2,0,
4ec16dcd-19db-426c-8314-b4739cbeafaa_214767308577397_5796488183738587,"The Star Sydney Poker",fixed,2,0,
4ec16dcd-19db-426c-8314-b4739cbeafaa_214767308577397_1288498089984484,"The Star Sydney Poker",fixed,1,0,
bd7730a8-6a81-4ddf-a6c7-1d1a1c2a8f90_554057605040938_1589141009084505,"Poker Palace Australia",fixed,1,0,
bd7730a8-6a81-4ddf-a6c7-1d1a1c2a8f90_554057605040938_1444986870166587,"Poker Palace Australia",fixed,1,0,
4ec16dcd-19db-426c-8314-b4739cbeafaa_214767308577397_5970036676383736,"The Star Sydney Poker",fixed,1,0,
4ec16dcd-19db-426c-8314-b4739cbeafaa_214767308577397_1068914688609493,"The Star Sydney Poker",fixed,1,0,
bd7730a8-6a81-4ddf-a6c7-1d1a1c2a8f90_554057605040938_1243856936946249,"Poker Palace Australia",fixed,1,0,
FACEBOOK_112289674918260_850999514393919,"Kings Room",pending,0,1,
4ec16dcd-19db-426c-8314-b4739cbeafaa_214767308577397_5631974406856633,"The Star Sydney Poker",fixed,1,0,
4ec16dcd-19db-426c-8314-b4739cbeafaa_214767308577397_773118671522431,"The Star Sydney Poker",fixed,1,0,
4ec16dcd-19db-426c-8314-b4739cbeafaa_214767308577397_1234710288696598,"The Star Sydney Poker",fixed,2,0,
bd7730a8-6a81-4ddf-a6c7-1d1a1c2a8f90_554057605040938_1339567120708563,"Poker Palace Australia",fixed,1,0,
bd7730a8-6a81-4ddf-a6c7-1d1a1c2a8f90_554057605040938_1485150809483526,"Poker Palace Australia",fixed,1,0,
bd7730a8-6a81-4ddf-a6c7-1d1a1c2a8f90_554057605040938_1291550888843520,"Poker Palace Australia",fixed,1,0,
bd7730a8-6a81-4ddf-a6c7-1d1a1c2a8f90_554057605040938_1249504593048150,"Poker Palace Australia",fixed,1,0,
4ec16dcd-19db-426c-8314-b4739cbeafaa_214767308577397_652723886895244,"The Star Sydney Poker",fixed,1,0,
4ec16dcd-19db-426c-8314-b4739cbeafaa_214767308577397_1230537795780514,"The Star Sydney Poker",fixed,1,0,
4ec16dcd-19db-426c-8314-b4739cbeafaa_214767308577397_875802594587371,"The Star Sydney Poker",fixed,1,0,
4ec16dcd-19db-426c-8314-b4739cbeafaa_214767308577397_1234464028721224,"The Star Sydney Poker",fixed,1,0,
4ec16dcd-19db-426c-8314-b4739cbeafaa_214767308577397_1231919135642380,"The Star Sydney Poker",fixed,1,0,
bd7730a8-6a81-4ddf-a6c7-1d1a1c2a8f90_554057605040938_1320318462633429,"Poker Palace Australia",fixed,1,0,
4ec16dcd-19db-426c-8314-b4739cbeafaa_214767308577397_710019271165705,"The Star Sydney Poker",fixed,1,0,
bd7730a8-6a81-4ddf-a6c7-1d1a1c2a8f90_554057605040938_1448742466457694,"Poker Palace Australia",fixed,1,0,
bd7730a8-6a81-4ddf-a6c7-1d1a1c2a8f90_554057605040938_1210074753657801,"Poker Palace Australia",fixed,1,0,
4ec16dcd-19db-426c-8314-b4739cbeafaa_214767308577397_899369442230686,"The Star Sydney Poker",fixed,1,0,
4ec16dcd-19db-426c-8314-b4739cbeafaa_214767308577397_968782105289419,"The Star Sydney Poker",fixed,1,0,
4ec16dcd-19db-426c-8314-b4739cbeafaa_214767308577397_735234271977538,"The Star Sydney Poker",fixed,1,0,
4ec16dcd-19db-426c-8314-b4739cbeafaa_214767308577397_867533625414268,"The Star Sydney Poker",fixed,2,0,
bd7730a8-6a81-4ddf-a6c7-1d1a1c2a8f90_554057605040938_1584413906223882,"Poker Palace Australia",fixed,1,0,
bd7730a8-6a81-4ddf-a6c7-1d1a1c2a8f90_554057605040938_1596582588340347,"Poker Palace Australia",fixed,1,0,
bd7730a8-6a81-4ddf-a6c7-1d1a1c2a8f90_554057605040938_1559286245403315,"Poker Palace Australia",fixed,1,0,
4ec16dcd-19db-426c-8314-b4739cbeafaa_214767308577397_983019177199045,"The Star Sydney Poker",fixed,1,0,
bd7730a8-6a81-4ddf-a6c7-1d1a1c2a8f90_554057605040938_1560147111983895,"Poker Palace Australia",fixed,1,0,
4ec16dcd-19db-426c-8314-b4739cbeafaa_214767308577397_1228405839327043,"The Star Sydney Poker",fixed,1,0,
4ec16dcd-19db-426c-8314-b4739cbeafaa_214767308577397_5763534663700606,"The Star Sydney Poker",fixed,2,0,
4ec16dcd-19db-426c-8314-b4739cbeafaa_214767308577397_6203499546370780,"The Star Sydney Poker",fixed,1,0,
bd7730a8-6a81-4ddf-a6c7-1d1a1c2a8f90_554057605040938_1393389055326369,"Poker Palace Australia",fixed,1,0,
bd7730a8-6a81-4ddf-a6c7-1d1a1c2a8f90_554057605040938_1517810659550874,"Poker Palace Australia",fixed,1,0,
4ec16dcd-19db-426c-8314-b4739cbeafaa_214767308577397_813228564178108,"The Star Sydney Poker",fixed,1,0,
bd7730a8-6a81-4ddf-a6c7-1d1a1c2a8f90_554057605040938_1384482739550334,"Poker Palace Australia",fixed,1,0,
4ec16dcd-19db-426c-8314-b4739cbeafaa_214767308577397_1039257904908505,"The Star Sydney Poker",fixed,1,0,
4ec16dcd-19db-426c-8314-b4739cbeafaa_214767308577397_1110422351125393,"The Star Sydney Poker",fixed,1,0,
4ec16dcd-19db-426c-8314-b4739cbeafaa_214767308577397_992440239590272,"The Star Sydney Poker",fixed,2,0,
4ec16dcd-19db-426c-8314-b4739cbeafaa_214767308577397_1127903002710661,"The Star Sydney Poker",fixed,1,0,
4ec16dcd-19db-426c-8314-b4739cbeafaa_214767308577397_1218704410297186,"The Star Sydney Poker",fixed,2,0,
4ec16dcd-19db-426c-8314-b4739cbeafaa_214767308577397_1210093854491575,"The Star Sydney Poker",fixed,1,0,
bd7730a8-6a81-4ddf-a6c7-1d1a1c2a8f90_554057605040938_1411460146852593,"Poker Palace Australia",fixed,1,0,
bd7730a8-6a81-4ddf-a6c7-1d1a1c2a8f90_554057605040938_1261701378495138,"Poker Palace Australia",fixed,1,0,
bd7730a8-6a81-4ddf-a6c7-1d1a1c2a8f90_554057605040938_1315535309778411,"Poker Palace Australia",fixed,1,0,
4ec16dcd-19db-426c-8314-b4739cbeafaa_214767308577397_1232091122291848,"The Star Sydney Poker",fixed,1,0,
bd7730a8-6a81-4ddf-a6c7-1d1a1c2a8f90_554057605040938_1355147619150513,"Poker Palace Australia",fixed,1,0,
bd7730a8-6a81-4ddf-a6c7-1d1a1c2a8f90_554057605040938_1563089978356275,"Poker Palace Australia",fixed,1,0,
4ec16dcd-19db-426c-8314-b4739cbeafaa_214767308577397_963579835809646,"The Star Sydney Poker",fixed,1,0,
4ec16dcd-19db-426c-8314-b4739cbeafaa_214767308577397_6084512531602816,"The Star Sydney Poker",fixed,2,0,
bd7730a8-6a81-4ddf-a6c7-1d1a1c2a8f90_554057605040938_1259418605390082,"Poker Palace Australia",fixed,1,0,
4ec16dcd-19db-426c-8314-b4739cbeafaa_214767308577397_971949361639360,"The Star Sydney Poker",fixed,1,0,
bd7730a8-6a81-4ddf-a6c7-1d1a1c2a8f90_554057605040938_1293301075335168,"Poker Palace Australia",fixed,1,0,
bd7730a8-6a81-4ddf-a6c7-1d1a1c2a8f90_554057605040938_1642174237114515,"Poker Palace Australia",fixed,1,0,
4ec16dcd-19db-426c-8314-b4739cbeafaa_214767308577397_5655023021218438,"The Star Sydney Poker",fixed,1,0,
4ec16dcd-19db-426c-8314-b4739cbeafaa_214767308577397_850229950477969,"The Star Sydney Poker",fixed,1,0,
bd7730a8-6a81-4ddf-a6c7-1d1a1c2a8f90_554057605040938_1444898826842058,"Poker Palace Australia",fixed,1,0,
4ec16dcd-19db-426c-8314-b4739cbeafaa_214767308577397_821928679974763,"The Star Sydney Poker",fixed,1,0,
bd7730a8-6a81-4ddf-a6c7-1d1a1c2a8f90_554057605040938_1685824272749511,"Poker Palace Australia",fixed,1,0,
bd7730a8-6a81-4ddf-a6c7-1d1a1c2a8f90_554057605040938_1373683403963601,"Poker Palace Australia",fixed,1,0,
bd7730a8-6a81-4ddf-a6c7-1d1a1c2a8f90_554057605040938_1388494075815867,"Poker Palace Australia",fixed,1,0,
4ec16dcd-19db-426c-8314-b4739cbeafaa_214767308577397_1146644607503167,"The Star Sydney Poker",fixed,1,0,
4ec16dcd-19db-426c-8314-b4739cbeafaa_214767308577397_867363492097948,"The Star Sydney Poker",fixed,1,0,
4ec16dcd-19db-426c-8314-b4739cbeafaa_214767308577397_773111381523160,"The Star Sydney Poker",fixed,1,0,
4ec16dcd-19db-426c-8314-b4739cbeafaa_214767308577397_987931313374498,"The Star Sydney Poker",fixed,1,0,
4ec16dcd-19db-426c-8314-b4739cbeafaa_214767308577397_690886699745629,"The Star Sydney Poker",fixed,1,0,
bd7730a8-6a81-4ddf-a6c7-1d1a1c2a8f90_554057605040938_1424459925552615,"Poker Palace Australia",fixed,1,0,
4ec16dcd-19db-426c-8314-b4739cbeafaa_214767308577397_1134295955404699,"The Star Sydney Poker",fixed,1,0,
4ec16dcd-19db-426c-8314-b4739cbeafaa_214767308577397_813224610845170,"The Star Sydney Poker",fixed,1,0,
bd7730a8-6a81-4ddf-a6c7-1d1a1c2a8f90_554057605040938_1252201176111825,"Poker Palace Australia",fixed,1,0,