gameId,name,status,fieldsUpdated,isMultiDay,totalDuration,gameEndDateTime,gameActualStartDateTime,error
28b735b4-e9d1-4c83-a173-52dfb5842f4f,"Churchill's SHOTCLOCK SUNDAY Poker @ Churchills Sports Bar 5 times a week!",FIXED,totalDuration;gameEndDateTime;gameActualStartDateTime,false,18153,2024-07-14T13:11:02.000Z,2024-07-14T08:08:29.000Z,
b0ee90e0-1a32-4fcd-b016-a9c5f611eea6,"$5,000 GTD Thursday Grind Thursday Weekly $120 rebuy until 9:40pm",FIXED,gameActualStartDateTime,false,23661,2025-03-20T14:16:16.000Z,2025-03-20T07:41:55.000Z,
4e8de1ee-09c0-41ed-8b67-f33b1740d460,"$10,000 GTD Friday's at Kings Room",FIXED,gameActualStartDateTime,false,27234,2025-08-29T16:04:35.000Z,2025-08-29T08:30:41.000Z,
4176ccbf-f316-4532-83ef-b12dda75b052,"Kings Cup Event 10: MAIN EVENT Flight 1D",FIXED,totalDuration;gameEndDateTime;gameActualStartDateTime,true,30900,2025-02-22T09:35:03.000Z,2025-02-22T01:00:03.000Z,
75fb365d-7116-49c2-a2fd-355203c05fe4,"MAIN EVENT Flight C - $50,000 GTD $50,000 Guaranteed - Dealer dealt",FIXED,totalDuration;gameEndDateTime;gameActualStartDateTime,true,22780,2023-07-20T13:53:29.000Z,2023-07-20T07:33:49.000Z,
a1a9e5d1-2d9c-4165-9e63-47895cb7b39d,"Dragon Lunar MAIN EVENT Flight 1A",FIXED,gameActualStartDateTime,true,29400,2024-02-21T14:12:53.000Z,2024-02-21T06:02:53.000Z,
db043d43-2fb0-4786-a7e7-4f7f51c9d5a5,"CRAZY PINEAPPLE Discard after flop",FIXED,totalDuration;gameEndDateTime;gameActualStartDateTime,false,16979,2023-03-04T12:37:09.000Z,2023-03-04T07:54:10.000Z,
b82defb8-0cae-4b06-9318-ac142a11522c,"Sydney Millions Event 1: Colossus Flight 1C",FIXED,gameActualStartDateTime,true,26280,2025-10-22T13:19:55.000Z,2025-10-22T06:01:55.000Z,
907af37c-3c4a-48e8-a23a-3e6375c968ba,"OPENING EVENT FLT A  $15,000 $15,000 Guaranteed - bag at end of level 13 or at 12.5%",FIXED,totalDuration;gameEndDateTime;gameActualStartDateTime,true,16801,2024-11-05T12:11:24.000Z,2024-11-05T07:31:23.000Z,
95ac9fa1-3ec9-496c-b6b1-e1d15fc938b6,"MAIN EVENT - $50,000 GTD $50,000 Guaranteed - $119,700 RECORD PP",NO_S3_KEY,,false,,,,
f17b9ed1-c647-4f2b-9bb6-a06237305f28,"KC @ Churchills Event 4: MINI MAIN Day 2",FIXED,totalDuration;gameEndDateTime;gameActualStartDateTime,true,41123,2025-09-06T03:59:47.000Z,2025-09-05T16:34:24.000Z,
a265f170-2e6f-4170-a46d-e6a18b2da734,"ANZAC Day Poker $5000 GTD $5,000 Guaranteed",FIXED,totalDuration;gameEndDateTime;gameActualStartDateTime,true,24023,2023-04-25T10:41:36.000Z,2023-04-25T04:01:13.000Z,
ad1712e0-b17f-465e-8d4d-1df3b81a5cf0,"Churchills $10k GTD",FIXED,totalDuration;gameEndDateTime;gameActualStartDateTime,true,29828,2025-06-21T16:17:09.000Z,2025-06-21T08:00:01.000Z,
ac3fbffd-a66f-4bca-bafd-142cf86f8fd7,"Signature Series 2024 Event 5: MAIN EVENT",NO_S3_KEY,,false,,,,
c0402dbe-e4da-446b-bc76-cbb2ae1a3ca9,"Wenty's Wednesdays $6k GTD",FIXED,gameActualStartDateTime,false,22477,2024-11-27T13:55:53.000Z,2024-11-27T07:41:16.000Z,
e52556ae-fb62-4683-a183-27ba6e3ca560,"Sydney Millions Event 10 : PLO 4/5 Rotation",FIXED,gameActualStartDateTime,true,27190,2024-11-06T14:33:51.000Z,2024-11-06T07:00:41.000Z,
7bd18e08-1c3b-4c42-9b26-dcbb6bfa2f8f,"OPENING EVENT FLT C  $12,500 $12,500 Guaranteed",FIXED,totalDuration;gameEndDateTime;gameActualStartDateTime,true,17027,2024-06-21T13:46:52.000Z,2024-06-21T09:03:05.000Z,
bde0b827-5858-484e-a4f7-21862c35dc91,"Churchill's SHOTCLOCK SUNDAY Poker @ Churchills Sports Bar 5 times a week!",FIXED,totalDuration;gameEndDateTime;gameActualStartDateTime,false,20410,2024-08-18T13:40:53.000Z,2024-08-18T08:00:43.000Z,
9b1b9aec-0216-42b7-9b9a-1d2a8cefd9b5,"Wednesday night CASH GAME St George Leagues",FIXED,gameActualStartDateTime,false,2,2025-10-01T16:39:30.000Z,2025-10-01T16:39:28.000Z,
ba356ed0-6a80-4eeb-b7ce-a39807c6db9b,"Thursday Colosus Satty (6 Seats Gtd) Thursday Weekly Colosus Satty $120 re-entries until 9:40pm",FIXED,gameActualStartDateTime,false,19309,2024-05-30T13:54:29.000Z,2024-05-30T08:32:40.000Z,
da6c4efe-7f59-497c-a97c-c1cf53ed7ae2,"Wenty's Wednesdays $6k GTD",FIXED,gameActualStartDateTime,false,22040,2024-12-18T13:42:10.000Z,2024-12-18T07:34:50.000Z,
68bddebf-d317-441b-9e35-cb71ea54eded,"Colossus Series Friday Mega Satty (1kHr + Main) 3 Mega Packages Guaranteed",FIXED,gameActualStartDateTime,false,19485,2025-05-09T14:05:55.000Z,2025-05-09T08:41:10.000Z,
f1b80f15-54b9-4963-999b-4b185075e07e,"Colossus Series Wednesday Mega Satty (1kHr + Main) 3 package GTD 3 Mega Packages Guaranteed",FIXED,gameActualStartDateTime,false,19273,2025-05-28T13:59:36.000Z,2025-05-28T08:38:23.000Z,
200e385b-992f-43b6-bb7b-09c7aed0d66d,"Signature Series Event 15: Short Deck",FIXED,gameActualStartDateTime,false,21050,2024-02-26T12:53:53.000Z,2024-02-26T07:03:03.000Z,
f9127add-266b-45aa-a497-912908600aa0,"Friday night CASH GAME St George Leagues",FIXED,gameActualStartDateTime,false,2,2025-09-19T17:24:41.000Z,2025-09-19T17:24:39.000Z,
2062e7b6-af54-497e-9d00-e1a9e07c480d,"Hold'em Heros satellite Late rego 10pm",FIXED,gameActualStartDateTime,false,,,2023-07-07T09:08:54.000Z,
f588f5d9-47f8-4aa5-8da3-8760924c284c,"Sydney Millions Friday Satty 2 seats guaranteed 1 in 10 wins",FIXED,gameActualStartDateTime,false,,,2023-10-20T07:32:55.000Z,
b3ca3793-a257-4b83-b6d5-e77e040a7c10,"PKO Dealer Dealt",FIXED,totalDuration;gameEndDateTime;gameActualStartDateTime,false,22709,2024-03-14T12:33:42.000Z,2024-03-14T06:15:13.000Z,
8e869c8b-270b-4cd1-b3c0-4e3d62ab21ea,"Public Holiday Monday PKO",FIXED,gameActualStartDateTime,false,,,2023-06-05T06:39:45.000Z,
91aeb555-0e4a-4030-96ae-5749be40f42f,"AUGUST BIG EXTRA Late rego and rebuys until 9pm",FIXED,totalDuration;gameEndDateTime;gameActualStartDateTime,false,30965,2024-07-30T16:36:24.000Z,2024-07-30T08:00:19.000Z,
ec003573-479b-4b28-9ac4-291e7226386b,"KILLER STACK FREEZEOUT ONE SHOT FEEZE WITH $1000 GUARANTEED",FIXED,totalDuration;gameEndDateTime;gameActualStartDateTime,false,15339,2023-10-15T10:31:58.000Z,2023-10-15T06:16:19.000Z,
ea17bcd0-f18b-4aa9-9f8b-425dbbe46da8,"Tuesday Highroller Poker @ Churchills Sports Bar 5 times a week!",FIXED,totalDuration;gameEndDateTime;gameActualStartDateTime,false,28925,2025-12-30T15:02:32.000Z,2025-12-30T07:00:27.000Z,
ae53d85b-7190-47d0-91e0-1a730f6b0608,"THE OPENING EVENT $12,500 GTD $12,500 Guaranteed incl. 10 x $250 Blockbuster seats",FIXED,totalDuration;gameEndDateTime;gameActualStartDateTime,false,28014,2025-11-12T14:47:24.000Z,2025-11-12T07:00:30.000Z,
848386ed-5819-4385-8dcf-820d8d712cd5,"Wenty Leagues 20k Special",FIXED,gameActualStartDateTime,false,30966,2024-01-17T16:09:33.000Z,2024-01-17T07:33:27.000Z,
4991b6f4-8abe-4d8f-a883-7ee775acce5f,"Wenty's Wednesdays $6k GTD",FIXED,gameActualStartDateTime,false,21879,2024-06-05T14:50:03.000Z,2024-06-05T08:45:24.000Z,
7685528d-92e8-4714-883b-ecb2362584ab,"Wenty's Wednesdays $6k GTD",FIXED,gameActualStartDateTime,false,22406,2025-05-21T14:50:50.000Z,2025-05-21T08:37:24.000Z,
8b1eb741-664a-4a06-8f8f-9fd00256f4f1,"MAIN EVENT Flight B - $50,000 GTD $50,000 Guaranteed - Dealer dealt",FIXED,totalDuration;gameEndDateTime;gameActualStartDateTime,true,22942,2023-07-19T14:02:12.000Z,2023-07-19T07:39:50.000Z,
900ee37a-913e-457a-a2a9-1ee6e71adf28,"Churchill's SHOTCLOCK SUNDAY Poker @ Churchills Sports Bar 5 times a week!",FIXED,totalDuration;gameEndDateTime;gameActualStartDateTime,false,23218,2025-01-26T13:27:15.000Z,2025-01-26T07:00:17.000Z,
8edd524e-1025-456a-ad31-33c7990b2a2b,"$5,000 Estimate Thursday Grind Thursday Weekly $120 rebuy until 9:40pm",FIXED,gameActualStartDateTime,false,17021,2024-12-12T12:16:35.000Z,2024-12-12T07:32:54.000Z,
77614448-0f3f-4cbc-962f-736d843c1f63,"Kings Cup Event 4: MINI MAIN Flight 1C $50,000 GTD 2 x Re-entry",FIXED,totalDuration;gameEndDateTime;gameActualStartDateTime,true,26134,2024-06-28T15:15:50.000Z,2024-06-28T08:00:16.000Z,
944800bc-f3be-4c8b-aff9-841490107936,"Tuesday HighRoller Poker @ Churchills Sports Bar 5 times a week!",FIXED,totalDuration;gameEndDateTime;gameActualStartDateTime,false,28747,2024-03-19T14:59:24.000Z,2024-03-19T07:00:17.000Z,
b1ed88ce-d5ad-42dc-a4f6-f800ff7929a0,"Signature Series Event 7: Survivor Bounty Top 4 become bounties worth $500 EACH",FIXED,gameActualStartDateTime,false,31746,2025-03-02T10:38:20.000Z,2025-03-02T01:49:14.000Z,
1a73c3b1-a7bf-412c-a62c-f59e47c17d0d,"Colossus Series Event 1: Opening Day 2",FIXED,gameActualStartDateTime,true,44527,2024-06-09T03:52:57.000Z,2024-06-08T15:30:50.000Z,
098b1aa1-b133-4536-8e10-3c982448418c,"DOUBLE BARREL - DAY 2 $5610 PP - $150 GOC & $110 POTS WITHHELD",FIXED,totalDuration;gameEndDateTime;gameActualStartDateTime,false,11637,2023-11-07T10:14:33.000Z,2023-11-07T07:00:36.000Z,
64557291-5956-46ae-82bd-e48d67ccff63,"Signature Series Event 19 : Deep Freeze",FIXED,gameActualStartDateTime,false,26530,2025-03-09T14:09:27.000Z,2025-03-09T06:47:17.000Z,
55f845b9-95de-4429-b37c-4a218c1f3ab4,"Dragon Lunar MAIN EVENT Flight 1B",FIXED,gameActualStartDateTime,true,29100,2024-02-22T14:08:53.000Z,2024-02-22T06:03:53.000Z,
6ddf4fac-da8b-4282-812f-f97ddb7ccff9,"THE BIG STACK 75K start stack",FIXED,totalDuration;gameEndDateTime;gameActualStartDateTime,false,22563,2025-11-21T13:27:54.000Z,2025-11-21T07:11:51.000Z,
4a08beab-614c-43bf-ae3e-89aa8a686a7c,"Tuesday HighRoller Poker @ Churchills Sports Bar 5 times a week!",FIXED,totalDuration;gameEndDateTime;gameActualStartDateTime,false,28420,2023-08-15T15:56:20.000Z,2023-08-15T08:02:40.000Z,
6767d2dc-ab07-44d9-a7fc-3759ded71ace,"Sydney Millions Event 8F: MAIN EVENT Flight F",FIXED,gameActualStartDateTime,true,29700,2024-11-09T14:18:26.000Z,2024-11-09T06:03:26.000Z,
9107e6af-ae0c-463c-9249-285c965603fd,"$5,000 GTD Thursday Grind Thursday Weekly $220 rebuy until 9:40pm",FIXED,gameActualStartDateTime,false,24662,2023-12-14T14:24:36.000Z,2023-12-14T07:33:34.000Z,
786678f0-0144-4145-9609-d4adfbe00368,"KC @ Churchills Event 3: MINI MAIN Flight 1B $100,000 GTD 2 Re-Entry",FIXED,totalDuration;gameEndDateTime;gameActualStartDateTime,true,27601,2025-09-03T14:40:03.000Z,2025-09-03T07:00:02.000Z,
ba69f2d2-c3d8-46b1-8af8-fbfaf1b7ca11,"Colossus Series 2024 Event 1",NO_S3_KEY,,false,,,,
be76a4ff-7d65-461f-a555-1a121bccef39,"Wenty's Wednesdays $6k GTD",FIXED,gameActualStartDateTime,false,22996,2024-09-18T15:00:35.000Z,2024-09-18T08:37:19.000Z,
6c7cfced-0d45-439a-93fb-f501dcaf0b03,"Kings Cup event 3: Sunday Grind SHOTCLOCK 2 x Re-entry until end of level 8",FIXED,totalDuration;gameEndDateTime;gameActualStartDateTime,false,41768,2023-12-03T12:36:36.000Z,2023-12-03T01:00:28.000Z,
08688e02-6c7d-475a-9ec9-a19fa1b25b36,"KC @ Churchills Event 3: MINI MAIN Flight 1D $125,000 GTD 2 Re-Entry",FIXED,totalDuration;gameEndDateTime;gameActualStartDateTime,true,28499,2025-12-05T13:55:08.000Z,2025-12-05T06:00:09.000Z,
9ace24e9-e78c-4392-9db9-700144cfbe6e,"Churchills $10k GTD",FIXED,totalDuration;gameEndDateTime;gameActualStartDateTime,false,31821,2024-07-20T16:50:26.000Z,2024-07-20T08:00:05.000Z,
96be99f2-1755-4142-b95e-d4b4078538e8,"Tuesday Highroller Poker @ Churchills Sports Bar 5 times a week!",FIXED,totalDuration;gameEndDateTime;gameActualStartDateTime,false,29248,2025-07-29T16:08:56.000Z,2025-07-29T08:01:28.000Z,
df10e767-8043-47e0-9e3d-b4ded4d0487d,"Kings Room Signature Series Event 11: MAIN EVENT Flight 1B",FIXED,gameActualStartDateTime,false,,,2023-08-11T07:01:22.000Z,
7056ddc2-e71e-4a16-ac41-1763b7da669e,"$5,000 GTD Thursday Grind Thursday Weekly $220 rebuy until 9:40pm",FIXED,gameActualStartDateTime,false,19151,2024-01-11T12:55:07.000Z,2024-01-11T07:35:56.000Z,
9ed1299c-ebe5-42e0-a55a-caa74491cabb,"Kings Cup 2024 Event 9: MAIN EVENT",NO_S3_KEY,,false,,,,
0ce4784b-8659-469b-a5a7-ba1e70c691e3,"Thursday St. George Leagues Club $5000 GTD",FIXED,gameActualStartDateTime,false,,,2023-03-02T07:31:55.000Z,
40e9483c-e45f-4826-8d8f-9efc09607208,"Churchill's SHOTCLOCK SUNDAY Poker @ Churchills Sports Bar 5 times a week!",FIXED,totalDuration;gameEndDateTime;gameActualStartDateTime,false,20783,2024-05-26T13:47:12.000Z,2024-05-26T08:00:49.000Z,
7c65b7f0-2156-4aa6-88d0-9162872f2318,"Signature Series Event 12B : Main Event Flight B",FIXED,gameActualStartDateTime,true,28800,2025-03-06T14:32:11.000Z,2025-03-06T06:32:11.000Z,
0cb57966-da1f-418c-af70-afeca7ca8b63,"Signature Series 1KHR Mega Satty",FIXED,gameActualStartDateTime,false,16181,2025-03-02T04:38:42.000Z,2025-03-02T00:09:01.000Z,
2af7c351-0960-4a05-b33d-eecb0ad2003b,"Manly Leagues Series 2023 Event 2: MAIN EVENT",NO_S3_KEY,,false,,,,
7c93e346-3282-425f-9a64-91fded4a3a1b,"St George Leagues Thursday Grind Thursday Weekly $120 rebuy until 9:40pm",FIXED,gameActualStartDateTime,false,21075,2025-12-04T13:30:12.000Z,2025-12-04T07:38:57.000Z,
50a7eee2-e476-40b0-870b-6cfc0958c857,"Bella Vista Hotel Tuesdays $6k GTD",FIXED,gameActualStartDateTime,false,22833,2025-09-16T14:56:16.000Z,2025-09-16T08:35:43.000Z,
5d5391ef-4cbd-4852-88ed-23c73e4040a0,"Bella Vista Hotel Tuesdays",FIXED,gameActualStartDateTime,false,24601,2025-06-17T15:21:40.000Z,2025-06-17T08:31:39.000Z,
42472036-babe-497a-9581-102c93af8be2,"OPENING EVENT DAY 2 $17,040 PP - POTS - GOC",FIXED,totalDuration;gameEndDateTime;gameActualStartDateTime,false,16611,2024-11-09T04:41:00.000Z,2024-11-09T00:04:09.000Z,
0c3287b4-4b62-496f-87fc-808240100044,"Colossus Series Event 7 : Double Barrel",FIXED,gameActualStartDateTime,false,18233,2025-06-09T13:08:45.000Z,2025-06-09T08:04:52.000Z,
db81b212-669a-4c3c-9d05-a78eaa5a7039,"$5,000 GTD Thursday Grind Thursday Weekly $120 rebuy until 9:40pm",FIXED,gameActualStartDateTime,false,19824,2025-01-30T13:08:44.000Z,2025-01-30T07:38:20.000Z,
cc1e96af-8186-468d-b8cb-a197538daa5f,"Sydney Millions ME satty",FIXED,gameActualStartDateTime,false,16242,2023-11-14T14:53:10.000Z,2023-11-14T10:22:28.000Z,
19f47959-1387-43e9-81a6-6666be7c3a22,"KC @ Churchills Event 1: Sunday Grind",FIXED,totalDuration;gameEndDateTime;gameActualStartDateTime,false,44931,2025-11-30T13:28:56.000Z,2025-11-30T01:00:05.000Z,
b9a5a270-6ddc-4032-b17d-68d128db4e6c,"$2,500 GTD Monday Bankroll Builder Monday Weekly $120 rebuy until 9:40pm",FIXED,gameActualStartDateTime,false,21247,2024-03-25T13:25:57.000Z,2024-03-25T07:31:50.000Z,
b562c0f9-ce51-4194-9c38-bcec3c6a75cf,"SUPER BOUNTY TURBO $30 per Bounty",FIXED,totalDuration;gameEndDateTime;gameActualStartDateTime,false,19625,2025-07-14T08:37:11.000Z,2025-07-14T03:10:06.000Z,
e3260a55-bbc4-485e-b347-4803565fc982,"August Big Extra Late rego and rebuys until 9:20pm",FIXED,totalDuration;gameEndDateTime;gameActualStartDateTime,false,28435,2025-08-12T15:55:46.000Z,2025-08-12T08:01:51.000Z,
c391b4a9-d27e-4300-9702-8ef47cf0ea7e,"Wednesday night CASH GAME St George Leagues",FIXED,totalDuration;gameEndDateTime;gameActualStartDateTime,false,19079,2026-01-28T13:12:46.000Z,2026-01-28T07:54:47.000Z,
05983092-9bd9-408c-bbce-cf758582c049,"Colossus Series Thursday Mega Satty (1kHr + Main) 3 package GTD 3 Mega Packages Guaranteed",FIXED,gameActualStartDateTime,false,19017,2025-05-22T13:47:57.000Z,2025-05-22T08:31:00.000Z,
a7750197-da9d-4170-9ec3-290453050e1c,"Signature Series 2025 Event 8",NO_S3_KEY,,false,,,,
40001c43-ef74-4a7e-8b94-117a43060813,"Colossus Series Event 2 : Big PLO",FIXED,gameActualStartDateTime,false,33265,2025-06-06T17:44:30.000Z,2025-06-06T08:30:05.000Z,
3b08cd09-d208-4e01-bd50-12ee5e2fedc3,"OPENING EVENT FLT A  $12,500 $12,500 Guaranteed",FIXED,totalDuration;gameEndDateTime;gameActualStartDateTime,true,17102,2024-06-19T13:15:33.000Z,2024-06-19T08:30:31.000Z,
5456320d-fc65-4fb1-95b4-7b41d84207c7,"Mondays Bankroll Builder St.George Leagues Club Monday Weekly $120 re-entry until 9:40pm",FIXED,gameActualStartDateTime,false,28889,2025-07-28T16:40:40.000Z,2025-07-28T08:39:11.000Z,
2491784e-2ce7-47a4-be8a-cc950a8528a4,"BIG FRIDAY $20k GTD $20,000 GTD. re-entry until end of level 9",FIXED,gameActualStartDateTime,false,29193,2025-02-07T14:11:26.000Z,2025-02-07T06:04:53.000Z,
4ff9d496-618d-4f79-b573-50243cd3c086,"Friday 6k Gtd Friday Weekly $150 re-entry until 9:40pm",FIXED,gameActualStartDateTime,false,18188,2024-11-22T12:42:02.000Z,2024-11-22T07:38:54.000Z,
e16807c2-9464-4983-8971-6fbe17fa5fe5,"$5,000 Gtd Monday Bankroll Builder Monday Weekly $120 re-entry until 9:40pm",FIXED,gameActualStartDateTime,false,23863,2025-03-24T14:08:31.000Z,2025-03-24T07:30:48.000Z,
4f0011d2-3c16-4456-b07c-9351a3b9ace6,"Churchill's SHOTCLOCK SUNDAY Poker @ Churchills Sports Bar 5 times a week!",FIXED,totalDuration;gameEndDateTime;gameActualStartDateTime,false,22721,2025-04-13T14:22:04.000Z,2025-04-13T08:03:23.000Z,
75588b8f-88f9-4395-b89e-fa328795f2b5,"Mondays Bankroll Builder St.George Leagues Club Monday Weekly $120 re-entry until 9:40pm",FIXED,gameActualStartDateTime,false,27877,2025-07-21T16:16:55.000Z,2025-07-21T08:32:18.000Z,
63b0a992-d4d4-451d-8bad-c44a7173ba64,"Kings Cup Event 9: Highroller Unlimited Re-Entries",FIXED,totalDuration;gameEndDateTime;gameActualStartDateTime,false,40891,2024-09-15T14:21:44.000Z,2024-09-15T03:00:13.000Z,
64d1d6ad-86af-4dd2-adae-0976623376ea,"Sydney Millions Event 6: Mini Main Day 2 Breaking order: 1, 40, 34, 33, 32, 31, 24, 23, 30, 25, 22, 29, 26, 21, 28, 27, 20",FIXED,gameActualStartDateTime,true,36597,2025-11-01T00:59:44.000Z,2025-10-31T14:49:47.000Z,
807ef160-982c-4544-9bfe-0699f2a72384,"Churchill's SHOTCLOCK SUNDAY Poker @ Churchills Sports Bar 5 times a week!",FIXED,totalDuration;gameEndDateTime;gameActualStartDateTime,false,24014,2026-01-25T13:40:53.000Z,2026-01-25T07:00:39.000Z,
878dad85-6c73-4f2e-a13d-5dc498807a66,"Colossus Series Event 13: PLO HR",FIXED,gameActualStartDateTime,false,34473,2024-06-16T13:48:00.000Z,2024-06-16T04:13:27.000Z,
888b1de8-1d7f-4188-be2f-27ba4220d7f4,"FREE 2 PLAY 450HR SATY 2 X 450HR SEATS GUARANTEED",FIXED,totalDuration;gameEndDateTime;gameActualStartDateTime,false,15748,2024-06-21T06:26:10.000Z,2024-06-21T02:03:42.000Z,
a15f66cd-1f86-4aa0-af15-24a9dd59aa18,"Sydney Millions ME satty",FIXED,gameActualStartDateTime,false,13752,2023-11-12T14:01:26.000Z,2023-11-12T10:12:14.000Z,
ed58b4cf-8554-42fd-b991-d2b3179799e2,"March Big Extra Late rego and rebuys until 9:20pm",FIXED,totalDuration;gameEndDateTime;gameActualStartDateTime,false,33566,2025-03-11T16:19:51.000Z,2025-03-11T07:00:25.000Z,
4c26873b-8d44-49e7-822f-37def72d10c3,"Kings Cup Event 10: Highroller Unlimited Re-Entries",FIXED,totalDuration;gameEndDateTime;gameActualStartDateTime,false,41802,2024-12-15T13:37:48.000Z,2024-12-15T02:01:06.000Z,
83ac1d3c-c13e-4c59-89c4-3c0c9a9a6cf7,"Sydney Millions Event 9: Main Event Flight 1D",FIXED,gameActualStartDateTime,true,29700,2025-10-31T14:17:47.000Z,2025-10-31T06:02:47.000Z,
dbbb436c-816d-4a2f-989b-13de413a5c3b,"$450 HIGH ROLLERS $150 GOS 2% POS",FIXED,totalDuration;gameEndDateTime;gameActualStartDateTime,true,53476,2024-06-22T22:53:25.000Z,2024-06-22T08:02:09.000Z,
46898c2e-180b-4550-8a36-bf95b08e7aa6,"Friday night CASH GAME St George Leagues",FIXED,gameActualStartDateTime,false,9288,2025-12-12T13:51:58.000Z,2025-12-12T11:17:10.000Z,
9d04bb66-6589-44bd-af89-090333136f0b,"Kings Cup Event 1: MINI MAIN Flight 1C $50,000 GTD 2 x Re-entry",FIXED,totalDuration;gameEndDateTime;gameActualStartDateTime,true,26103,2023-12-01T14:15:05.000Z,2023-12-01T07:00:02.000Z,
dd465774-cba1-49fc-b6ed-5c6360c7b2f6,"Kings Cup Event 6: MAIN EVENT Flight 1B 2 x Re-entry",FIXED,totalDuration;gameEndDateTime;gameActualStartDateTime,true,29701,2023-12-07T14:15:16.000Z,2023-12-07T06:00:15.000Z,
eaf42fe0-173d-4f11-b1fc-8306f88d7b33,"St George Leagues Monday $5k GTD",FIXED,gameActualStartDateTime,false,22251,2025-12-08T13:51:01.000Z,2025-12-08T07:40:10.000Z,
30ae7e30-9f39-4f98-9f48-cc6367062661,"Kings Cup Event 2: MINI MAIN Flight 1C $75,000 GTD Unlimited Re-Entry",FIXED,totalDuration;gameEndDateTime;gameActualStartDateTime,true,26102,2024-09-06T15:15:07.000Z,2024-09-06T08:00:05.000Z,
ffd05419-0409-4f6a-9a1d-8c65441d1392,"Monday St. George Leagues Club $2,000 GTD $2000 GTD Rebuy end of level 7 (9:10pm)",FIXED,gameActualStartDateTime,false,,,2023-05-01T08:30:03.000Z,
9467c9eb-dd40-437d-a29e-5de3e2d0d572,"Hillside Hotel Mondays",FIXED,gameActualStartDateTime,false,16688,2025-09-29T13:28:32.000Z,2025-09-29T08:50:24.000Z,
445630d6-a16c-4b3e-9aae-bb40dcb92508,"Sydney Millions Colossus Satellite Monday. 6 Gtd 6 Colossus Seats Guaranteed Every Monday",FIXED,gameActualStartDateTime,false,22465,2024-10-28T13:48:36.000Z,2024-10-28T07:34:11.000Z,
9b3e2b1c-0fc9-44d3-a7b8-4e33348c7558,"Kings Room Signature series Event 7: SUPER HIGHROLLER Day 2",FIXED,gameActualStartDateTime,false,,,2023-05-17T05:56:19.000Z,
629aeff8-efcc-4bb8-9920-8571e29f38a5,"PLO 5 Dealer dealt $5000 GTD",FIXED,totalDuration;gameEndDateTime;gameActualStartDateTime,false,21122,2024-11-11T12:37:12.000Z,2024-11-11T06:45:10.000Z,
525abc61-f65e-4559-a33c-549594168377,"Hillside Hotel Mondays",FIXED,gameActualStartDateTime,false,19959,2025-10-06T13:04:57.000Z,2025-10-06T07:32:18.000Z,
23305b94-dd1b-4f3a-a159-ccf391f543dd,"$5,000 GTD Monday Bankroll Builder Monday Weekly $120 re-entry until 9:40pm",FIXED,gameActualStartDateTime,false,21614,2024-12-16T13:30:44.000Z,2024-12-16T07:30:30.000Z,
1df46b6b-25af-4830-8aaf-1c680912b00b,"DEALERS CHOICE Dealer Dealt",FIXED,totalDuration;gameEndDateTime;gameActualStartDateTime,false,24429,2024-11-07T12:51:54.000Z,2024-11-07T06:04:45.000Z,
b0b146b1-5d15-4799-865b-d86091367854,"Signature Series Event 7 : PLO 5",FIXED,gameActualStartDateTime,true,21773,2024-08-08T14:29:45.000Z,2024-08-08T08:26:52.000Z,
5b16b7df-2800-40cc-8174-2d2041c8425d,"$5,000 Gtd Monday Bankroll Builder Monday Weekly $120 re-entry until 9:40pm",FIXED,gameActualStartDateTime,false,23648,2025-03-31T14:07:33.000Z,2025-03-31T07:33:25.000Z,
a71dc031-1c19-4cd8-8dfa-6c30acb28cfa,"Bella Vista Hotel Tuesday $6k GTD",FIXED,gameActualStartDateTime,false,25015,2025-12-09T14:53:30.000Z,2025-12-09T07:56:35.000Z,
3f8ef378-2055-4d9e-ab63-22319a9382e0,"THE JUGGERNAUT 75K ss Freezeout",FIXED,totalDuration;gameEndDateTime;gameActualStartDateTime,false,18525,2023-07-22T13:42:10.000Z,2023-07-22T08:33:25.000Z,
c639e9bf-c1a4-4e98-954c-c57122aec444,"Kings Cup Event 5: NLH/PLO Rotation",FIXED,totalDuration;gameEndDateTime;gameActualStartDateTime,false,24979,2024-09-08T13:56:28.000Z,2024-09-08T07:00:09.000Z,
240b4f84-23ba-4b2a-9ff8-80651b55dff4,"Colossus Series Event 10: PLO5",FIXED,gameActualStartDateTime,false,22464,2024-06-13T14:16:28.000Z,2024-06-13T08:02:04.000Z,
037c5a7e-17b2-4308-ad1d-c09c5eb3a755,"Monday St. George Leagues Club $5000 GTD",FIXED,gameActualStartDateTime,false,,,2023-01-23T07:42:47.000Z,
0b9c5bcc-afde-4a40-9370-7593e30070f7,"Hillside Hotel Monday $4k GTD",FIXED,gameActualStartDateTime,false,21851,2025-11-17T13:36:29.000Z,2025-11-17T07:32:18.000Z,
4a436217-4a1f-47e9-a85b-d28854ec263c,"Kings Cup Event 1: One SHOT",FIXED,totalDuration;gameEndDateTime;gameActualStartDateTime,false,25271,2025-04-28T15:01:23.000Z,2025-04-28T08:00:12.000Z,
d67a1e4b-bdeb-4f03-933a-649b92b35d8f,"Friday Behemoth Satty (4 seats Gtd) Friday Weekly Behemorh Satty $220 re-entries until 9:40pm",FIXED,gameActualStartDateTime,false,20465,2024-05-31T14:15:45.000Z,2024-05-31T08:34:40.000Z,
27b0f6f4-468e-4c28-b94e-34af0e664d1d,"Optiver",FIXED,totalDuration;gameEndDateTime;gameActualStartDateTime,false,15,2025-05-05T15:02:28.000Z,2025-05-05T15:02:13.000Z,
290f6f0e-8bf2-4fda-99bf-2ab6ff3887df,"Churchill's SHOTCLOCK SUNDAY Poker @ Churchills Sports Bar 5 times a week!",FIXED,totalDuration;gameEndDateTime;gameActualStartDateTime,false,17490,2024-05-12T12:53:52.000Z,2024-05-12T08:02:22.000Z,
a55b1385-833a-4f28-ba7e-3cd44f23b948,"Mega Opening Event Satellite (8 Seats Gtd) 8 Seats Guaranteed",FIXED,gameActualStartDateTime,true,12618,2024-08-03T06:04:38.000Z,2024-08-03T02:34:20.000Z,
e0143416-8081-4f80-a71f-ad87d8035274,"Signature Series Event 12D3 : Main Event Day 3",FIXED,gameActualStartDateTime,true,67668,2025-03-09T17:22:36.000Z,2025-03-08T22:34:48.000Z,
35070cf1-79ef-49c4-9f64-a5a6892088a1,"MAIN EVENT SATTY 1 x Main Event $350 seats guaranteed",FIXED,totalDuration;gameEndDateTime;gameActualStartDateTime,false,7783,2024-11-11T13:08:45.000Z,2024-11-11T10:59:02.000Z,
50d5c4a6-50ed-4e1a-962d-8aa4ceca9fc6,"Kings Room Champs SATTY. 1 seat per 8 entries 4 x seats GTD",FIXED,gameActualStartDateTime,false,19402,2023-12-15T13:07:00.000Z,2023-12-15T07:43:38.000Z,
b8d3b9d7-6c1a-4e47-a3db-7dcb6b3c692b,"Wenty Leagues 20k GTD Weekly",FIXED,gameActualStartDateTime,false,25513,2024-01-24T14:35:19.000Z,2024-01-24T07:30:06.000Z,
860e2c5e-6aaf-4104-951c-d0ee4a2beed5,"Sydney Millions Event 20: Kings Big Bounty SC",FIXED,gameActualStartDateTime,false,80774,2023-11-24T05:28:25.000Z,2023-11-23T07:02:11.000Z,
a38f7d19-2244-411f-9520-5941ec043321,"Public Holiday Monday PKO",FIXED,gameActualStartDateTime,false,,,2023-06-12T07:02:06.000Z,
884f59a4-c4f7-4631-ae7f-93cd5b0166e5,"Signature Series Event 20 : Closing Event",FIXED,gameActualStartDateTime,false,23656,2025-03-10T14:04:18.000Z,2025-03-10T07:30:02.000Z,
0f723576-90b7-4688-a4cb-38e135c8e6c6,"Signature Series Event 17 : Friday night NLH",FIXED,gameActualStartDateTime,false,16425,2025-03-07T12:33:53.000Z,2025-03-07T08:00:08.000Z,
36fae985-bf63-4cb0-8fe0-638dfaa71759,"Wenty's Wednesdays $6k GTD",FIXED,gameActualStartDateTime,false,19776,2025-02-26T13:10:42.000Z,2025-02-26T07:41:06.000Z,
4b32e22d-ce05-42f9-840a-26d7be429e9b,"Colossus Series Event 2: 6-Max SC",FIXED,gameActualStartDateTime,false,30059,2024-06-08T16:21:07.000Z,2024-06-08T08:00:08.000Z,
093bc595-67e2-459e-87ad-2ceefc7eec45,"Sydney Millions Event 3: Kings Classic",FIXED,gameActualStartDateTime,false,40743,2025-10-24T13:21:04.000Z,2025-10-24T02:02:01.000Z,
9041d667-8d75-4666-829f-baa3884936a4,"Dragon Lunar Opener Sunday 18th at 12pm",NO_S3_KEY,,false,,,,
bd1af0f9-e7be-41b7-9204-cdc099803960,"MYSTERY BOUNTY SHOT CLOCK",FIXED,totalDuration;gameEndDateTime;gameActualStartDateTime,false,25627,2024-11-14T13:11:19.000Z,2024-11-14T06:04:12.000Z,
cac313fd-11f8-4508-bc21-6e35b661d978,"1100 HR Day 2 starts 11am Sunday",FIXED,totalDuration;gameEndDateTime;gameActualStartDateTime,true,58685,2023-07-15T23:51:12.000Z,2023-07-15T07:33:07.000Z,
9b6cee70-fd4b-4de4-abcf-0863386be7f0,"$5,000 GTD Thursday Grind Thursday Weekly $120 rebuy until 9:40pm",FIXED,gameActualStartDateTime,false,22681,2025-03-13T13:50:33.000Z,2025-03-13T07:32:32.000Z,
2af8e7fa-be72-4394-8075-ac996b88fd92,"$250 NLH Champs SHOTCLOCK",FIXED,gameActualStartDateTime,false,,,2023-05-20T08:00:22.000Z,
66cd81cd-87e0-440f-8ce7-67c4ca35731f,"Sydney Millions Colossus Satellite Monday. 6 Gtd 6 Colossus Seats Guaranteed Every Monday",FIXED,gameActualStartDateTime,false,20786,2024-09-02T14:28:45.000Z,2024-09-02T08:42:19.000Z,
49288627-ed33-41c2-897b-dd31e7e35e1c,"Signature Series Event 8: 8-Max FREEZE SC",FIXED,gameActualStartDateTime,false,31388,2024-02-21T16:14:42.000Z,2024-02-21T07:31:34.000Z,
59ca1c7e-3fdb-469c-9518-8a6f2c23f29d,"Kings Cup Event 8: MAIN EVENT Flight 1C 2 x Re-entry",FIXED,totalDuration;gameEndDateTime;gameActualStartDateTime,false,7,2024-09-13T05:18:36.000Z,2024-09-13T05:18:29.000Z,
d966a889-b6fb-41a1-b226-1d8dd950a903,"Wenty's Wednesdays $6k GTD",FIXED,gameActualStartDateTime,false,24727,2024-05-29T15:25:27.000Z,2024-05-29T08:33:20.000Z,
6fbaf5f9-5653-498f-8727-93821edacec5,"Colossus Series Friday Mega Satty (1kHr + Main) 3 Mega Packages Guaranteed",FIXED,gameActualStartDateTime,false,20049,2025-05-02T14:33:31.000Z,2025-05-02T08:59:22.000Z,
a6cf4bb7-eea7-4b1c-bdae-cf77c07155ee,"Sydney Millions Event 17: The Accumulator Flight 1B",FIXED,gameActualStartDateTime,true,25800,2023-11-21T14:09:56.000Z,2023-11-21T06:59:56.000Z,
758d425e-a150-4fbd-addd-4c0b95e5369a,"Thursdays Grind St.George Leagues Thursday Weekly $120 rebuy until 9:40pm",FIXED,gameActualStartDateTime,false,26831,2025-07-10T16:03:55.000Z,2025-07-10T08:36:44.000Z,
355c88bf-e8e2-4868-992a-27e7f679c041,"Colossus Series Event 3 : Triple Barrel SC",FIXED,gameActualStartDateTime,false,27664,2025-06-07T13:44:11.000Z,2025-06-07T06:03:07.000Z,
6e167734-43ea-42e0-867f-d0c01b85b5f9,"Signature series Event 3: PLO",FIXED,gameActualStartDateTime,false,,,2023-02-18T03:06:41.000Z,
86d5855d-8873-44c3-9cc4-afe9a5d32d97,"THE TRIPLE BARREL Dealer Dealt Closing Event",FIXED,totalDuration;gameEndDateTime;gameActualStartDateTime,false,17521,2023-11-12T10:54:15.000Z,2023-11-12T06:02:14.000Z,
5af89c0a-fbe7-42ec-a84e-317df8fefef1,"Colossus Series Event 1A : Poker Rewards+ Flight A $100,000 Guaranteed",FIXED,gameActualStartDateTime,true,28500,2025-06-05T14:55:18.000Z,2025-06-05T07:00:18.000Z,
1a77824c-e6d8-420b-ba1d-4dd75d79f181,"Sydney Millions Event 6: Mini Main Flight 1D",FIXED,gameActualStartDateTime,true,27000,2025-10-29T14:00:02.000Z,2025-10-29T06:30:02.000Z,
1b5d998b-8255-4408-a412-b14e3a92aa66,"Sydney Millions Event 7 - Bankroll Builder",FIXED,gameActualStartDateTime,false,27253,2024-11-04T14:34:23.000Z,2024-11-04T07:00:10.000Z,
111b9abd-a5c3-4d1c-bc45-0a9ff44c5953,"Wenty's Wednesdays $6k GTD",FIXED,gameActualStartDateTime,false,20517,2024-07-10T14:31:05.000Z,2024-07-10T08:49:08.000Z,
614f196a-82aa-4edc-b869-4135b7829cd5,"$5,000 GTD Thursday Grind Thursday Weekly $120 rebuy until 9:40pm",FIXED,gameActualStartDateTime,false,23276,2025-04-03T13:57:39.000Z,2025-04-03T07:29:43.000Z,
960a7b8c-5c21-4046-a849-35f3f3d98bb3,"$5,000 GTD Thursday Grind Thursday Weekly $120 rebuy until 9:40pm",FIXED,gameActualStartDateTime,false,25071,2025-01-02T14:36:51.000Z,2025-01-02T07:39:00.000Z,
42ad3694-e99c-4e8e-b4ca-7c94de2022d2,"KC @ Churchills Event 8: MAIN EVENT Flight 1D",FIXED,totalDuration;gameEndDateTime;gameActualStartDateTime,true,29699,2025-09-12T15:15:07.000Z,2025-09-12T07:00:08.000Z,
ef7c5050-c48a-4852-946d-dff730ae2943,"KC @ Churchills Event 10: Blockbuster",FIXED,totalDuration;gameEndDateTime;gameActualStartDateTime,false,33412,2025-09-13T15:16:57.000Z,2025-09-13T06:00:05.000Z,
ac132069-2b7d-4685-8eb2-cd94b207c034,"Churchills $10k GTD",FIXED,totalDuration;gameEndDateTime;gameActualStartDateTime,false,28382,2025-10-18T14:53:36.000Z,2025-10-18T07:00:34.000Z,
dd4562bb-ea45-4f61-ba7c-75ade71e4f10,"Sydney Millions Event 9: Main Event Flight 1F",FIXED,gameActualStartDateTime,true,29400,2025-11-01T14:10:34.000Z,2025-11-01T06:00:34.000Z,
b24ef86c-2e7e-4e16-b226-ae6818b7af3b,"$5,000 GTD Monday Bankroll Builder Monday Weekly $120 re-entry until 9:40pm",FIXED,gameActualStartDateTime,false,22730,2024-12-30T13:50:53.000Z,2024-12-30T07:32:03.000Z,
8c1e29bf-f633-4521-b224-def128bee16f,"Bella Vista Hotel Tuesdays $6k GTD",FIXED,gameActualStartDateTime,false,22519,2025-08-12T14:45:42.000Z,2025-08-12T08:30:23.000Z,
e3f61f08-0069-4e23-9941-8a423c018099,"Manly Leagues Series ME satellite 10 seats GTD 10 seats GTD",FIXED,totalDuration;gameEndDateTime;gameActualStartDateTime,false,14453,2023-09-08T13:31:45.000Z,2023-09-08T09:30:52.000Z,
830d6017-19ef-45d2-8e42-adc2129f8775,"Kings Room Signature series: ME SATTY. 1 seat per 10 entries",FIXED,gameActualStartDateTime,false,,,2023-02-22T07:00:23.000Z,
fe690e33-f766-4712-80ce-5cd93f4964fc,"Kings Cup Event 7: PLO/NLH Rotation",FIXED,totalDuration;gameEndDateTime;gameActualStartDateTime,false,30173,2025-02-16T15:55:14.000Z,2025-02-16T07:32:21.000Z,
bae9c551-679e-45c1-8218-324c4c292d60,"New Kings Room Grand Opening Special $20,000 GTD. re-entry until end of level 8",FIXED,gameActualStartDateTime,false,29559,2024-09-27T16:18:48.000Z,2024-09-27T08:06:09.000Z,
bbde626f-81d5-4aa2-a3f9-af6d1ca95332,"Dragon Lunar Opener Flight 1B Day 2 Sunday 18th at 12pm",FIXED,gameActualStartDateTime,true,29100,2024-02-15T14:06:30.000Z,2024-02-15T06:01:30.000Z,
fcf99d11-5b93-4aa5-9bbd-1b8cc08d837b,"Manly Leagues Series Event 2: Main Event Flight 1A 2 x Re-entry",FIXED,totalDuration;gameEndDateTime;gameActualStartDateTime,true,29700,2023-09-07T15:18:42.000Z,2023-09-07T07:03:42.000Z,
0c85d411-7989-4954-bcf0-374a4ccb1f25,"1100 HR starts 11am Sunday",NO_S3_KEY,,false,,,,
f9d7023c-74f6-4ff9-a69e-9a7901a3c708,"Thursdays Grind St.George Leagues Thursday Weekly $120 rebuy until 9:40pm",FIXED,gameActualStartDateTime,false,24370,2025-07-03T15:17:27.000Z,2025-07-03T08:31:17.000Z,
dc5a1b56-38c6-4ac2-9b4c-5379a3c65d16,"Kings Cup Event 11: Series Saver Unlimited Re-Entries",FIXED,totalDuration;gameEndDateTime;gameActualStartDateTime,false,36139,2025-02-23T12:44:02.000Z,2025-02-23T02:41:43.000Z,
bd4498c7-43e8-4da2-8270-49f55626f9e2,"$8,000 GTD Friday's at Kings Room Late rego 9:40pm",FIXED,gameActualStartDateTime,false,,,2023-06-16T08:32:54.000Z,
48f83a55-04f1-40eb-9cb8-dec2834ad551,"Sydney Millions Friday Mega Satty (1kHr + Main) 2 Mega Packages Guaranteed. 1 in 10",FIXED,gameActualStartDateTime,false,19476,2024-09-20T14:00:44.000Z,2024-09-20T08:36:08.000Z,
94c9f2f0-2a87-487b-aa68-824157e7b77c,"$5,000 GTD Monday Bankroll Builder Monday Weekly $120 re-entry until 9:40pm",FIXED,gameActualStartDateTime,false,20033,2024-06-17T14:18:09.000Z,2024-06-17T08:44:16.000Z,
3f2d6554-6e3a-4cbc-95bd-99e21782a9ee,"Tuesday Highroller Poker @ Churchills Sports Bar 5 times a week!",FIXED,totalDuration;gameEndDateTime;gameActualStartDateTime,false,30962,2025-04-22T16:36:50.000Z,2025-04-22T08:00:48.000Z,
92f3810e-059f-409c-a9c8-0508b83e335f,"MAIN EVENT FLIGHT B - $75,000 GTD $75,000 Guaranteed - $119,700 RECORD PP",FIXED,totalDuration;gameEndDateTime;gameActualStartDateTime,true,25204,2025-07-14T14:41:29.000Z,2025-07-14T07:41:25.000Z,
1c4e799e-fe7c-455d-a7d2-d532a21b8b89,"Colossus Milestone satty - 10 seats GTD",FIXED,gameActualStartDateTime,false,15971,2025-10-20T10:58:40.000Z,2025-10-20T06:32:29.000Z,
42e72c79-9a1a-485e-ae14-2af9769acdb2,"$5,000 GTD Monday Bankroll Builder Monday Weekly $120 re-entry until 9:40pm",FIXED,gameActualStartDateTime,false,24604,2025-01-13T14:25:14.000Z,2025-01-13T07:35:10.000Z,
67524735-3fd4-4729-816a-eedca2a7b938,"Signature Series Event 14 : Mystery Bounty BOUNTIES in play when down to 20% of field",FIXED,gameActualStartDateTime,true,31831,2025-03-06T11:00:06.000Z,2025-03-06T02:09:35.000Z,
4bcc0839-a6d6-4bd1-bb6f-042eb19c73b8,"Tuesday Highroller Poker @ Churchills Sports Bar 5 times a week!",FIXED,totalDuration;gameEndDateTime;gameActualStartDateTime,false,26561,2024-10-08T14:23:42.000Z,2024-10-08T07:01:01.000Z,
7764dfe8-6413-45d0-9e15-fa0c009e2f3c,"Kings Room Championship Flight 1C Day 2 Sunday 17th at 12pm",FIXED,gameActualStartDateTime,false,,,2023-09-16T02:14:02.000Z,
7260d41b-ce47-43e5-b508-8dc97c6e3f8c,"MAIN EVENT FLIGHT C - $75,000 GTD $75,000 Guaranteed - $119,700 RECORD PP",FIXED,totalDuration;gameEndDateTime;gameActualStartDateTime,true,25201,2025-07-15T14:31:16.000Z,2025-07-15T07:31:15.000Z,
9ddc740e-50b0-43ac-9769-355be3ec237b,"Signature Series Event 4: Accumulator SC Flight 1B",FIXED,gameActualStartDateTime,true,23131,2024-02-20T14:13:38.000Z,2024-02-20T07:48:07.000Z,
c1837d0a-8671-4b4f-b176-a52b3a535b78,"KINGS ULTRA STACK $5000 GTD",FIXED,totalDuration;gameEndDateTime;gameActualStartDateTime,false,24431,2025-11-17T13:49:15.000Z,2025-11-17T07:02:04.000Z,
1e3d6972-a93e-4b7a-ad2e-4e6863dd64ee,"Signature Series Event 3B : 1K Highroller Flight B $100,000 Guaranteed",FIXED,gameActualStartDateTime,true,28800,2024-08-05T15:05:57.000Z,2024-08-05T07:05:57.000Z,
d73e8d03-652b-45e2-9d34-d253bc104879,"Wenty's Wednesdays $6k Gtd",FIXED,gameActualStartDateTime,false,21049,2025-09-10T14:20:51.000Z,2025-09-10T08:30:02.000Z,
9154ef97-bb73-45db-ac74-8f85e946db69,"$450 HIGH ROLLERS 9 levels of play on Day 1 - Day 2 starts Sat 11am 2 levels of play for late reg",FIXED,totalDuration;gameEndDateTime;gameActualStartDateTime,true,53284,2023-07-21T23:20:11.000Z,2023-07-21T08:32:07.000Z,
c18dfd17-57b3-47f2-a810-4a249862763a,"Wentys Kings Room Championship Day 2",FIXED,gameActualStartDateTime,true,41032,2024-04-14T02:30:53.000Z,2024-04-13T15:07:01.000Z,
63f85089-2a27-40fc-8d52-cc772f2226eb,"$5,000 GTD Thursday Grind Thursday Weekly $120 rebuy until 9:40pm",FIXED,gameActualStartDateTime,false,24159,2025-04-17T15:12:02.000Z,2025-04-17T08:29:23.000Z,
752abdfe-73f5-40f2-9521-06ae48a65361,"Sydney Millions Event 9: Main Event Flight 1C",FIXED,gameActualStartDateTime,true,27588,2025-10-30T13:39:45.000Z,2025-10-30T05:59:57.000Z,
fac3d4aa-adc0-4d35-8111-25017b67104b,"$5,000 GTD Monday Bankroll Builder Monday Weekly $120 re-entry until 9:40pm",FIXED,gameActualStartDateTime,false,27600,2024-04-15T16:12:05.000Z,2024-04-15T08:32:05.000Z,
6a1dbdc7-b870-47a9-a07c-3a9988ede172,"Hillside Hotel Mondays",FIXED,gameActualStartDateTime,false,19223,2025-11-10T12:59:03.000Z,2025-11-10T07:38:40.000Z,
82266d8e-20c0-4f2c-a3d5-7e2bf8afd868,"Monday St. George Leagues Club $2,000 GTD $2000 GTD",FIXED,gameActualStartDateTime,false,,,2023-04-03T08:30:25.000Z,
d412662f-3a30-4ee3-982b-6adf7db34da8,"Friday $25k GTD St.George Leagues Club",FIXED,totalDuration;gameEndDateTime;gameActualStartDateTime,false,33544,2026-01-02T15:19:17.000Z,2026-01-02T06:00:13.000Z,
4a0a57c5-033d-4b84-ab3a-0ecc73a500fe,"Monday St. George Leagues Club $5000 GTD",FIXED,gameActualStartDateTime,false,,,2023-02-06T07:34:01.000Z,
883dbb53-6385-4780-8b1a-fac08c6a648b,"KC @ Churchills Event 3: MINI MAIN Flight 1C $125,000 GTD 2 Re-Entry",FIXED,totalDuration;gameEndDateTime;gameActualStartDateTime,true,27900,2025-12-04T13:45:42.000Z,2025-12-04T06:00:42.000Z,
c33efb56-4de4-4c07-bee1-d2ff96878dea,"KR Champs Flight 1D Day 2 Sunday 14th at 12pm",FIXED,gameActualStartDateTime,true,25500,2024-04-13T14:24:48.000Z,2024-04-13T07:19:48.000Z,
0cdc651a-7a5f-4b1e-a29a-9c1d94096434,"Fathers Day Series 2025 Event 3",NO_S3_KEY,,false,,,,
ef644c88-5864-4220-9381-4721fa5a0c9d,"Churchill's SHOTCLOCK SUNDAY Poker @ Churchills Sports Bar 5 times a week!",FIXED,totalDuration;gameEndDateTime;gameActualStartDateTime,false,21130,2024-10-20T12:53:01.000Z,2024-10-20T07:00:51.000Z,
d0b9339b-3848-4799-ade6-149dbdaa9ecc,"Wenty's Wednesdays $6k GTD",FIXED,gameActualStartDateTime,true,22586,2024-05-22T14:52:54.000Z,2024-05-22T08:36:28.000Z,
f8b2362b-0a4f-492f-8d37-e9c764b2d4b4,"Wenty's Wednesdays $6k GTD",FIXED,gameActualStartDateTime,false,21503,2025-06-04T14:27:07.000Z,2025-06-04T08:28:44.000Z,
86a60ac2-9849-4db3-8429-839441a1ea7f,"Tuesday HighRoller Poker @ Churchills Sports Bar 5 times a week!",FIXED,totalDuration;gameEndDateTime;gameActualStartDateTime,false,27483,2024-07-23T15:39:36.000Z,2024-07-23T08:01:33.000Z,
fc286fa6-a49b-40fe-aece-61bba8edeb73,"$2,000 GTD Monday's at Kings Room Monday Weekly $100 rebuy until 9:10pm",FIXED,gameActualStartDateTime,false,,,2023-05-29T08:30:29.000Z,
f3b7be96-4032-4c55-939c-efd1b2cb1f7b,"Kings Cup MINI MAIN Day 2 $15,000 GTD Triple Barrel @ 5pm TONIGHT",FIXED,totalDuration;gameEndDateTime;gameActualStartDateTime,false,33645,2023-12-02T12:20:55.000Z,2023-12-02T03:00:10.000Z,
6536ff16-68b5-4e55-957b-68dc730d7ca1,"Hillside Hotel Monday $4k GTD",FIXED,gameActualStartDateTime,false,22547,2025-12-01T13:56:48.000Z,2025-12-01T07:41:01.000Z,
4299d6b2-3b8f-46c5-9cf1-c572114f6371,"Sydney Millions Colossus Turbo Satellite",FIXED,gameActualStartDateTime,false,13382,2024-11-02T03:55:11.000Z,2024-11-02T00:12:09.000Z,
9e452aed-9572-4dc9-99ee-4a84441ea56c,"$5,000 GTD Monday Bankroll Builder Monday Weekly $120 re-entry until 9:40pm",FIXED,gameActualStartDateTime,false,25701,2024-06-03T15:38:53.000Z,2024-06-03T08:30:32.000Z,
a1a6207f-6edc-4659-a9fe-3c4b970d73fd,"Sydney Millions 6-Max SHR satty",FIXED,gameActualStartDateTime,false,12905,2023-11-19T04:40:38.000Z,2023-11-19T01:05:33.000Z,
a511c038-e56f-4140-9ae5-f469e9581dc3,"$5,000 GTD Monday Bankroll Builder Monday Weekly $120 re-entry until 9:40pm",FIXED,gameActualStartDateTime,false,22888,2024-05-13T15:08:24.000Z,2024-05-13T08:46:56.000Z,
653fb8cd-074e-492d-a810-4dff3ee78823,"Highroller $1500 Satellite 2 seats Guaranteed 2 seats GTD for Highroller $1500 on 10th May. Rebuy End of Level 8 (9:40pm)",FIXED,gameActualStartDateTime,false,,,2023-05-04T08:36:38.000Z,
243243af-dc9f-485e-91ce-e6aa94c37be9,"Colossus Series Wednesday Mega Satty (1kHr + Main) 3 package GTD 3 Mega Packages Guaranteed",FIXED,gameActualStartDateTime,false,16442,2025-05-21T13:06:39.000Z,2025-05-21T08:32:37.000Z,
a028444f-b25a-40ee-9755-d983e24beb32,"Kings Room Championship",NO_S3_KEY,,false,,,,
480d8c53-1357-46fd-ae5d-8d518f723da9,"MAIN EVENT FLIGHT E - $75,000 GTD $75,000 Guaranteed - $119,700 RECORD PP",FIXED,totalDuration;gameEndDateTime;gameActualStartDateTime,true,25203,2025-07-19T11:00:57.000Z,2025-07-19T04:00:54.000Z,
5ab786ff-383c-4890-b226-a4bdbb1d33de,"Tuesday Highroller Poker @ Churchills Sports Bar 5 times a week!",FIXED,totalDuration;gameEndDateTime;gameActualStartDateTime,false,27527,2025-02-25T14:40:04.000Z,2025-02-25T07:01:17.000Z,
8a5a4109-854f-443b-bc0e-07e090cac93d,"Sydney Millions Event 7: PLO4/5",FIXED,gameActualStartDateTime,false,29159,2025-10-25T15:47:28.000Z,2025-10-25T07:41:29.000Z,
d8cc5844-4e73-4713-a6f4-c36f2adea8c2,"Wentys Easter Monday $20,000 GTD. re-entry until end of level 8",FIXED,gameActualStartDateTime,false,33634,2024-04-01T10:21:49.000Z,2024-04-01T01:01:15.000Z,
8a002055-ec2c-4a78-8fad-72630db50a72,"MEX SERIES - MAIN EVENT FLT B Bag at end of Lvl 13 or at 12%",FIXED,totalDuration;gameEndDateTime;gameActualStartDateTime,false,600,2024-08-16T00:50:31.000Z,2024-08-16T00:40:31.000Z,
c279c6dc-f926-4666-b4dd-9f6a1a595e3e,"Kings Room Championship Sunday 17th at 12pm",NO_S3_KEY,,false,,,,
52968d3f-14ea-4218-9104-5e8e3b0558f0,"Manly Leagues Series Event 5: The Classic",FIXED,totalDuration;gameEndDateTime;gameActualStartDateTime,false,28582,2024-07-27T15:58:02.000Z,2024-07-27T08:01:40.000Z,
24245436-0d06-438b-9c0f-b0c74c96904d,"Kings Room Champs SATTY. 1 seat per 10 entries 4 x seats GTD",FIXED,gameActualStartDateTime,false,,,2023-09-07T08:37:45.000Z,
7cb36cdf-da1d-4bc0-bb24-d25ad2fafd4f,"Sydney Millions Event 9: Terminator SC",FIXED,gameActualStartDateTime,false,26835,2023-11-14T14:28:03.000Z,2023-11-14T07:00:48.000Z,
07c6b00a-6cb4-4d97-9759-51be8fe79738,"Sydney Millions Event 1: Colossus Flight 1A",FIXED,gameActualStartDateTime,true,26400,2025-10-20T13:24:47.000Z,2025-10-20T06:04:47.000Z,
838af092-cbfa-4c0e-a703-aecf5ad6faf3,"Signature Series Mega Satty Friday (1kHr + Main) 3 Mega Packages Guaranteed",FIXED,gameActualStartDateTime,false,19220,2024-07-12T13:53:21.000Z,2024-07-12T08:33:01.000Z,
8f95f3da-ea9b-4cca-af42-d536e52fe57b,"Colossus Series Event 3: Behemoth Flight 1A",FIXED,gameActualStartDateTime,true,28800,2024-06-09T12:03:56.000Z,2024-06-09T04:03:56.000Z,
3651a546-1c5b-43d7-acc1-66dc4460544f,"Sydney Millions Friday Mega Satty (1kHr + Main) 2 Mega Packages Guaranteed. 1 in 10",FIXED,gameActualStartDateTime,false,21756,2024-10-25T13:35:08.000Z,2024-10-25T07:32:32.000Z,
195ea57f-52e1-4db4-8c78-70f315db7959,"1KHR $122,000 RECORD PP",FIXED,totalDuration;gameEndDateTime;gameActualStartDateTime,true,73020,2025-07-19T03:18:14.000Z,2025-07-18T07:01:14.000Z,
b9c9a843-24f7-4f74-a984-80ab68b852be,"Signature Series 1C : Opening Event Flight C $100,000 Guaranteed",FIXED,gameActualStartDateTime,true,28500,2024-08-03T10:04:52.000Z,2024-08-03T02:09:52.000Z,
c02d03de-3e49-4fe2-8a35-1ac2cc2eda17,"Wenty's Wednesdays $6k GTD",FIXED,gameActualStartDateTime,false,20136,2025-03-12T13:18:24.000Z,2025-03-12T07:42:48.000Z,
4620026e-8d8f-4c92-845f-a65f51e7dc54,"Sydney Millions 2023 Event 18",NO_S3_KEY,,false,,,,
28e8d6a0-7b3e-4dfb-a4c0-0341e00e4d0b,"MAIN EVENT - $50,000 GTD $50,000 Guaranteed - Dealer dealt",NO_S3_KEY,,false,,,,
5f7ebf8f-ab0a-45cf-ae84-07033f997246,"Easts $10k GTD",FIXED,totalDuration;gameEndDateTime;gameActualStartDateTime,true,31727,2023-09-30T16:48:54.000Z,2023-09-30T08:00:07.000Z,
6a81a150-f34e-4f90-a2da-753e99ae0fc3,"Weekly Wednesday PLO4 at KR STG",FIXED,gameActualStartDateTime,false,18286,2025-04-23T14:24:26.000Z,2025-04-23T09:19:40.000Z,
a128397b-02d1-4b0e-9bdf-5f6cd5eae9ac,"Wenty's Wednesdays $6k GTD",FIXED,gameActualStartDateTime,false,22700,2024-11-13T13:55:39.000Z,2024-11-13T07:37:19.000Z,
6ac25bf2-ffe9-49d1-9c31-978cf3984ff8,"Kings Cup Event 6: MAIN EVENT Flight 1A 2 x Re-entry",FIXED,totalDuration;gameEndDateTime;gameActualStartDateTime,true,29701,2023-12-06T14:15:20.000Z,2023-12-06T06:00:19.000Z,
c43763a4-8739-4355-8d55-5874b0fa2e98,"Colossus Series Event 18 : MGA 10 Game Mix (Mixed game ME)",FIXED,gameActualStartDateTime,false,5724,2025-06-15T10:59:23.000Z,2025-06-15T09:23:59.000Z,
3e634a96-7b29-4f60-a37c-40cdcdbedfc4,"Mondays Bankroll Builder $5,000 Gtd Monday Weekly $120 re-entry until 9:40pm",FIXED,gameActualStartDateTime,false,21947,2025-06-23T14:37:08.000Z,2025-06-23T08:31:21.000Z,
112d0b7c-dde2-41a7-8b26-4dd54c50fe45,"Colossus Series Event 14: Classic Bounty",FIXED,gameActualStartDateTime,false,32158,2024-06-16T15:00:39.000Z,2024-06-16T06:04:41.000Z,
85deb252-51f4-474e-9873-79d730c493ce,"Kings Room Signature series Event 8: Lucky 7's Shot Clock",FIXED,gameActualStartDateTime,false,,,2023-08-06T07:02:12.000Z,
7458e2bc-a930-4f4e-9672-a97288024c9d,"Manly Leagues Series Event 2: Day 2",FIXED,totalDuration;gameEndDateTime;gameActualStartDateTime,true,22173,2024-07-28T08:09:38.000Z,2024-07-28T02:00:05.000Z,
915a22b3-d971-4bc8-9ecd-f0a9e01f3b14,"Wednesday night CASH GAME",FIXED,gameActualStartDateTime,false,3756,2025-06-04T14:52:20.000Z,2025-06-04T13:49:44.000Z,
66f16430-6b29-4b7f-9233-a8735e0237aa,"Sydney Millions Event 16: Big Stack",FIXED,gameActualStartDateTime,false,44260,2025-11-02T15:17:44.000Z,2025-11-02T03:00:04.000Z,
948c5fda-eeaf-422c-9fb0-59d47e7dd221,"Sydney Millions Event 6: Mini Main Flight 1B",FIXED,gameActualStartDateTime,true,26897,2025-10-26T12:28:40.000Z,2025-10-26T05:00:23.000Z,
aace1a6d-9bfa-4223-8709-6d895bd64c23,"MAIN EVENT FLIGHT A - $75,000 GTD $75,000 Guaranteed - $119,700 RECORD PP",FIXED,totalDuration;gameEndDateTime;gameActualStartDateTime,true,25383,2025-07-13T13:03:05.000Z,2025-07-13T06:00:02.000Z,
25353fed-8fbf-4e76-a37c-da57f8e17194,"Churchill's SHOTCLOCK SUNDAY Poker @ Churchills Sports Bar 5 times a week!",FIXED,totalDuration;gameEndDateTime;gameActualStartDateTime,false,19483,2025-05-18T13:25:16.000Z,2025-05-18T08:00:33.000Z,
2aaafa90-548a-478e-ad14-06130a314b0d,"Wenty's Wednesdays $6k GTD",FIXED,gameActualStartDateTime,false,23935,2025-06-25T15:13:50.000Z,2025-06-25T08:34:55.000Z,
8f639499-ca7f-43f0-a2ca-13959e30465b,"Manly Leagues Series Event 2: Day 2 Breaking Order 10, 9, 8, 7, 6, 5, 4, 3, 2, 1",FIXED,totalDuration;gameEndDateTime;gameActualStartDateTime,false,35914,2023-09-10T11:58:48.000Z,2023-09-10T02:00:14.000Z,
146345a3-f8e5-461e-a78a-c57645b5d01a,"Sydney Millions Event 5: MAIN EVENT Flight 1B",FIXED,gameActualStartDateTime,true,29700,2023-11-12T10:19:20.000Z,2023-11-12T02:04:20.000Z,
8bd9efdb-cb84-4b5d-bf2a-e4a52bf96f89,"Churchill's SHOTCLOCK SUNDAY Poker @ Churchills Sports Bar 5 times a week!",FIXED,totalDuration;gameEndDateTime;gameActualStartDateTime,false,24698,2025-10-05T13:53:55.000Z,2025-10-05T07:02:17.000Z,
a389e111-9288-4f87-97b7-e38f12920ac0,"Kings Room Championships",NO_S3_KEY,,false,,,,
261e45e7-d8fb-4064-b139-ad2f97cb1aae,"Monday St. George Leagues Club $5000 GTD",FIXED,gameActualStartDateTime,false,,,2023-03-06T07:31:19.000Z,
c31a4540-2156-4da4-bed9-2d1755ae68b0,"Kings Room Championships Day 2",FIXED,gameActualStartDateTime,false,,,2023-07-09T02:00:15.000Z,
7cfa5125-f0f9-4ebb-af77-11640299d501,"Thursday St. George Leagues Club $5000 GTD",FIXED,gameActualStartDateTime,false,,,2023-03-09T07:33:01.000Z,
ee08748e-732b-4381-a5f9-9bbb3d5e8d4f,"Signature Series 2024 Event 4",NO_S3_KEY,,false,,,,
db2bf2b6-4116-415c-bd22-e55f513922c7,"Kings Cup Event 9: MAIN EVENT Flight 1B 2 x Re-entry",FIXED,totalDuration;gameEndDateTime;gameActualStartDateTime,true,30300,2024-12-12T14:25:07.000Z,2024-12-12T06:00:07.000Z,
7231b473-900b-4226-b822-eb123e2e9311,"Thursday St. George Leagues Club $5000 GTD",FIXED,gameActualStartDateTime,false,,,2023-01-19T07:35:28.000Z,
85df4e12-2fac-42b6-957a-a6b2c82bc46e,"Tuesday Highroller Poker @ Churchills Sports Bar 5 times a week!",FIXED,totalDuration;gameEndDateTime;gameActualStartDateTime,false,27762,2024-11-19T14:45:07.000Z,2024-11-19T07:02:25.000Z,
256e622c-7b99-46df-a2ac-7ce40bfd5b82,"Sydney Millions Thursday Satty 2 seats guaranteed 1 in 10 wins",FIXED,gameActualStartDateTime,false,,,2023-10-19T07:34:35.000Z,
cb7bd3ad-5348-4929-8674-9debd8bdbd30,"SM ME satty - 2 seats GTD",FIXED,gameActualStartDateTime,false,16677,2025-09-11T13:22:15.000Z,2025-09-11T08:44:18.000Z,
b0d34d95-3d69-48d5-a4ab-6381c904fbd3,"Sydney Millions ME satty",FIXED,gameActualStartDateTime,false,14199,2024-11-08T14:17:34.000Z,2024-11-08T10:20:55.000Z,
da031540-8410-4394-bf41-2bf75b8c8abd,"Sydney Millions Event 4: Ladies Champs",FIXED,gameActualStartDateTime,false,28168,2025-10-24T14:54:20.000Z,2025-10-24T07:04:52.000Z,
a40f7ca3-2e88-478d-971c-b0c4cdd942a8,"Wenty's Wednesdays $6k GTD",FIXED,gameActualStartDateTime,false,46140,2025-02-19T20:24:06.000Z,2025-02-19T07:35:06.000Z,
b277c16a-8879-4273-ac98-2fc46d063128,"$5,000 GTD Thursday Grind Thursday Weekly $220 rebuy until 9:40pm",FIXED,gameActualStartDateTime,false,22786,2023-12-28T13:51:49.000Z,2023-12-28T07:32:03.000Z,
b2d45ef4-68bb-45a3-8b8e-3b419a3d68e8,"6-MAX SHOT CLOCK 20 seconds to act",FIXED,totalDuration;gameEndDateTime;gameActualStartDateTime,false,23324,2025-11-20T08:59:54.000Z,2025-11-20T02:31:10.000Z,
5e59a1fb-6d7f-40c7-99e6-f7b81268a393,"Sydney Millions Event 5 - Mini Main Event Flight C $40,000 GTD",FIXED,gameActualStartDateTime,true,25501,2024-11-07T14:07:05.000Z,2024-11-07T07:02:04.000Z,
4c108bd0-6c8e-44b1-8f2e-0f3f3f70876c,"Kings Cup Event 8: Highroller",FIXED,totalDuration;gameEndDateTime;gameActualStartDateTime,false,41043,2023-12-10T14:24:52.000Z,2023-12-10T03:00:49.000Z,
2867e6e4-48e2-4502-82e2-c833bf5b5270,"Kings Cup Event 9: The 300 Late rego and rebuys until 9:20pm",FIXED,totalDuration;gameEndDateTime;gameActualStartDateTime,false,32502,2025-02-18T16:03:34.000Z,2025-02-18T07:01:52.000Z,
39fccf30-eabb-4d70-a016-b93c1e66008e,"Weekly Wednesday PLO4 at KR STG",FIXED,gameActualStartDateTime,false,20459,2025-04-09T14:47:52.000Z,2025-04-09T09:06:53.000Z,
4dcba891-7d4f-4495-a671-ce21b5076ca3,"$5,000 GTD Thursday Grind Thursday Weekly $120 rebuy until 9:40pm",FIXED,gameActualStartDateTime,false,22598,2024-07-04T14:48:26.000Z,2024-07-04T08:31:48.000Z,
c84b7f42-ee7d-4cad-aabf-34925995e36d,"$5,000 GTD Thursday Grind Thursday Weekly $120 rebuy until 9:40pm",FIXED,gameActualStartDateTime,false,23962,2024-11-21T14:12:40.000Z,2024-11-21T07:33:18.000Z,
1dc3a81d-377e-49b5-a80e-563531219561,"Sydney Millions ME satellite Thursday. 3 Gtd. 1 in 10.",FIXED,gameActualStartDateTime,false,20297,2024-09-26T14:19:50.000Z,2024-09-26T08:41:33.000Z,
d4fcf755-cebc-4297-807d-b4e0ca7fb90f,"Sydney Millions ME milestone satty 10 seats GTD",FIXED,gameActualStartDateTime,false,21361,2025-11-01T06:56:53.000Z,2025-11-01T01:00:52.000Z,
bb9d334f-3193-4adc-b3b9-311fb8e8f2e9,"Kings Cup Event 1: Sunday Grind 2 x Re-Entry till 440pm",FIXED,totalDuration;gameEndDateTime;gameActualStartDateTime,false,42361,2024-12-01T12:46:06.000Z,2024-12-01T01:00:05.000Z,
a5341081-d6a9-41e6-80d6-2529d961fdb8,"Sydney Millions Event 7: Colossus Flight 1C",FIXED,gameActualStartDateTime,true,23700,2023-11-14T12:36:09.000Z,2023-11-14T06:01:09.000Z,
38bc5f85-17fb-4d13-8a39-fc6811bf3a80,"PINEAPPLE Pre flop discard - No BB Ante",FIXED,totalDuration;gameEndDateTime;gameActualStartDateTime,true,9738,2023-07-15T11:53:13.000Z,2023-07-15T09:10:55.000Z,
9f076a3f-b929-4bf7-b239-1e2ad8c92a33,"MAIN EVENT - DAY 2 $65,710 + $1,344 POTS + $150 GOC",FIXED,totalDuration;gameEndDateTime;gameActualStartDateTime,false,31796,2024-06-30T09:52:16.000Z,2024-06-30T01:02:20.000Z,
6412266d-5fd6-4ca6-9c3f-705b583c9197,"450HR SEAT RACE Win your 450HR seat once you reach 300K in chips",FIXED,totalDuration;gameEndDateTime;gameActualStartDateTime,false,5703,2023-11-10T07:39:13.000Z,2023-11-10T06:04:10.000Z,
d50cfdd1-b020-4961-a7e8-c9c045e75cd2,"PLO 5 (BLACK ACE BOMB POT) Dealer dealt + $200 GOC PLUS $153 POTS",FIXED,totalDuration;gameEndDateTime;gameActualStartDateTime,false,23627,2025-03-24T14:10:46.000Z,2025-03-24T07:36:59.000Z,
03508aa3-d095-4854-9a61-a34c7a04959f,"Signature series Event 5: PLO",FIXED,gameActualStartDateTime,false,,,2023-05-13T06:13:24.000Z,
9ded5108-bf02-4ff5-a69d-dfc4f767d988,"Wenty's Wednesdays $10k GTD",FIXED,gameActualStartDateTime,false,25707,2025-10-15T14:38:47.000Z,2025-10-15T07:30:20.000Z,
4e6ff739-47fd-43b4-90f7-a8b96b0ee704,"Churchill's SHOTCLOCK SUNDAY Poker @ Churchills Sports Bar 5 times a week!",FIXED,totalDuration;gameEndDateTime;gameActualStartDateTime,false,24050,2023-08-20T14:43:57.000Z,2023-08-20T08:03:07.000Z,
ad374a8f-0f88-455b-b4eb-098f743fdf4f,"MAIN EVENT - DAY 2 QUALIFIERS ONLY",FIXED,totalDuration;gameEndDateTime;gameActualStartDateTime,true,27208,2023-11-12T07:36:22.000Z,2023-11-12T00:02:54.000Z,
3f87be7f-76ea-4a1f-8453-300779d27771,"Sydney Millions Event 18 : THE 450 BIG STACK $30,000 Gtd",FIXED,gameActualStartDateTime,false,43053,2024-11-10T13:58:12.000Z,2024-11-10T02:00:39.000Z,
b9bf92f7-03ec-47ec-9f1d-959741920294,"Sydney Millions 2024 Event 1",NO_S3_KEY,,false,,,,
f915d93a-2b9d-429a-b1d5-e8800e2d2531,"Colossus Series Event 1C : Poker Rewards+ Flight C $100,000 Guaranteed",FIXED,gameActualStartDateTime,true,28500,2025-06-07T09:55:09.000Z,2025-06-07T02:00:09.000Z,
e19b6214-378a-4f24-9b57-c0fa745c4357,"Colossus Satty 1 in 6",FIXED,gameActualStartDateTime,false,14114,2024-06-11T15:05:34.000Z,2024-06-11T11:10:20.000Z,
de3130e8-f55e-4826-ac1d-2bac9c3505e4,"6-MAX SHOTCLOCK 20 seconds to act",FIXED,totalDuration;gameEndDateTime;gameActualStartDateTime,false,20061,2023-07-22T10:38:23.000Z,2023-07-22T05:04:02.000Z,
b558c63d-60b4-4837-80f6-ec064743f40c,"Sydney Millions Event 1: Colossus Flight 1A $100k Guaranteed",FIXED,gameActualStartDateTime,true,28800,2024-10-31T14:31:17.000Z,2024-10-31T06:31:17.000Z,
2b63d3c7-afea-4762-bd92-8eb06dda7544,"10 x Collosus seat Plus Mini Main GTD satty",FIXED,gameActualStartDateTime,true,21305,2025-10-06T13:27:00.000Z,2025-10-06T07:31:55.000Z,
ee1a2e53-f008-4843-98f9-2e0586698a1c,"Churchill's SHOTCLOCK SUNDAY Poker @ Churchills Sports Bar 5 times a week!",FIXED,totalDuration;gameEndDateTime;gameActualStartDateTime,false,21895,2024-10-06T13:11:24.000Z,2024-10-06T07:06:29.000Z,
980d6b8d-ede7-4b52-a63b-f1049ff2adda,"Tuesday Highroller Poker @ Churchills Sports Bar 5 times a week!",FIXED,totalDuration;gameEndDateTime;gameActualStartDateTime,false,29710,2025-01-14T15:15:34.000Z,2025-01-14T07:00:24.000Z,
3a1ef6a9-1ef2-4f26-a329-7ed3669844be,"5 x Collosus seat GTD satty",FIXED,gameActualStartDateTime,false,1,2025-09-01T09:18:27.000Z,2025-09-01T09:18:26.000Z,
a8198454-4150-4fea-a343-79480ccee641,"MEGA FREEZE SHOT CLOCK Dealer Dealt - 20 seconds to act",FIXED,totalDuration;gameEndDateTime;gameActualStartDateTime,false,27134,2024-03-10T10:33:16.000Z,2024-03-10T03:01:02.000Z,
816137fb-5aca-489c-931a-49e7e9b34e82,"Sydney Millions Event 17: The Accumulator Day 2",FIXED,gameActualStartDateTime,false,22709,2023-11-22T13:19:08.000Z,2023-11-22T07:00:39.000Z,
8efac3af-f051-40cb-b441-d58ef90474a3,"Kings Room Signature series Event 9: SUPER HIGHROLLER",FIXED,gameActualStartDateTime,false,,,2023-08-08T07:01:39.000Z,
207171c7-bd39-4bad-b44a-db81d56af3f7,"Wenty's Wednesdays $6k GTD",FIXED,gameActualStartDateTime,false,18341,2025-04-02T12:50:53.000Z,2025-04-02T07:45:12.000Z,
62d8f629-93d7-407a-be19-b4696b8ea54b,"Wenty's Wednesdays $6k GTD",FIXED,gameActualStartDateTime,false,21061,2025-03-26T13:34:45.000Z,2025-03-26T07:43:44.000Z,
b1a7b566-01d4-4ad2-892a-8147ae6e37bf,"MINI MAIN EVENT DAY 2 $24,050 PP -150GOC -481POTS",FIXED,totalDuration;gameEndDateTime;gameActualStartDateTime,false,22770,2024-03-12T13:22:39.000Z,2024-03-12T07:03:09.000Z,
f475ce49-540c-4f4e-a0fe-eaad9af5a096,"Mondays Bankroll Builder $5,000 Gtd Monday Weekly $120 re-entry until 9:40pm",FIXED,gameActualStartDateTime,false,21718,2025-06-02T14:37:59.000Z,2025-06-02T08:36:01.000Z,
51a38b41-2848-4675-b09b-b5ee517014e8,"Wentys Easter Monday Survivor",FIXED,gameActualStartDateTime,false,18357,2024-04-01T11:14:48.000Z,2024-04-01T06:08:51.000Z,
087f65df-6ffd-40ba-aa94-3683218d012f,"Thursday St. George Leagues Club $5000 GTD",FIXED,gameActualStartDateTime,false,,,2023-03-23T07:32:29.000Z,
db88c76d-e0a1-484f-a21d-132324898a63,"Kings Cup Event 1: MINI MAIN Flight 1B $50,000 GTD 2 x Re-entry",FIXED,totalDuration;gameEndDateTime;gameActualStartDateTime,true,26221,2023-11-30T14:17:16.000Z,2023-11-30T07:00:15.000Z,
3416a4de-db7b-4220-bf99-bfd7f1380654,"Sydney Millions Colossus Satty Rebuys available until the end of level 10",FIXED,gameActualStartDateTime,false,,,2023-10-23T07:30:30.000Z,
7f4b0dab-ac65-40ae-b0c3-d1207fd121ea,"Sydney Millions Event 6: 6-Max NLH Champs SC",FIXED,gameActualStartDateTime,false,41707,2023-11-12T14:36:44.000Z,2023-11-12T03:01:37.000Z,
47d4ee8d-a5c5-419e-9af4-a7958016f349,"KC @ Churchills Event 3: MINI MAIN Day 2",FIXED,totalDuration;gameEndDateTime;gameActualStartDateTime,true,35914,2025-12-06T01:35:40.000Z,2025-12-05T15:37:06.000Z,
00fba668-d692-4e46-8e0e-b98c0a3cbb9c,"CNY Lunar Series Mega satty (ME+Opening) - 4 packages GTD",FIXED,gameActualStartDateTime,false,18557,2026-01-12T13:00:41.000Z,2026-01-12T07:51:24.000Z,
9b9dd8a5-7f73-45b1-8e9a-c1ee57a33bc2,"Sydney Millions Colossus Satellite Monday. 6 Gtd 6 Colossus Seats Guaranteed Every Monday",FIXED,gameActualStartDateTime,false,18035,2024-09-30T13:43:01.000Z,2024-09-30T08:42:26.000Z,
b0b7413e-135a-49b2-b58b-c8b5d7863a65,"Colossus Series 1Event D : Poker Rewards+",NO_S3_KEY,,false,,,,
e2cd183c-9b30-4d9d-897f-93860d11acdd,"Sydney Millions Event 1 : Colossus Flight 1C $100k Guaranteed",FIXED,gameActualStartDateTime,true,28800,2024-11-02T09:00:01.000Z,2024-11-02T01:00:01.000Z,
c4ac7074-c334-4b26-8edb-5d57825d6a6d,"Kings Cup Event 9: MAIN EVENT - Day 2",FIXED,totalDuration;gameEndDateTime;gameActualStartDateTime,true,47277,2024-12-15T11:44:04.000Z,2024-12-14T22:36:07.000Z,
733c112d-6bd6-4869-a469-ac026cf7c800,"Sydney Millions Event 8D3: Main Event Day 3",FIXED,gameActualStartDateTime,true,81275,2024-11-10T21:37:45.000Z,2024-11-09T23:03:10.000Z,
37fac6a9-7a04-421f-9117-d9fb5b4349d6,"PLO5 Dealer dealt",FIXED,totalDuration;gameEndDateTime;gameActualStartDateTime,false,16221,2023-11-06T11:31:46.000Z,2023-11-06T07:01:25.000Z,
ad96b287-eda6-4be9-9cbf-3318879cce8d,"KC @ Churchills Event 3: The Big Gun Late rego and rebuys until 9:20pm",FIXED,totalDuration;gameEndDateTime;gameActualStartDateTime,false,34097,2025-04-29T17:28:55.000Z,2025-04-29T08:00:38.000Z,
0d27818a-dc51-4af5-acf9-2388684b61fe,"Churchill's SHOTCLOCK SUNDAY Poker @ Churchills Sports Bar 5 times a week!",FIXED,totalDuration;gameEndDateTime;gameActualStartDateTime,false,22397,2025-03-23T13:13:49.000Z,2025-03-23T07:00:32.000Z,
f0ea25d9-5359-4e17-a322-0320b6128f34,"MAIN EVENT Flight B - $50,000 GTD $50,000 Guaranteed - $119,700 RECORD PP",FIXED,totalDuration;gameEndDateTime;gameActualStartDateTime,true,23579,2024-03-13T13:17:31.000Z,2024-03-13T06:44:32.000Z,
c300baf1-9d0d-4214-83e8-b198d6e1e0f5,"Signature Series 1A : Opening Event Flight A $100,000 Guaranteed",FIXED,gameActualStartDateTime,true,27907,2024-08-01T14:54:48.000Z,2024-08-01T07:09:41.000Z,
a915d3e5-df11-4ae1-b3cb-d1ea2a7f8031,"Wenty's Wednesdays $6k Gtd",FIXED,gameActualStartDateTime,false,19692,2025-09-03T14:08:15.000Z,2025-09-03T08:40:03.000Z,
44ba15bc-72fe-418f-b318-b9df88b7f77d,"SERIES SAVER SHOT CLOCK $15,000 GUARANTEED",FIXED,totalDuration;gameEndDateTime;gameActualStartDateTime,false,27554,2025-11-23T09:39:45.000Z,2025-11-23T02:00:31.000Z,
cdf91055-dcb0-417a-95c5-de945d538898,"Sydney Millions Event 19 : THE SUPER FREEZE",FIXED,gameActualStartDateTime,false,26903,2024-11-10T13:29:47.000Z,2024-11-10T06:01:24.000Z,
92a7e36f-4705-45e8-b280-cc48c3f4d804,"Public Holiday Monday Kings Bounty Survivor",FIXED,gameActualStartDateTime,false,,,2023-10-02T06:03:53.000Z,
b18b95fc-cd94-458f-89dd-91e3415203d7,"Sydney Millions Thursday Satty 2 seats guaranteed 1 in 10 wins",FIXED,gameActualStartDateTime,false,,,2023-10-05T07:48:29.000Z,
b3d8d9f3-7796-4643-b091-4e0673bdd1cb,"Kings Cup Event 4: MINI MAIN Flight 1D $75,000 GTD 2 Re-Entry",FIXED,totalDuration;gameEndDateTime;gameActualStartDateTime,true,27926,2025-02-15T07:45:29.000Z,2025-02-15T00:00:03.000Z,
58438274-56c2-4973-845f-415eef9c4dee,"$5,000 GTD Thursday's at Kings Room Thursday Weekly $200 rebuy until 9:40pm",FIXED,gameActualStartDateTime,false,,,2023-06-08T08:34:25.000Z,
7f5c4722-dba8-46de-8e78-76d25eee0972,"Signature Series 1D2 : Opening Event Day 2 $100,000 Guaranteed",FIXED,gameActualStartDateTime,true,35945,2024-08-04T01:09:09.000Z,2024-08-03T15:10:04.000Z,
7c5e31c9-5e05-4e5d-84d4-5f88104eab0a,"Sydney Millions Event 1: Colossus Flight 1D",FIXED,gameActualStartDateTime,true,26580,2025-10-23T13:24:27.000Z,2025-10-23T06:01:27.000Z,
7a044d5b-c623-4976-87f5-385fca5a1760,"Tuesday Highroller Poker @ Churchills Sports Bar 5 times a week!",FIXED,totalDuration;gameEndDateTime;gameActualStartDateTime,false,33263,2024-09-17T17:17:00.000Z,2024-09-17T08:02:37.000Z,
5ba1b334-209e-41d0-a2a8-3878dadd3fc6,"Kings Room Championship Day 2",FIXED,gameActualStartDateTime,true,42510,2024-01-21T03:18:35.000Z,2024-01-20T15:30:05.000Z,
32101c4a-f90b-4e29-aa61-e0c707d295b4,"East Leaderboard Jackpot Game Single re-entry until end of level 6",FIXED,totalDuration;gameEndDateTime;gameActualStartDateTime,false,171,2025-07-04T06:54:15.000Z,2025-07-04T06:51:24.000Z,
b04d22a1-d901-465e-bbd0-d9eeac92f234,"St George Leagues Monday $5k GTD",FIXED,gameActualStartDateTime,false,22922,2025-12-01T13:52:26.000Z,2025-12-01T07:30:24.000Z,
38b3a155-bff3-4140-bc56-7c2ee7d6455e,"BIG GRAEMES BIG 0 PKO PKO PLO 5 - 8 OR BETTER",FIXED,totalDuration;gameEndDateTime;gameActualStartDateTime,false,1605,2024-06-24T06:26:14.000Z,2024-06-24T05:59:29.000Z,
f363464d-a4da-4bbd-84cf-f718d15d8260,"KC Event 11: Series Saver Unlimited Re-Entries",FIXED,totalDuration;gameEndDateTime;gameActualStartDateTime,false,35246,2026-01-24T12:22:43.000Z,2026-01-24T02:35:17.000Z,
d7f90560-2227-4c99-ac3b-f432734c3238,"Signature Series Event 11: Super Freeze SC",FIXED,gameActualStartDateTime,false,31048,2025-03-04T15:11:00.000Z,2025-03-04T06:33:32.000Z,
73b5f792-7727-4972-a1ea-7f7eb47be24f,"CNY Lunar Series Mega satty (ME+Opening) - 4 packages GTD",FIXED,totalDuration;gameEndDateTime;gameActualStartDateTime,false,24111,2026-01-19T14:17:45.000Z,2026-01-19T07:35:54.000Z,
60f825b5-23d6-4dbe-a596-32c568bff810,"DOUBLE BARREL SHOT CLOCK FLT B Dealer dealt - Day 2 Tuesday 6pm",FIXED,totalDuration;gameEndDateTime;gameActualStartDateTime,true,13500,2023-11-06T11:16:17.000Z,2023-11-06T07:31:17.000Z,
7a631900-f618-4491-b7e2-f09a9a20e120,"Sydney Millions Event 8B: MAIN EVENT Flight B $500,000 Guaranteed",FIXED,gameActualStartDateTime,true,29694,2024-11-06T14:20:28.000Z,2024-11-06T06:05:34.000Z,
9c6b3d91-233f-498e-ba55-3afe23d7ac08,"Sydney Millions Colossus Satty Rebuys available until the end of level 10",FIXED,gameActualStartDateTime,false,,,2023-09-18T08:30:05.000Z,
91af7246-417a-44a3-b4bd-0976b8fe1715,"Kings Cup Event 9: MAIN EVENT Flight 1A 2 x Re-entry",FIXED,totalDuration;gameEndDateTime;gameActualStartDateTime,true,30306,2024-12-11T14:26:35.000Z,2024-12-11T06:01:29.000Z,
992c2d18-1992-45eb-ad76-b94488314975,"Wednesday night CASH GAME",FIXED,gameActualStartDateTime,false,9065,2025-05-07T14:51:15.000Z,2025-05-07T12:20:10.000Z,
5227ac3f-e0d7-4f4c-b14f-6f7ef212d78f,"KINGS 20K REPECHAGE FLT B $20,000 Guaranteed - $42,716 PP LAST TIME HELD",FIXED,totalDuration;gameEndDateTime;gameActualStartDateTime,true,15491,2023-09-22T13:22:54.000Z,2023-09-22T09:04:43.000Z,
ec88788c-a3e2-4914-9dcb-2f83519096ce,"Dragon Lunar MAIN EVENT Flight 1C",FIXED,gameActualStartDateTime,true,29100,2024-02-23T14:10:02.000Z,2024-02-23T06:05:02.000Z,
96c76555-2868-4053-a48c-9e161f8082e5,"Friday $10k GTD St.George Leagues Club $10,000 GTD. re-entry",FIXED,gameActualStartDateTime,false,26906,2025-07-04T16:00:12.000Z,2025-07-04T08:31:46.000Z,
7ee6d949-0e2f-496c-b126-27ad408b273b,"THE BIG GUN - LIVE STREAMED LIVE STREAMED FROM THE KINGDOM",FIXED,totalDuration;gameEndDateTime;gameActualStartDateTime,false,27129,2023-10-14T09:42:02.000Z,2023-10-14T02:09:53.000Z,
c1e3b0ee-6e54-43dc-aa07-2f14137f66b1,"Tuesday HighRoller Poker @ Churchills Sports Bar 5 times a week!",FIXED,totalDuration;gameEndDateTime;gameActualStartDateTime,false,30173,2024-01-16T15:23:03.000Z,2024-01-16T07:00:10.000Z,
22106f79-b97f-4a95-9537-e7ddec174f5f,"Kings Room Signature Series Event 11: MAIN EVENT Flight 1A",FIXED,gameActualStartDateTime,false,,,2023-08-10T07:00:25.000Z,
c33551d6-0d33-46e5-ad48-0333221c0069,"Signature Series Event 14: Classic Bounty SC",FIXED,gameActualStartDateTime,false,35620,2024-02-25T13:54:18.000Z,2024-02-25T04:00:38.000Z,
57c4f2e2-9ccb-48a9-8d0b-c7092007b2a4,"Hillside Hotel Monday $4k GTD",FIXED,gameActualStartDateTime,false,22915,2025-11-24T14:01:45.000Z,2025-11-24T07:39:50.000Z,
e3a75a17-8b61-4b88-8a6d-428905cf908b,"Easts Boxing Day $10k GTD",FIXED,totalDuration;gameEndDateTime;gameActualStartDateTime,false,32978,2023-12-26T16:09:48.000Z,2023-12-26T07:00:10.000Z,
2c0c633d-98d9-49ff-912b-d765c3b9555c,"Tuesday Highroller Poker @ Churchills Sports Bar 5 times a week!",FIXED,totalDuration;gameEndDateTime;gameActualStartDateTime,false,19645,2024-11-05T12:32:46.000Z,2024-11-05T07:05:21.000Z,
b1004d38-afc7-4579-a088-b058a7cd1e46,"Sydney Millions Friday Mega Satty (1kHr + Main) 2 Mega Packages Guaranteed. 1 in 10",FIXED,gameActualStartDateTime,false,19549,2024-08-23T14:10:06.000Z,2024-08-23T08:44:17.000Z,
cd684b29-5602-4152-89d9-166348bb5031,"Tuesday Highroller Poker @ Churchills Sports Bar 5 times a week!",FIXED,totalDuration;gameEndDateTime;gameActualStartDateTime,false,28004,2025-11-18T14:47:28.000Z,2025-11-18T07:00:44.000Z,
01317c4f-998d-4d41-9ea2-b8e0aad37411,"$5,000 GTD Thursday's at Kings Room Thursday Weekly $200 rebuy until 9:40pm",FIXED,gameActualStartDateTime,false,,,2023-06-15T08:31:46.000Z,
4a6a6151-18c5-46ae-a824-acb94db81674,"Thursdays Grind St.George Leagues Thursday Weekly $120 rebuy until 9:40pm",FIXED,gameActualStartDateTime,false,25942,2025-07-17T15:43:24.000Z,2025-07-17T08:31:02.000Z,
cc6c6f1b-d136-411c-a299-297d7a6a593c,"BLOCKBUSTER SHOT CLOCK DAY 2 $25,000 Guaranteed",FIXED,totalDuration;gameEndDateTime;gameActualStartDateTime,false,28454,2025-07-12T08:56:20.000Z,2025-07-12T01:02:06.000Z,
18e64637-9ecf-4bd9-a409-31bac1c511f9,"Tuesday HighRoller Poker @ Churchills Sports Bar 5 times a week!",FIXED,totalDuration;gameEndDateTime;gameActualStartDateTime,false,19,2023-09-19T07:35:31.000Z,2023-09-19T07:35:12.000Z,
d338b763-fd6e-494e-92df-7300e28c5391,"Kings Room Signature Series Event 11: MAIN EVENT Day 2 BOUNTY SURVIVOR at 2pm",FIXED,gameActualStartDateTime,false,,,2023-08-13T00:19:06.000Z,
a518cc1a-0c26-4799-9089-b3d695288936,"Manly Leagues Series Event 3: $10k Classic $300 contribution to POS leaderboard",FIXED,totalDuration;gameEndDateTime;gameActualStartDateTime,false,26137,2023-09-09T15:21:38.000Z,2023-09-09T08:06:01.000Z,
819ebbed-9ac1-4b57-a1df-874d7ca84dab,"$2,500 GTD Monday Bankroll Builder Monday Weekly $120 rebuy until 9:40pm",FIXED,gameActualStartDateTime,false,20972,2023-12-18T13:24:52.000Z,2023-12-18T07:35:20.000Z,
7723a62b-fe7c-4ed8-8927-c39a429a2941,"Friday 6k Gtd Friday Weekly $150 re-entry until 9:40pm",FIXED,gameActualStartDateTime,false,25473,2025-01-03T14:35:59.000Z,2025-01-03T07:31:26.000Z,
93980c31-0639-4270-bd58-31a95e6dd20c,"Kings Room Championship Flight 1B Day 2 Sunday 17th at 12pm",FIXED,gameActualStartDateTime,false,,,2023-09-15T08:06:56.000Z,
296371b3-c2af-4cb2-96a4-b0b4b45422b0,"Kings Cup 2023 Event 1",NO_S3_KEY,,false,,,,
449165db-353b-4a83-95d5-ff7bc3d32a77,"$8,000 GTD Friday's at Kings Room Late rego 9:40pm",FIXED,gameActualStartDateTime,false,,,2023-06-23T08:31:42.000Z,
ff44e314-06b4-47e0-8af3-8ac8283c2e74,"Churchill's SHOTCLOCK SUNDAY Poker @ Churchills Sports Bar 5 times a week!",FIXED,totalDuration;gameEndDateTime;gameActualStartDateTime,false,23794,2025-06-29T14:36:45.000Z,2025-06-29T08:00:11.000Z,
526f16d5-8dd5-4e13-b8af-2ce312fac63a,"MAIN EVENT FLIGHT D - $50,000 GTD $50,000 Guaranteed - $119,700 RECORD PP",FIXED,totalDuration;gameEndDateTime;gameActualStartDateTime,true,23285,2025-03-27T13:39:53.000Z,2025-03-27T07:11:48.000Z,
30e36e09-56de-45a7-b643-6159a3dab5e5,"Sydney Millions Event 5: MAIN EVENT Flight 1A",FIXED,gameActualStartDateTime,true,29700,2023-11-11T14:48:05.000Z,2023-11-11T06:33:05.000Z,
902359f6-d2f3-4271-994c-369b477fe86b,"Signature Series 2023 Event 8: MAIN EVENT",NO_S3_KEY,,false,,,,
15ce6bda-62d0-4284-b1b2-54b89066e603,"Tuesday Highroller Poker @ Churchills Sports Bar 5 times a week!",FIXED,totalDuration;gameEndDateTime;gameActualStartDateTime,false,25935,2025-10-28T14:13:00.000Z,2025-10-28T07:00:45.000Z,
375650a7-942e-4489-afc1-ff4712f0baac,"Churchill's SHOTCLOCK SUNDAY Poker @ Churchills Sports Bar 5 times a week!",FIXED,totalDuration;gameEndDateTime;gameActualStartDateTime,false,28,2024-01-30T11:38:46.000Z,2024-01-30T11:38:18.000Z,
aeba316c-e950-48c1-a322-740622f2a3e3,"Friday 6k Gtd Friday Weekly $150 re-entry until 9:40pm",FIXED,gameActualStartDateTime,false,22203,2025-01-10T13:42:54.000Z,2025-01-10T07:32:51.000Z,
43b8bfdd-d28d-4f4f-946e-fe0b485197b8,"Sydney Millions 2024 Event 4",NO_S3_KEY,,false,,,,
44824bab-53e1-4c8b-9aef-72581c7ba823,"Weekly Wednesday PLO4 at KR STG",FIXED,gameActualStartDateTime,false,19959,2025-05-07T14:34:06.000Z,2025-05-07T09:01:27.000Z,
62f7ef90-7b97-48d7-8871-556f380eee2a,"Signature Series 2024 Event 3",NO_S3_KEY,,false,,,,
59233525-3069-41a8-905f-1aac9d2e9c44,"Sydney Millions ME satty",FIXED,gameActualStartDateTime,false,14938,2023-11-13T14:14:57.000Z,2023-11-13T10:05:59.000Z,
0af80307-550c-4c37-b79b-b9960a7f6f4f,"Super Series Event 2 : Big Stack",FIXED,gameActualStartDateTime,false,37035,2025-08-10T12:17:16.000Z,2025-08-10T02:00:01.000Z,
7affbaef-6fe1-4e75-b246-ec3e7e8dcb49,"Friday Behemoth Satty (4 seats Gtd) Friday Weekly Behemorh Satty $220 re-entries until 9:40pm",FIXED,gameActualStartDateTime,false,20010,2024-05-17T14:04:47.000Z,2024-05-17T08:31:17.000Z,
3fcb661b-25aa-4767-ad82-2ea4b9317887,"Kings Room Signature series: ME SATTY. 1 seat per 10 entries",FIXED,gameActualStartDateTime,false,,,2023-08-10T09:30:43.000Z,
91ad862f-6b83-4fda-9885-b66655dbbc0e,"PLO 5 BOUNTY Dealer dealt",FIXED,totalDuration;gameEndDateTime;gameActualStartDateTime,false,17182,2024-03-11T11:51:52.000Z,2024-03-11T07:05:30.000Z,
0de16c6d-863a-4010-b6bb-79f4e8804507,"Kings Room Signature series: ME SATTY. 1 seat per 10 entries",FIXED,gameActualStartDateTime,false,,,2023-05-18T09:34:52.000Z,
1e869e57-436a-40c4-b45d-79c20c7e248f,"MAIN EVENT HYPER SATY 1 x Main Event $350 seat awarded for every $350 in the pool",FIXED,totalDuration;gameEndDateTime;gameActualStartDateTime,false,6628,2023-11-07T12:52:40.000Z,2023-11-07T11:02:12.000Z,
615f969f-e3a1-46a4-a9e0-07fe18b76698,"Malta Poker Festival - Ladies First Satellite Event",FIXED,gameActualStartDateTime,true,21974,2024-01-26T12:07:42.000Z,2024-01-26T06:01:28.000Z,
051ebae3-2297-4cc4-ba9c-a399335eec4d,"Kings Cup Event 10: MAIN EVENT Flight 1B",FIXED,totalDuration;gameEndDateTime;gameActualStartDateTime,true,30298,2025-02-20T14:25:00.000Z,2025-02-20T06:00:02.000Z,
2bc30009-7c75-4bf4-8fef-0f57d75e356a,"Tuesday HighRoller Poker @ Churchills Sports Bar 5 times a week!",FIXED,totalDuration;gameEndDateTime;gameActualStartDateTime,false,28921,2024-04-16T16:02:23.000Z,2024-04-16T08:00:22.000Z,
a144f518-a120-4f41-a57e-6d87fcccedd0,"MAIN EVENT - DAY 2 + $2993 POS & $150 GOC",FIXED,totalDuration;gameEndDateTime;gameActualStartDateTime,true,33671,2023-07-23T10:24:59.000Z,2023-07-23T01:03:48.000Z,
ce7b423e-e3f2-4ebb-a4de-5890a271f6c7,"Wednesday night CASH GAME",FIXED,gameActualStartDateTime,false,4,2025-07-16T16:29:06.000Z,2025-07-16T16:29:02.000Z,
055457fa-674e-4ef8-9885-e7c3e3c1a59f,"Colossus Series Event 6: PLO/NLH Rotation",FIXED,gameActualStartDateTime,false,26005,2024-06-10T14:15:58.000Z,2024-06-10T07:02:33.000Z,
e6fed146-3954-4899-8f93-b924245b8835,"OPENING EVENT FLT B  $15,000 $15,000 Guaranteed - bag at end of level 13 or at 12.5%",FIXED,totalDuration;gameEndDateTime;gameActualStartDateTime,true,17114,2024-11-06T12:15:38.000Z,2024-11-06T07:30:24.000Z,
0815fcea-4f67-4e9a-8e3b-594fc5bf8b95,"CNY Lunar Series Mega satty (ME+Players) - 4 packages GTD",FIXED,totalDuration;gameEndDateTime;gameActualStartDateTime,false,18465,2026-01-16T12:41:54.000Z,2026-01-16T07:34:09.000Z,
43b1aab6-2311-42ef-8dbd-c289409988a2,"$10,000 Cash + 2 SM ME Tickets GTD Top 2 prizes INC SM ME Tickets",FIXED,gameActualStartDateTime,false,29011,2025-10-10T15:34:42.000Z,2025-10-10T07:31:11.000Z,
8983e48e-4f61-4017-bfef-144982b37d76,"Sydney Millions Colossus Satty Rebuys available until the end of level 10",FIXED,gameActualStartDateTime,false,,,2023-09-25T08:44:44.000Z,
f360112c-7145-413f-bae4-8210f5f18a76,"Colossus Series Event 1: Opening Flight 1B",FIXED,gameActualStartDateTime,true,28500,2024-06-07T14:55:22.000Z,2024-06-07T07:00:22.000Z,
76ffff45-544e-4a63-b1ce-df6bf17e6d50,"$450 HIGH ROLLERS 10 levels of play on starts Sat 11am 1 level of play for late reg",NO_S3_KEY,,false,,,,
ca9e956b-7828-48ec-9a50-7ad8112a9ab9,"$450 HIGH ROLLERS 10 levels of play on Day 1 - Day 2 starts Sunday 11am - 2 levels of play for late reg",FIXED,totalDuration;gameEndDateTime;gameActualStartDateTime,true,48658,2024-03-16T20:34:14.000Z,2024-03-16T07:03:16.000Z,
a71f680c-e552-4ebf-9878-befdade1782b,"Churchill's SHOTCLOCK SUNDAY Poker @ Churchills Sports Bar 5 times a week!",FIXED,totalDuration;gameEndDateTime;gameActualStartDateTime,false,25771,2025-12-28T14:09:38.000Z,2025-12-28T07:00:07.000Z,
734d8286-4609-4025-9fd2-1e6d267b0343,"Churchill's SHOTCLOCK SUNDAY Poker @ Churchills Sports Bar 5 times a week!",FIXED,totalDuration;gameEndDateTime;gameActualStartDateTime,false,24533,2025-11-09T13:49:14.000Z,2025-11-09T07:00:21.000Z,
bc627582-b8e0-4b43-897c-38986bf16f85,"Sydney Millions Friday Mega Satty (1kHr + Main) 2 Mega Packages Guaranteed. 1 in 10",FIXED,gameActualStartDateTime,true,18644,2024-10-04T13:46:25.000Z,2024-10-04T08:35:41.000Z,
72badacb-2fbe-49b0-a971-39030f3d4f16,"Wednesday night CASH GAME St George Leagues",FIXED,gameActualStartDateTime,false,26746,2025-12-03T15:06:15.000Z,2025-12-03T07:40:29.000Z,
73d2f1dc-f5d6-4605-85b0-063f9013dcf8,"Sydney Millions Event 3: Survivor Bounty SC",FIXED,gameActualStartDateTime,false,,,2023-10-31T00:26:14.000Z,
7de9bb9b-db2c-465b-9a16-1c310ac6ac44,"Kings Room Champs SATTY. 1 seat per 8 entries",FIXED,gameActualStartDateTime,false,22439,2024-01-12T13:44:17.000Z,2024-01-12T07:30:18.000Z,
71087a37-b3c0-4b7e-986f-531ae8e3647f,"Sydney Millions Event 3: Survivor Bounty SC",FIXED,gameActualStartDateTime,false,37690,2023-11-10T17:29:51.000Z,2023-11-10T07:01:41.000Z,
116cd2c9-ce97-4ff2-b738-d58158b3b68b,"Kings Cup Event 4: MINI MAIN Flight 1A $75,000 GTD 2 Re-Entry",FIXED,totalDuration;gameEndDateTime;gameActualStartDateTime,true,27380,2025-02-12T13:37:57.000Z,2025-02-12T06:01:37.000Z,
79e70ce1-0d9d-4266-ba31-21eaedbc2533,"Churchill's SHOTCLOCK SUNDAY Poker @ Churchills Sports Bar 5 times a week!",FIXED,totalDuration;gameEndDateTime;gameActualStartDateTime,false,23612,2024-09-29T14:36:13.000Z,2024-09-29T08:02:41.000Z,
cc83483d-b90b-4efd-b453-bcdd9fd0f022,"Sydney Millions Friday Mega Satty (1kHr + Main) 2 Mega Packages Guaranteed. 1 in 10",FIXED,gameActualStartDateTime,false,18620,2024-10-18T12:42:12.000Z,2024-10-18T07:31:52.000Z,
bc61af9b-0259-4f8a-a403-24f87f7e07c5,"Wenty Leagues 20k GTD Weekly",FIXED,gameActualStartDateTime,false,27315,2024-02-07T15:08:57.000Z,2024-02-07T07:33:42.000Z,
7dee5929-4187-4c20-a139-e9807e1eb078,"Super Series ME MEGA Satty 15 seats GTD. 1 in 6",FIXED,gameActualStartDateTime,false,21029,2025-08-04T14:23:37.000Z,2025-08-04T08:33:08.000Z,
3d348067-c675-41a6-84ca-332c2b9582a3,"OPENING EVENT $20,000 GTD INC $200 GOC + $400 POS",NO_S3_KEY,,false,,,,
e902ed94-a3f0-4a8e-ab25-6ea2a87414f2,"Players Champs satty - 3 seats GTD",FIXED,gameActualStartDateTime,false,16206,2025-10-27T09:00:46.000Z,2025-10-27T04:30:40.000Z,
9430da38-9175-4792-962b-3c0a28845a07,"$2,000 GTD Monday's at Kings Room Monday Weekly $100 rebuy until 9:10pm",FIXED,gameActualStartDateTime,false,,,2023-05-22T08:44:35.000Z,
1cb150a5-82db-4953-a4fb-aaf9717e50c9,"Signature Series Event 6: Super HIGHROLLER Day 3",FIXED,gameActualStartDateTime,true,46497,2024-02-21T18:48:19.000Z,2024-02-21T05:53:22.000Z,
cd9bc3a2-a627-4a04-994e-d53aa7728707,"Sydney Millions ME satty",FIXED,gameActualStartDateTime,false,15932,2023-11-11T09:42:12.000Z,2023-11-11T05:16:40.000Z,
ea020881-a626-4689-b87e-ecfe9c1513ad,"Signature Series/MGA Event 4: T.H.O.R.S.E",FIXED,gameActualStartDateTime,false,32083,2025-02-28T15:32:38.000Z,2025-02-28T06:37:55.000Z,
beabd6cd-d381-4c30-b22b-d08a2d728769,"KINGDOM PKO $5000 GTD Dealer Dealt",FIXED,totalDuration;gameEndDateTime;gameActualStartDateTime,false,25586,2025-07-10T10:10:07.000Z,2025-07-10T03:03:41.000Z,
62f4b2f2-46c4-411c-9a31-639b983b6ac6,"Signature Series Event 8A : 1KHR Flight A $100,000 Guaranteed",FIXED,gameActualStartDateTime,true,29396,2025-03-02T10:42:04.000Z,2025-03-02T02:32:08.000Z,
87f0c68b-6c91-4a1e-be89-9ca67251e84c,"Churchill's SHOTCLOCK SUNDAY Poker @ Churchills Sports Bar 5 times a week!",FIXED,totalDuration;gameEndDateTime;gameActualStartDateTime,false,26388,2024-01-14T14:20:27.000Z,2024-01-14T07:00:39.000Z,
2f4bf8b0-9b19-4742-8569-9aab04f2f1c0,"Tuesday HighRoller Poker @ Churchills Sports Bar 5 times a week!",FIXED,totalDuration;gameEndDateTime;gameActualStartDateTime,false,29362,2024-07-16T16:10:09.000Z,2024-07-16T08:00:47.000Z,
fa6655d4-96c3-48bb-a1d4-f6d735057ebf,"$5,000 EST Monday Bankroll Builder Monday Weekly $120 re-entry until 9:40pm",FIXED,gameActualStartDateTime,false,19569,2025-02-10T12:57:10.000Z,2025-02-10T07:31:01.000Z,
10fff25c-2d66-48e2-8059-c98cae9cb884,"DOUBLE BARREL SHOT CLOCK Fully dealer dealt",FIXED,totalDuration;gameEndDateTime;gameActualStartDateTime,false,20246,2024-11-14T07:40:02.000Z,2024-11-14T02:02:36.000Z,
86cd4d70-27cc-4209-b28f-8e565b9338c6,"Manly Leagues Series Event 2: Main Event Flight 1C 2 x Re-entry",FIXED,totalDuration;gameEndDateTime;gameActualStartDateTime,true,29721,2023-09-09T10:15:24.000Z,2023-09-09T02:00:03.000Z,
b7c6926b-4dc5-4719-9414-c8cbe6249e7e,"Tuesday Highroller Poker @ Churchills Sports Bar 5 times a week!",FIXED,totalDuration;gameEndDateTime;gameActualStartDateTime,false,28711,2025-03-25T14:58:38.000Z,2025-03-25T07:00:07.000Z,
7183bd85-0b01-49df-bf1f-aae1fce08dd2,"Wenty's Wednesdays $6k GTD",FIXED,gameActualStartDateTime,false,19409,2024-05-15T14:04:24.000Z,2024-05-15T08:40:55.000Z,
13f5d2cb-a28a-4e13-9ef8-3c84c7e562e9,"Colossus Satty 1 in 6",FIXED,gameActualStartDateTime,false,12964,2024-06-10T14:46:02.000Z,2024-06-10T11:09:58.000Z,
30fe2d2d-6b5c-4948-af8b-1396f062e6eb,"MYSTERY BOUNTY SHOT CLOCK $15,000 GUARANTEED",FIXED,totalDuration;gameEndDateTime;gameActualStartDateTime,false,27910,2025-07-17T15:49:00.000Z,2025-07-17T08:03:50.000Z,
653777f0-1362-4c0e-a540-3a9630f02a33,"$2,500 GTD Monday Bankroll Builder Monday Weekly $120 rebuy until 9:40pm",FIXED,gameActualStartDateTime,false,20938,2024-01-15T13:21:41.000Z,2024-01-15T07:32:43.000Z,
076f07c2-c052-420c-b5f4-77e7e52ff4d6,"SUPER BOUNTY TURBO $40 per Bounty",FIXED,totalDuration;gameEndDateTime;gameActualStartDateTime,false,17963,2024-11-07T07:05:19.000Z,2024-11-07T02:05:56.000Z,
26e6cf2a-75bb-4dae-8023-4faf3a00bb17,"Kings Room Signature Series Event 8: MAIN EVENT Flight 1A",FIXED,gameActualStartDateTime,false,,,2023-02-23T06:02:39.000Z,
8a54689c-33b7-498b-832a-e8016388ca06,"Wenty's Wednesdays $6k GTD",FIXED,gameActualStartDateTime,false,19646,2025-03-19T13:04:30.000Z,2025-03-19T07:37:04.000Z,
f526fe02-0106-48b2-a7d4-b1d2f5cd6cd5,"Signature series Event 6: Double Barrel",FIXED,gameActualStartDateTime,true,14674,2025-03-01T10:39:05.000Z,2025-03-01T06:34:31.000Z,
d7224fc1-c933-4c88-8bc4-56b7c869e117,"Manly Leagues Series Event 3: One Shot",FIXED,totalDuration;gameEndDateTime;gameActualStartDateTime,false,22303,2024-07-25T14:19:37.000Z,2024-07-25T08:07:54.000Z,
8003c792-1016-4f23-abcb-582241ab77dd,"Kings Cup Event 7: The 300 Late rego and rebuys until 9:20pm",FIXED,totalDuration;gameEndDateTime;gameActualStartDateTime,false,32804,2024-09-10T17:06:46.000Z,2024-09-10T08:00:02.000Z,
f08cca08-6d4a-418b-ae6f-6be84137e53d,"Sydney Millions ME satellite Thursday. 3 Gtd. 3 Main Event Tickets GTD, 1 ticket for every 10 entries.",FIXED,gameActualStartDateTime,false,21817,2024-10-17T13:34:14.000Z,2024-10-17T07:30:37.000Z,
b02124e3-bd96-4a23-bd47-804b7407e1af,"Dragon Lunar High Roller Shot Clock Satty Thursday Dragon Lunar High Roller Shot Clock Satty $210 rebuy until 9:40pm",FIXED,gameActualStartDateTime,false,21421,2024-02-01T13:36:02.000Z,2024-02-01T07:39:01.000Z,
932a539f-000c-434a-b2e8-8781828ac118,"Sydney Millions Colossus Satty Rebuys available until the end of level 10",FIXED,gameActualStartDateTime,false,,,2023-10-31T00:27:26.000Z,
487c6ab4-c177-47e6-89cb-7aa201c35829,"Sydney Millions Event 10: PLO5",FIXED,gameActualStartDateTime,false,28841,2023-11-15T15:01:13.000Z,2023-11-15T07:00:32.000Z,
33d6d689-a02a-452a-8cd1-1494c221b9f1,"Tuesday Highroller Poker @ Churchills Sports Bar 5 times a week!",FIXED,totalDuration;gameEndDateTime;gameActualStartDateTime,false,31288,2025-07-22T16:41:46.000Z,2025-07-22T08:00:18.000Z,
8ced3c4a-9c9d-41be-804e-baed34a1e430,"NEWCASTLE PLO HR CHAMPS Dealer Dealt",FIXED,totalDuration;gameEndDateTime;gameActualStartDateTime,false,27931,2023-03-04T09:48:03.000Z,2023-03-04T02:02:32.000Z,
5db4e228-4804-4ef9-87d5-f69537fb0c3c,"Kings Cup MINI MAIN $15,000 GTD Triple Barrel @ 5pm TONIGHT",NO_S3_KEY,,false,,,,
88d4c4e9-4162-46fe-aceb-1f8ef05762e1,"$450 HIGH ROLLERS 9 levels of play on starts Sat 11am 2 levels of play for late reg",NO_S3_KEY,,false,,,,
8c864252-9700-44ff-9cd9-ea2103bc9232,"Wenty's Wednesday $10k GTD",FIXED,gameActualStartDateTime,false,28541,2025-11-19T15:26:39.000Z,2025-11-19T07:30:58.000Z,
aa55de96-04b9-402f-b592-878f66f19847,"MAIN EVENT - $50,000 GTD $50,000 Guaranteed - $119,700 PP LAST SERIES",NO_S3_KEY,,false,,,,
1a1069fd-e8b7-443f-962d-4c23cfb2f816,"Wenty's Wednesdays $6k GTD",FIXED,gameActualStartDateTime,false,25098,2024-06-26T16:04:22.000Z,2024-06-26T09:06:04.000Z,
5fa3196c-0413-42a0-87c4-7792d7f30951,"THE MEGA STACK",FIXED,totalDuration;gameEndDateTime;gameActualStartDateTime,false,19421,2025-07-13T08:24:01.000Z,2025-07-13T03:00:20.000Z,
d4717be8-e782-4c1b-9543-0721b4f9005b,"$450HR SATTY 3 x $450HR SEATS GUARANTEED",FIXED,totalDuration;gameEndDateTime;gameActualStartDateTime,false,11671,2024-06-22T09:49:20.000Z,2024-06-22T06:34:49.000Z,
4c64a82d-4627-4af2-b4be-1626a731e34a,"Event 18 : MGA 2-7 Single Draw",FIXED,gameActualStartDateTime,false,21165,2025-06-15T15:17:30.000Z,2025-06-15T09:24:45.000Z,
35adeeef-7d16-4fe9-8115-f3d2bfff78ee,"Colossus Series Event 1: Opening Flight 1A",FIXED,gameActualStartDateTime,true,28500,2024-06-06T14:58:35.000Z,2024-06-06T07:03:35.000Z,
faa9e887-8c1c-42ab-98fd-9d5155b1f49f,"Sydney Millions Event 12: The Juggernaut",FIXED,gameActualStartDateTime,false,44651,2025-10-31T13:24:47.000Z,2025-10-31T01:00:36.000Z,
f8b00702-237f-4fc1-9777-2c82fad9838f,"Sydney Millions Event 5: Players Champs Flight 1C",FIXED,gameActualStartDateTime,true,29280,2025-10-27T14:09:57.000Z,2025-10-27T06:01:57.000Z,
d452c0cd-810e-4793-b50a-b73fbea05efb,"Churchill's SHOTCLOCK SUNDAY Poker @ Churchills Sports Bar 5 times a week!",FIXED,totalDuration;gameEndDateTime;gameActualStartDateTime,false,22803,2025-07-13T14:22:23.000Z,2025-07-13T08:02:20.000Z,
29d2e790-8031-4c41-9f7c-f4e7fe589ae2,"$5,000 GTD Thursday's at Kings Room Thursday Weekly $200 rebuy until 9:40pm",FIXED,gameActualStartDateTime,false,,,2023-06-29T08:32:16.000Z,
835a1551-043d-43a0-bd60-a428a669657d,"Churchills $10k GTD",FIXED,totalDuration;gameEndDateTime;gameActualStartDateTime,false,30985,2024-02-03T15:36:56.000Z,2024-02-03T07:00:31.000Z,
c7929e55-efcc-4e6e-b2fc-61d51d423e00,"1KHR Day 2 starts 11am Saturday",FIXED,totalDuration;gameEndDateTime;gameActualStartDateTime,true,50289,2023-11-03T20:40:15.000Z,2023-11-03T06:42:06.000Z,
012cdeca-e58c-45e5-885a-e6df5248b729,"Signature Series Friday Mega Satty (1kHr + Main) 3 Mega Packages Guaranteed",FIXED,gameActualStartDateTime,false,17194,2024-07-26T13:19:49.000Z,2024-07-26T08:33:15.000Z,
c1d85cab-fe80-4df8-8c57-3d389d4f4c40,"Bella Vista Hotel Tuesdays $6k GTD",FIXED,gameActualStartDateTime,false,22727,2025-10-28T14:09:02.000Z,2025-10-28T07:50:15.000Z,
1fb9af1d-9faa-4340-b692-321edcb03b83,"APT SYDNEY MAIN 250K GTD SATY 1 X $600 MAIN SEAT FOR EVERY $600 IN THE POOL",NO_S3_KEY,,false,,,,
4b22dc6b-7f45-412a-ad15-acaa64abfda2,"MAIN EVENT SATY TURBO 1 Seat GTD.... 1 x Main Event Seat for every $250 in the pool",FIXED,totalDuration;gameEndDateTime;gameActualStartDateTime,false,7654,2023-03-01T11:40:57.000Z,2023-03-01T09:33:23.000Z,
a24dc2b2-a158-48c2-880f-53d1f4423f50,"5 x Collosus seat Plus Mini Main GTD satty",FIXED,gameActualStartDateTime,false,22400,2025-09-15T14:45:27.000Z,2025-09-15T08:32:07.000Z,
34fb25ee-dc66-48d7-b327-a9b43dc45960,"Signature Series 1B : Opening Event Flight B $100,000 Guaranteed",FIXED,gameActualStartDateTime,true,28499,2024-08-02T14:58:44.000Z,2024-08-02T07:03:45.000Z,
631178ba-30cc-4972-8cf0-3d993fe309b4,"KC @ Churchills Event 8: The 300 Late rego and rebuys until 9:20pm",FIXED,totalDuration;gameEndDateTime;gameActualStartDateTime,false,31413,2025-05-06T16:43:49.000Z,2025-05-06T08:00:16.000Z,
d2dd7da4-2d73-46c3-addf-b8a733874c60,"Monday St. George Leagues Club $5000 GTD",FIXED,gameActualStartDateTime,false,,,2023-03-13T07:36:06.000Z,
780bc722-4e22-44ba-b836-abef460d57b3,"Wenty's Wednesday $10k GTD",FIXED,gameActualStartDateTime,false,26189,2025-12-10T14:46:32.000Z,2025-12-10T07:30:03.000Z,
d0944293-dcad-43d5-9c93-d3bc9a382aa1,"January Big Extra Late rego and rebuys until 9:20pm",FIXED,totalDuration;gameEndDateTime;gameActualStartDateTime,false,27898,2026-01-06T14:46:48.000Z,2026-01-06T07:01:50.000Z,
72316a45-14e4-48f1-a8d4-efbf423c88f3,"KC @ Churchills Event 9: The 300 Late rego and rebuys until 9:20pm",FIXED,totalDuration;gameEndDateTime;gameActualStartDateTime,false,34278,2025-12-09T16:31:26.000Z,2025-12-09T07:00:08.000Z,
d9243aba-b8b3-436a-a64f-daf622bd4be6,"DEALERS CHOICE Dealer Dealt",FIXED,totalDuration;gameEndDateTime;gameActualStartDateTime,false,26554,2024-06-20T14:29:19.000Z,2024-06-20T07:06:45.000Z,
f012f7c9-caa8-4d33-9275-a06517bd4b43,"Kings Cup Event 4: MINI MAIN Flight 1B $75,000 GTD Unlimited Re-Entry",FIXED,totalDuration;gameEndDateTime;gameActualStartDateTime,true,27301,2024-12-05T13:35:02.000Z,2024-12-05T06:00:01.000Z,
2ad03044-bc24-4a86-94e1-b1f6c648b85f,"Kings Room Championship Flight 1D",FIXED,gameActualStartDateTime,false,,,2023-07-08T09:00:13.000Z,
aae1dea0-dec2-4166-aab1-8b30f5e38ef6,"Kings Room Signature series: ME SATTY. 1 seat per 10 entries",FIXED,gameActualStartDateTime,false,,,2023-05-15T08:31:03.000Z,
d9c186d6-cfb2-44fe-82e2-53a5072d5354,"POT LIMIT OMAHA Dealer dealt",FIXED,totalDuration;gameEndDateTime;gameActualStartDateTime,false,17245,2023-07-17T12:50:28.000Z,2023-07-17T08:03:03.000Z,
8259d6eb-f3a0-424e-a930-ea1630853c10,"Sydney Millions Event 2 : Kings Classic",FIXED,gameActualStartDateTime,false,37638,2024-11-01T15:32:35.000Z,2024-11-01T05:05:17.000Z,
1c5761bf-deb0-493b-b342-62909709cdb5,"Churchill's SHOTCLOCK SUNDAY Poker @ Churchills Sports Bar 5 times a week!",FIXED,totalDuration;gameEndDateTime;gameActualStartDateTime,false,22252,2025-09-21T14:11:11.000Z,2025-09-21T08:00:19.000Z,
527f4e1d-8a1c-4a66-ab4d-f42a6ca40686,"Kings Room Signature Series Event 8: MAIN EVENT Flight 1D Turbo",FIXED,gameActualStartDateTime,false,,,2023-02-25T08:01:19.000Z,
1d816ede-c98d-4f38-abbf-4412984218ee,"Churchill's SHOTCLOCK SUNDAY Poker @ Churchills Sports Bar 5 times a week!",FIXED,totalDuration;gameEndDateTime;gameActualStartDateTime,false,24032,2026-01-04T13:40:38.000Z,2026-01-04T07:00:06.000Z,
20c48d9b-6825-4d16-b159-ef97ad974e4a,"Churchill's SHOTCLOCK SUNDAY Poker @ Churchills Sports Bar 5 times a week!",FIXED,totalDuration;gameEndDateTime;gameActualStartDateTime,false,23881,2025-07-06T14:39:18.000Z,2025-07-06T08:01:17.000Z,
32bf8cbd-d14d-4669-9842-b3f233995833,"Public Holiday Monday $20,000 GTD $20,000 GTD. re-entry until end of level 8",FIXED,gameActualStartDateTime,false,,,2023-10-02T01:00:33.000Z,
d1960d86-006c-4232-b2ea-bc9132eaa4aa,"DEALERS CHOICE Dealer Dealt",FIXED,totalDuration;gameEndDateTime;gameActualStartDateTime,false,27553,2025-03-26T13:44:14.000Z,2025-03-26T06:05:01.000Z,
8a5e3f95-bca9-4f9c-a71c-40898908cbd4,"Hillside Hotel Mondays",FIXED,gameActualStartDateTime,false,20927,2025-09-22T14:28:27.000Z,2025-09-22T08:39:40.000Z,
38340e2f-0642-40f6-96e6-6e4ce29d4dc2,"Kings Bounty Survivor",FIXED,gameActualStartDateTime,false,,,2023-09-17T04:10:52.000Z,
643277c2-7220-4670-abff-1f4beb7e768f,"Churchill's SHOTCLOCK SUNDAY Poker @ Churchills Sports Bar 5 times a week!",FIXED,totalDuration;gameEndDateTime;gameActualStartDateTime,false,24102,2025-04-27T14:42:13.000Z,2025-04-27T08:00:31.000Z,
8f6808c1-82f9-4414-8353-83988c50e995,"MINI MAIN EVENT FLT B  $20,000 GTD $20,000 Guaranteed",FIXED,totalDuration;gameEndDateTime;gameActualStartDateTime,true,15817,2024-03-09T11:28:44.000Z,2024-03-09T07:05:07.000Z,
6244d5ac-ca06-45ce-ba10-050c5a871dc1,"SM ME + Players Satty - 4 Packages GTD",FIXED,gameActualStartDateTime,false,23268,2025-09-18T14:58:29.000Z,2025-09-18T08:30:41.000Z,
4d11f8a9-8aa4-4d9c-8fca-220554b2c28b,"PLO/NLH Rotation",FIXED,gameActualStartDateTime,false,24470,2024-04-25T14:18:05.000Z,2024-04-25T07:30:15.000Z,
ae73993d-0527-4902-8be3-e4e0fd2630f4,"KC @ Churchills Event 4: MINI MAIN Flight 1B $100,000 GTD 2 Re-Entry",FIXED,totalDuration;gameEndDateTime;gameActualStartDateTime,true,27901,2025-05-01T14:45:17.000Z,2025-05-01T07:00:16.000Z,
f870d580-4a32-4e9a-b89c-8b340c1922e5,"Wenty's Wednesday $10k GTD",FIXED,gameActualStartDateTime,false,28050,2025-11-26T15:17:53.000Z,2025-11-26T07:30:23.000Z,
ad60b30c-d32f-457e-a414-a2ce373e6a4d,"SUPER STACK FREEZE  $5000 GTD 100K ss Freezeout - $5000 Guaranteed",FIXED,totalDuration;gameEndDateTime;gameActualStartDateTime,false,26602,2024-03-08T13:24:41.000Z,2024-03-08T06:01:19.000Z,
b62ada55-9bee-486a-830d-599df6cc4308,"Weekly Wednesday PLO4 at KR STG",FIXED,gameActualStartDateTime,false,19586,2025-03-19T13:07:46.000Z,2025-03-19T07:41:20.000Z,
0fc67cbd-5f91-40dc-a0dd-00f4ab709a26,"Public Holiday Monday $20,000 GTD $20,000 GTD. re-entry until end of level 8",FIXED,gameActualStartDateTime,false,,,2023-06-12T02:01:37.000Z,
1097d0da-e39e-41dd-bc78-1b97edfd1ac8,"Signature Series Event 5A : Main Event Flight A $150,000 Guaranteed",FIXED,gameActualStartDateTime,true,29700,2024-08-06T15:18:27.000Z,2024-08-06T07:03:27.000Z,
79455a13-e6ed-4137-a0fe-e227615edf7b,"Sydney Millions 2023 Event 17",NO_S3_KEY,,false,,,,
fcd20bce-e48f-4673-bfc2-dde161c8df02,"Wenty's Wednesdays $6k GTD",FIXED,gameActualStartDateTime,false,19716,2025-06-11T14:03:55.000Z,2025-06-11T08:35:19.000Z,
509673be-c9a2-4f8c-b39b-d87a202990da,"Tuesday Highroller Poker @ Churchills Sports Bar 5 times a week!",FIXED,totalDuration;gameEndDateTime;gameActualStartDateTime,false,31614,2025-08-19T16:47:25.000Z,2025-08-19T08:00:31.000Z,
722ee753-61dc-4e21-b7bc-953319553ada,"BIG PLO Dealer Dealt",FIXED,totalDuration;gameEndDateTime;gameActualStartDateTime,false,20841,2023-11-12T09:19:26.000Z,2023-11-12T03:32:05.000Z,
b99a569a-2730-49ca-81e9-adc568925a97,"Weekly Wednesday PLO4 at KR STG",FIXED,gameActualStartDateTime,false,13619,2025-04-02T11:38:58.000Z,2025-04-02T07:51:59.000Z,
635be6d6-e8f0-44a8-89e3-799d0782dac0,"KC @ Churchills Event 3: MINI MAIN Flight 1C $100,000 GTD 2 Re-Entry",FIXED,totalDuration;gameEndDateTime;gameActualStartDateTime,true,27601,2025-09-04T14:40:10.000Z,2025-09-04T07:00:09.000Z,
80fe371c-b0de-450b-a52b-5f7f94468913,"Churchill's SHOTCLOCK SUNDAY Poker @ Churchills Sports Bar 5 times a week!",FIXED,totalDuration;gameEndDateTime;gameActualStartDateTime,false,25362,2025-11-16T14:02:55.000Z,2025-11-16T07:00:13.000Z,
c616a531-b6cf-4477-bbd4-435aff30f128,"BIG O",FIXED,totalDuration;gameEndDateTime;gameActualStartDateTime,false,24668,2025-03-24T09:22:33.000Z,2025-03-24T02:31:25.000Z,
3d631896-f12d-4c15-b2b5-7e7d50ec126a,"$5,000 GTD Thursday Grind Thursday Weekly $220 rebuy until 9:40pm",FIXED,gameActualStartDateTime,false,21355,2024-01-04T13:27:19.000Z,2024-01-04T07:31:24.000Z,
f0949f9c-fc46-44dd-bcbc-d51a1489b1ef,"THE BIG FREEZE SHOT CLOCK Dealer Dealt - 20 seconds to act",FIXED,totalDuration;gameEndDateTime;gameActualStartDateTime,false,19011,2023-07-20T13:16:03.000Z,2023-07-20T07:59:12.000Z,
08bc8cbc-6061-4d46-b008-fd20dc5e0d6b,"$5,000 GTD Thursday Grind Thursday Weekly $220 rebuy until 9:40pm",FIXED,gameActualStartDateTime,false,21279,2024-01-25T13:36:35.000Z,2024-01-25T07:41:56.000Z,
037e54b8-a125-46ea-9b13-fa6ea8fb3e2c,"KC @ Churchills Event 7: Pokershop DEEPSTACK 2 x re entry",FIXED,totalDuration;gameEndDateTime;gameActualStartDateTime,true,37284,2025-09-07T14:22:35.000Z,2025-09-07T04:01:11.000Z,
1a27f1e7-3ced-41d2-a727-37c0fdf70fe2,"$2,000 GTD Monday's at Kings Room Monday Weekly $100 rebuy until 9:10pm",FIXED,gameActualStartDateTime,false,,,2023-06-26T08:34:44.000Z,
506094f6-c63f-4290-9ae7-8630356499f3,"KC @ Churchills Event 7: MAIN EVENT Flight 1A",FIXED,totalDuration;gameEndDateTime;gameActualStartDateTime,true,30301,2025-05-05T15:29:04.000Z,2025-05-05T07:04:03.000Z,
1d073616-12b1-4a4c-acac-1b260f35c3e2,"Sydney Millions Event 20 : H.O.P. Holdem. Omaha. Pineapple.",FIXED,gameActualStartDateTime,false,23124,2024-11-10T15:16:06.000Z,2024-11-10T08:50:42.000Z,
8f0e7543-a67d-40fb-afa3-4e4cb40d29fd,"KINGDOM DEEPSTACKS SHOTCLOCK 20 seconds to act",FIXED,totalDuration;gameEndDateTime;gameActualStartDateTime,false,29061,2023-03-03T10:16:33.000Z,2023-03-03T02:12:12.000Z,
3c96f121-181e-446d-a4c0-980a2d4221e4,"Wentys Kings Room Championship",NO_S3_KEY,,false,,,,
4a08960a-202c-4f0f-bf3c-79607ef8d137,"Sydney Millions Event 6: Mini Main Flight 1C",FIXED,gameActualStartDateTime,true,26981,2025-10-27T14:03:52.000Z,2025-10-27T06:34:11.000Z,
a1d3b5ee-0247-4b2b-bb41-9b6d5e2880b4,"Colossus Series Event 1B : Poker Rewards+ Flight B $100,000 Guaranteed",FIXED,gameActualStartDateTime,true,28500,2025-06-06T14:57:16.000Z,2025-06-06T07:02:16.000Z,
e8ff87fa-d829-410a-901f-eeb0899af020,"Tuesday HighRoller Poker @ Churchills Sports Bar 5 times a week!",FIXED,totalDuration;gameEndDateTime;gameActualStartDateTime,false,28580,2024-07-09T15:56:28.000Z,2024-07-09T08:00:08.000Z,
15170076-62cc-4396-a9e6-8e604e12e60b,"WEDNESDAY night CASH GAME St George Leagues",FIXED,gameActualStartDateTime,false,29032,2025-09-10T16:52:12.000Z,2025-09-10T08:48:20.000Z,
82c1c54f-d461-4c95-97ab-0c65ed82499c,"KINGDOM CUP FLT A - $20,000 GTD $20,000 GUARANTEED",FIXED,totalDuration;gameEndDateTime;gameActualStartDateTime,true,18300,2023-05-10T13:38:08.000Z,2023-05-10T08:33:08.000Z,
4e62abf8-6066-454d-8a24-711c843cbb3f,"Sydney Millions Event 9: Main Event Day 3 12 levels or top 18",FIXED,gameActualStartDateTime,true,81411,2025-11-02T23:39:20.000Z,2025-11-02T01:02:29.000Z,
f9b9085e-3a23-4c10-82fb-200c373c2203,"2024 Sydney Millions Event 13 : Deep Grind 2 re-rentries",FIXED,gameActualStartDateTime,false,29341,2024-11-08T13:10:56.000Z,2024-11-08T05:01:55.000Z,
32ab6add-1803-4253-abf1-fcdb5f5de73c,"Friday special 10k Gtd Friday Weekly $150 re-entry until 10:20pm",FIXED,gameActualStartDateTime,false,27244,2025-04-04T15:07:14.000Z,2025-04-04T07:33:10.000Z,
553bb955-5b2c-48cf-bbab-24de916bd136,"Signature Series Thursday Mega Satty (1kHr + Main) 3 Mega Packages Guaranteed",FIXED,gameActualStartDateTime,false,19167,2025-01-23T12:54:50.000Z,2025-01-23T07:35:23.000Z,
daf495b5-dbdc-4667-90e4-bf06be165e19,"Wenty's Wednesdays $10k GTD",FIXED,gameActualStartDateTime,false,24939,2025-09-24T15:26:20.000Z,2025-09-24T08:30:41.000Z,
9e90423c-2fd4-4b45-95fa-f469fee279a4,"Tuesday Highroller Poker @ Churchills Sports Bar 5 times a week!",FIXED,totalDuration;gameEndDateTime;gameActualStartDateTime,false,31424,2025-01-21T15:44:26.000Z,2025-01-21T07:00:42.000Z,
747022a3-95ac-4a7d-97e5-6c6a4eea406b,"KINGS 20K REPECHAGE $20,000 Guaranteed - $42,716 PP LAST TIME HELD",NO_S3_KEY,,false,,,,
a6bdcb14-eeee-4d61-a49f-d8c369b1b486,"Weekly Wednesday PLO4 at KR STG",FIXED,gameActualStartDateTime,false,16876,2025-03-26T12:16:08.000Z,2025-03-26T07:34:52.000Z,
737e2ba9-2b8b-41a8-9fd3-c429cbed8691,"Sydney Millions Event 2: Mini Highroller Day 2",FIXED,gameActualStartDateTime,false,46484,2023-11-11T13:49:52.000Z,2023-11-11T00:55:08.000Z,
b8b06b4d-95fc-42a5-b8f5-f085b986da98,"$5,000 GTD Thursday Grind Thursday Weekly $120 rebuy until 9:40pm",FIXED,gameActualStartDateTime,false,25552,2024-04-18T15:38:51.000Z,2024-04-18T08:32:59.000Z,
2916261f-3ca1-4ffc-bb95-4868f298067c,"Churchill's SHOTCLOCK SUNDAY Poker @ Churchills Sports Bar 5 times a week!",FIXED,totalDuration;gameEndDateTime;gameActualStartDateTime,false,21611,2024-09-01T14:03:37.000Z,2024-09-01T08:03:26.000Z,
084d0e76-39fc-4c32-a91a-0ba2230074bc,"Churchill's SHOTCLOCK SUNDAY Poker @ Churchills Sports Bar 5 times a week!",FIXED,totalDuration;gameEndDateTime;gameActualStartDateTime,false,23599,2023-09-24T14:33:53.000Z,2023-09-24T08:00:34.000Z,
615cc8eb-778e-4d2f-9d53-1630a44b86bf,"Signature Series Main Event Satty Monday 6 Main Event Seats Guaranteed Every Monday",FIXED,gameActualStartDateTime,false,17338,2024-07-22T13:32:39.000Z,2024-07-22T08:43:41.000Z,
931f92cf-78c7-4dbf-b2e7-5c2524a4f480,"Thursday St. George Leagues Club $5,000 GTD $5000 GTD",FIXED,gameActualStartDateTime,false,,,2023-04-06T08:30:23.000Z,
4a957d2e-d27d-41fb-8393-319f13c70b08,"Wednesday night CASH GAME St George Leagues",FIXED,gameActualStartDateTime,false,26797,2025-07-23T16:43:22.000Z,2025-07-23T09:16:45.000Z,
343c6e68-bb45-4568-b718-4fe50a7c8f15,"SM ME satty - 2 seats GTD",FIXED,gameActualStartDateTime,false,14765,2025-09-05T12:50:16.000Z,2025-09-05T08:44:11.000Z,
3e3dc35e-c0d0-46cf-aa42-916a5dc13ebe,"Signature Series Event 12: 6-Max SC",FIXED,gameActualStartDateTime,false,27908,2024-02-24T15:23:13.000Z,2024-02-24T07:38:05.000Z,
cc3aa9f3-7d9f-47fe-ad30-738f3274ca5e,"Xmas BIG EXTRA Late rego and rebuys until 9pm",FIXED,totalDuration;gameEndDateTime;gameActualStartDateTime,false,31770,2023-12-19T15:49:38.000Z,2023-12-19T07:00:08.000Z,
0e99f988-bc65-4495-946d-f8d5115f21ba,"VIP PLAY PASS TURBO 1 X $450 HR SEAT & 1 x $250 main FOR EVERY $700 IN THE POOL",FIXED,totalDuration;gameEndDateTime;gameActualStartDateTime,false,10738,2023-02-27T12:52:46.000Z,2023-02-27T09:53:48.000Z,
430bb27e-4217-4840-afae-dfbe7f80eaed,"Colossus Series Event 17 : Big Stack SC",FIXED,gameActualStartDateTime,false,39551,2025-06-15T12:59:13.000Z,2025-06-15T02:00:02.000Z,
2e268b83-88bf-4c1d-a0e8-bae097501d04,"1100HR - HIGH ROLLERS $46,410 CASH + $1440 POTS + $150GOC",FIXED,totalDuration;gameEndDateTime;gameActualStartDateTime,true,64541,2023-02-26T00:13:11.000Z,2023-02-25T06:17:30.000Z,
78937a1d-d1b5-4c5b-974e-0b7a118d46a6,"$5,000 Gtd Monday Bankroll Builder Monday Weekly $120 re-entry until 9:40pm",FIXED,gameActualStartDateTime,false,1435,2025-04-14T08:12:57.000Z,2025-04-14T07:49:02.000Z,
9cc88abf-412f-4632-aea0-31b2c1b052ee,"Wenty Leagues 10k Gtd",FIXED,gameActualStartDateTime,false,23061,2024-05-01T15:01:17.000Z,2024-05-01T08:36:56.000Z,
9c71d993-0631-418a-bc58-9c5370ce21f8,"SUNDAY RE-LOAD $3500 GTD $3,500 Guaranteed Inc $150 GOC + 2% POS $3.285",FIXED,totalDuration;gameEndDateTime;gameActualStartDateTime,false,22567,2024-06-23T11:19:32.000Z,2024-06-23T05:03:25.000Z,
30a1f113-b591-4c9f-957e-20e14120d740,"Kings Cup Event 4: MINI MAIN Day 2 NLH/PLO rotation at 5pm TONIGHT",FIXED,totalDuration;gameEndDateTime;gameActualStartDateTime,true,28120,2024-12-08T07:51:06.000Z,2024-12-08T00:02:26.000Z,
55d409b9-008b-4009-85d0-eca93d7dd34f,"Churchill's SHOTCLOCK SUNDAY Poker @ Churchills Sports Bar 5 times a week!",FIXED,totalDuration;gameEndDateTime;gameActualStartDateTime,false,25115,2025-01-12T13:58:56.000Z,2025-01-12T07:00:21.000Z,
e4d7ca63-5f0b-4531-a87c-7b8d2ed172c7,"Signature Series Event 12A : Main Event Flight A",FIXED,gameActualStartDateTime,true,29279,2025-03-05T14:15:30.000Z,2025-03-05T06:07:31.000Z,
5294bc86-d420-4721-be46-d9584e0aad77,"KC @ Churchills Event 4: MINI MAIN Day 2",FIXED,totalDuration;gameEndDateTime;gameActualStartDateTime,true,39914,2025-05-04T11:31:00.000Z,2025-05-04T00:25:46.000Z,
9081da55-4d49-49d7-91d1-d95eb7fdf87e,"Kings Cup Event 8: MAIN EVENT Flight 1C 2 x Re-entry",FIXED,totalDuration;gameEndDateTime;gameActualStartDateTime,true,29701,2024-09-13T15:15:02.000Z,2024-09-13T07:00:01.000Z,
16316f0e-a84c-43dd-9c31-8b1a1d2939c4,"$5,000 GTD Thursday Grind Thursday Weekly $120 rebuy until 9:40pm",FIXED,gameActualStartDateTime,false,22726,2025-01-16T13:51:42.000Z,2025-01-16T07:32:56.000Z,
934b8f7d-3624-4eed-879d-dff75b09344d,"CRAZY PINEAPPLE ROTATION",FIXED,totalDuration;gameEndDateTime;gameActualStartDateTime,false,18110,2025-11-13T10:48:04.000Z,2025-11-13T05:46:14.000Z,
1ad0dde0-25d8-4d4e-b3da-59aa15276683,"Colossus Series Event 11 : PLO4/5",FIXED,gameActualStartDateTime,false,21952,2025-06-12T14:37:23.000Z,2025-06-12T08:31:31.000Z,
59ee2457-bacc-42b0-8093-35fbec55115d,"Dragon Lunar Opener Day 2",FIXED,gameActualStartDateTime,true,38085,2024-02-18T10:12:48.000Z,2024-02-17T23:38:03.000Z,
159c640e-62f3-4137-a342-9845708bfe1e,"Sydney Millions Event 9: Main Event Flight 1E",FIXED,gameActualStartDateTime,true,29400,2025-11-01T09:11:18.000Z,2025-11-01T01:01:18.000Z,
7ac029f4-bf00-4c16-af60-b0dfa53729ef,"Signature Series HR satty",FIXED,gameActualStartDateTime,false,12599,2024-02-16T13:42:14.000Z,2024-02-16T10:12:15.000Z,
b513853b-d248-48d1-9b37-c1a411e6c827,"(Bella Vista Hotel) APT Series Mega Satty ME + Hachem deepstack (5 packages GTD)",FIXED,gameActualStartDateTime,false,22006,2025-07-10T14:38:13.000Z,2025-07-10T08:31:27.000Z,
1decd308-ffea-4aff-9fc9-5c9f592e0227,"Tuesday Highroller Poker @ Churchills Sports Bar 5 times a week!",FIXED,totalDuration;gameEndDateTime;gameActualStartDateTime,false,32393,2025-08-05T17:01:21.000Z,2025-08-05T08:01:28.000Z,
273d3072-fced-4b07-91b6-e491da8cbf69,"BOXING DAY$10k GTD",FIXED,totalDuration;gameEndDateTime;gameActualStartDateTime,false,33029,2024-12-26T16:11:07.000Z,2024-12-26T07:00:38.000Z,
022b307e-2c38-4248-ad13-226ab18117c5,"THE BIG GUN - Dealer dealt $9000 Prizepool last time held",FIXED,totalDuration;gameEndDateTime;gameActualStartDateTime,false,18873,2023-09-24T09:10:35.000Z,2023-09-24T03:56:02.000Z,
d525c0c6-acf6-4d67-b513-36e3a2255526,"Kings Cup Event 4: MINI MAIN Flight 1A $75,000 GTD Unlimited Re-Entry",FIXED,totalDuration;gameEndDateTime;gameActualStartDateTime,true,27303,2024-12-04T13:40:03.000Z,2024-12-04T06:05:00.000Z,
2b9914d5-2593-4a83-8294-80b24f9bded5,"PLO/NLH Rotation",FIXED,gameActualStartDateTime,false,19957,2024-03-29T11:54:35.000Z,2024-03-29T06:21:58.000Z,
c4c94605-c881-4794-a5e4-4ca788ff3694,"Sydney Millions Colossus Satellite Monday. 6 Gtd 6 Colossus Seats Guaranteed Every Monday",FIXED,gameActualStartDateTime,false,18720,2024-08-19T14:04:33.000Z,2024-08-19T08:52:33.000Z,
b22423fb-bde4-4a40-881d-2dd50876c495,"BLOCKBUSTER SHOT CLOCK FLT B $25,000 Guaranteed - Dealer dealt",FIXED,totalDuration;gameEndDateTime;gameActualStartDateTime,false,15900,2025-07-11T13:25:50.000Z,2025-07-11T09:00:50.000Z,
29bbbca9-a4af-4e55-8470-432f3a938f65,"Tuesday Highroller Poker @ Churchills Sports Bar 5 times a week!",FIXED,totalDuration;gameEndDateTime;gameActualStartDateTime,false,29369,2024-08-20T16:09:51.000Z,2024-08-20T08:00:22.000Z,
6bf3a580-2b99-443b-9cba-6f188904c195,"BIG FRIDAY $20k GTD $20,000 GTD. re-entry until end of level 9",FIXED,gameActualStartDateTime,false,30481,2025-04-11T15:37:25.000Z,2025-04-11T07:09:24.000Z,
704caf38-1cdb-475e-bd60-43058b3c930b,"Kings Room Friday special $20,000 GTD. re-entry until end of level 9",FIXED,gameActualStartDateTime,false,37011,2025-06-27T17:20:06.000Z,2025-06-27T07:03:15.000Z,
72f4a47c-9ac8-4a9d-ad1b-a141aeddc006,"Signature Series Event 9 : Closing Event",FIXED,gameActualStartDateTime,false,21657,2024-08-12T14:31:19.000Z,2024-08-12T08:30:22.000Z,
b8da33fc-635c-46ba-88a1-8648a92bcddf,"Wednesday night CASH GAME St George Leagues",FIXED,gameActualStartDateTime,false,2,2025-08-20T16:24:56.000Z,2025-08-20T16:24:54.000Z,
a612473d-09b9-4206-89e6-579f406626ec,"KINGDOM CUP DAY 2 - $20,700 PP Restricted",FIXED,totalDuration;gameEndDateTime;gameActualStartDateTime,false,20866,2023-05-13T08:48:20.000Z,2023-05-13T03:00:34.000Z,
4a0902c3-8fd3-4450-af99-6cac24095894,"KC @ Churchills Event 6: Pokershop DEEPSTACK",FIXED,totalDuration;gameEndDateTime;gameActualStartDateTime,false,38910,2025-12-07T15:52:44.000Z,2025-12-07T05:04:14.000Z,
81ed1e8e-0c9e-4211-9238-7cb04f88c683,"TAG TEAM Partner up to take this Event downnnn",FIXED,totalDuration;gameEndDateTime;gameActualStartDateTime,false,13747,2023-02-25T11:59:34.000Z,2023-02-25T08:10:27.000Z,
6edacb70-b500-4af7-8801-e96d7ba1b224,"Signature Series: Nations Cup",FIXED,gameActualStartDateTime,false,29334,2025-02-26T15:12:45.000Z,2025-02-26T07:03:51.000Z,
664f7e15-74f6-4dec-ba16-309a2f743802,"10 x Collosus seat Plus Mini Main GTD satty",FIXED,gameActualStartDateTime,false,20936,2025-10-13T13:22:07.000Z,2025-10-13T07:33:11.000Z,
7a5f5f3b-9a0c-4cc0-955e-21c61bb33e27,"Friday $10k GTD St.George Leagues Club $10,000 GTD. re-entry",FIXED,gameActualStartDateTime,false,30844,2025-08-01T17:06:28.000Z,2025-08-01T08:32:24.000Z,
518781aa-f900-4570-ad5a-7d48257fe740,"Colossus Series Event 9: Main Event Flight 1C",FIXED,gameActualStartDateTime,true,29700,2024-06-15T10:16:30.000Z,2024-06-15T02:01:30.000Z,
172ddfc8-14ed-45cc-a815-daa8c13fbea1,"Monster Stack Shot Clock $30,000 Gtd",FIXED,gameActualStartDateTime,false,37346,2024-08-11T13:23:01.000Z,2024-08-11T03:00:35.000Z,
eeeff243-df21-48fe-9c13-00398618f4b3,"Sydney Millions Event 6: 6-Max NLH Champs SC",FIXED,gameActualStartDateTime,false,,,2023-10-30T23:46:21.000Z,
5fa7f257-77c0-4938-a1cc-2e1ed1362605,"Sydney Millions Thursday Satty 2 seats guaranteed 1 in 10 wins",FIXED,gameActualStartDateTime,false,,,2023-11-02T07:31:11.000Z,
21312f60-4a25-4d10-8f82-cc66e50cefd1,"Signature Series Event 4: Accumulator SC Flight 1A",FIXED,gameActualStartDateTime,true,25501,2024-02-19T14:11:13.000Z,2024-02-19T07:06:12.000Z,
1247692e-7762-47fb-90b1-e265c7f78e0b,"KR Champs Flight 1C Day 2 Sunday 14th at 12pm",FIXED,gameActualStartDateTime,true,25501,2024-04-13T09:06:39.000Z,2024-04-13T02:01:38.000Z,
6ecec02a-a0ac-4964-b9c1-5343735e2437,"St George Leagues Friday $5k Gtd",FIXED,gameActualStartDateTime,false,25239,2025-12-05T14:46:05.000Z,2025-12-05T07:45:26.000Z,
64e38b8d-0a11-493a-afc1-df6f429651c5,"KC @ Churchills Event 4: MINI MAIN Flight 1D $100,000 GTD 2 Re-Entry",FIXED,totalDuration;gameEndDateTime;gameActualStartDateTime,true,28534,2025-05-03T13:56:06.000Z,2025-05-03T06:00:32.000Z,
96673c4a-9956-4b60-b24a-5731dce9ef88,"$450 HIGH ROLLERS $63,990 RECORD PP",FIXED,totalDuration;gameEndDateTime;gameActualStartDateTime,true,52785,2024-11-09T21:43:31.000Z,2024-11-09T07:03:46.000Z,
8d746c75-755e-4a61-a968-04b83b1c8fa9,"$500 HIGH ROLLERS $72,600 RECORD PP",FIXED,totalDuration;gameEndDateTime;gameActualStartDateTime,true,56393,2025-07-12T23:43:26.000Z,2025-07-12T08:03:33.000Z,
71878a3d-cc77-459f-abb8-dbfec46b8194,"Monday St. George Leagues Club $2,000 GTD $2000 GTD",FIXED,gameActualStartDateTime,false,,,2023-04-17T08:30:57.000Z,
f105e07d-bd29-4953-9e33-f9b75e446887,"Colossus Series Thursday Mega Satty (1kHr + Main) 3 Mega Packages Guaranteed",FIXED,gameActualStartDateTime,false,17984,2025-05-08T13:48:26.000Z,2025-05-08T08:48:42.000Z,
54dab986-a142-4eef-a3ae-2e00c87f58bc,"Colossus Series Event 7: BIG FREEZE",FIXED,gameActualStartDateTime,false,28337,2024-06-11T15:27:51.000Z,2024-06-11T07:35:34.000Z,
22b8d1c9-46b7-408b-8316-05f9744cde3a,"Sydney Millions Colossus Satellite Monday. 6 Gtd 6 Colossus Seats Guaranteed Every Monday",FIXED,gameActualStartDateTime,false,20416,2024-09-16T14:15:33.000Z,2024-09-16T08:35:17.000Z,
7de1af40-40cc-419b-80ac-82334467d18a,"Kings Room Championship Sunday 21st at 12pm",NO_S3_KEY,,false,,,,
2a63e2c4-9211-4b20-845a-9734d718e539,"Sydney Millions Event 15: 6-Max HR SC",FIXED,gameActualStartDateTime,false,40592,2023-11-19T13:20:55.000Z,2023-11-19T02:04:23.000Z,
0fa76bb1-7d4c-49fe-9e8d-e10d985b335e,"$2,500 GTD Monday Bankroll Builder Monday Weekly $120 rebuy until 9:40pm",FIXED,gameActualStartDateTime,false,22234,2024-03-04T14:01:54.000Z,2024-03-04T07:51:20.000Z,
7f5d279d-efe4-4df1-adac-c13e24df5712,"Sydney Millions Event 21: Players party TEAMS EVENT",FIXED,gameActualStartDateTime,false,22296,2023-11-24T13:43:36.000Z,2023-11-24T07:32:00.000Z,
934a443e-725a-4192-a740-e6c61d41bb1a,"MAIN EVENT FLIGHT E - $50,000 GTD $50,000 Guaranteed - $119,700 RECORD PP",FIXED,totalDuration;gameEndDateTime;gameActualStartDateTime,true,24001,2024-11-16T10:40:35.000Z,2024-11-16T04:00:34.000Z,
b0beb630-f9a7-4b58-9a57-b68cf17757a1,"KING PLAYING CARDS SHOTCLOCK DEALER DEALT",FIXED,totalDuration;gameEndDateTime;gameActualStartDateTime,false,21434,2024-06-21T10:01:17.000Z,2024-06-21T04:04:03.000Z,
4356bf48-6670-4081-972e-b65034535501,"Signature Series 2025 Event 12: MAIN EVENT",NO_S3_KEY,,false,,,,
c690ce50-4975-4bac-97af-b77a1cc3395a,"Thursdays Grind St.George Leagues Thursday Weekly $120 rebuy until 9:40pm",FIXED,gameActualStartDateTime,false,20144,2025-11-06T13:12:11.000Z,2025-11-06T07:36:27.000Z,
3cffb73d-df6f-4fd0-b814-4181cab916d2,"BIG O Dealer Dealt",FIXED,totalDuration;gameEndDateTime;gameActualStartDateTime,true,27162,2025-07-14T10:32:43.000Z,2025-07-14T03:00:01.000Z,
9c8b479d-6569-48ab-a29c-9ae9058ae4e2,"Wenty's Wednesdays $10k GTD",FIXED,gameActualStartDateTime,false,27426,2025-07-16T16:08:24.000Z,2025-07-16T08:31:18.000Z,
3a02fa72-539c-42d6-ab10-8af479be3a75,"Kings Cup Event 8: MAIN EVENT Flight 1C 2 x Re-entry",FIXED,totalDuration;gameEndDateTime;gameActualStartDateTime,true,29706,2024-07-05T15:15:54.000Z,2024-07-05T07:00:48.000Z,
d24a38b6-63aa-4efc-a7e5-a9ca50b06760,"Kings Room Signature series: ME SATTY. 1 seat per 10 entries",FIXED,gameActualStartDateTime,false,,,2023-08-08T08:36:30.000Z,
920992d1-f3b4-4e81-81e2-47c1a41a85e5,"KC @ Churchills Event 3: MINI MAIN Flight 1B $125,000 GTD 2 Re-Entry",FIXED,totalDuration;gameEndDateTime;gameActualStartDateTime,true,66567,2025-12-04T00:29:32.000Z,2025-12-03T06:00:05.000Z,
4f6e64e3-ead6-496f-a925-c343dc8270e9,"Sydney Millions Event 18: SUPER HIGHROLLER",FIXED,gameActualStartDateTime,true,31800,2023-11-22T15:02:14.000Z,2023-11-22T06:12:14.000Z,
2cf0011a-8512-4361-a466-7dad4f69e116,"Colossus Series Event 1: Opening Flight 1D",FIXED,gameActualStartDateTime,true,28500,2024-06-08T14:55:49.000Z,2024-06-08T07:00:49.000Z,
9218972f-b942-4573-9d66-77ad638941ce,"MAIN EVENT Flight D - $50,000 GTD $50,000 Guaranteed - $119,700 RECORD PP",FIXED,totalDuration;gameEndDateTime;gameActualStartDateTime,true,23705,2024-03-15T13:06:18.000Z,2024-03-15T06:31:13.000Z,
f0340fc9-843d-4cf4-ad9e-a5e6123b7f1c,"KC @ Churchills Event 4: MINI MAIN Flight 1A $100,000 GTD 2 Re-Entry",FIXED,totalDuration;gameEndDateTime;gameActualStartDateTime,true,27901,2025-04-30T14:45:03.000Z,2025-04-30T07:00:02.000Z,
ab1d9ac5-b6e1-44e0-93bc-5afcd51dbf90,"Signature Series: Bust out Lounge",FIXED,gameActualStartDateTime,false,22209,2025-02-26T14:40:32.000Z,2025-02-26T08:30:23.000Z,
15795b78-800b-406f-8a73-6b47cb22c974,"Kings Cup Event 5: Triple Barrel Double re entry until end of level 10",FIXED,totalDuration;gameEndDateTime;gameActualStartDateTime,false,31708,2025-02-15T15:06:59.000Z,2025-02-15T06:18:31.000Z,
1de6a1ab-c6d1-41ff-ae18-60520fcb0737,"September Big Extra Late rego and rebuys until 9:20pm",FIXED,totalDuration;gameEndDateTime;gameActualStartDateTime,false,32866,2025-09-16T17:09:11.000Z,2025-09-16T08:01:25.000Z,
8f6bdd4f-fcc7-4609-b9c5-01a5868ebca2,"Dragon Lunar High Roller Shot Clock Satty Thursday Dragon Lunar High Roller Shot Clock Satty $210 rebuy until 9:40pm",FIXED,gameActualStartDateTime,false,22474,2024-02-08T13:52:24.000Z,2024-02-08T07:37:50.000Z,
a8ccc4f3-043b-48eb-a7b6-5336b6f9ad63,"OPENING EVENT FLT D  $15,000 $15,000 Guaranteed - bag at end of level 13 or at 12.5%",FIXED,totalDuration;gameEndDateTime;gameActualStartDateTime,true,17221,2024-11-08T12:50:49.000Z,2024-11-08T08:03:48.000Z,
888e232d-2f96-4d2c-8b90-c32a9508248c,"OCTOBER BIG EXTRA Late rego and rebuys until 9pm",FIXED,totalDuration;gameEndDateTime;gameActualStartDateTime,false,29669,2024-10-01T16:14:30.000Z,2024-10-01T08:00:01.000Z,
bd4c8329-c187-4719-aae4-d09ec6edbf15,"$2,000 GTD Monday's at Kings Room Monday Weekly $100 rebuy until 10:10pm",FIXED,gameActualStartDateTime,false,,,2023-08-14T09:32:39.000Z,
d91b0fee-6b3e-407b-a4c9-758f7bc3eec4,"KING PLAYING CARDS SHOTCLOCK DEALER DEALT",FIXED,totalDuration;gameEndDateTime;gameActualStartDateTime,false,21613,2025-03-28T08:02:58.000Z,2025-03-28T02:02:45.000Z,
cca873bf-0a00-4c47-b5b0-3ec2d2a665d4,"Sydney Millions 2023 Event 5: MAIN EVENT",NO_S3_KEY,,false,,,,
8b0e746b-6b0e-424a-a3db-e1acaff4d013,"$2,000 GTD Monday's at Kings Room Monday Weekly $100 rebuy until 9:10pm",FIXED,gameActualStartDateTime,false,,,2023-07-10T08:54:49.000Z,
690a53be-6c03-4a70-b000-53289e40090e,"1KHR FREEROLL SATY 2 X 1KHR SEATS GUARANTEED",FIXED,totalDuration;gameEndDateTime;gameActualStartDateTime,false,17282,2024-06-28T05:49:40.000Z,2024-06-28T01:01:38.000Z,
95aa6f8c-766b-4498-aaee-f8a3219462ec,"Sydney Millions Event 8A : MAIN EVENT Flight A $500,000 Guaranteed",FIXED,gameActualStartDateTime,true,29701,2024-11-05T14:25:21.000Z,2024-11-05T06:10:20.000Z,
4f0a37ce-78fc-4902-9647-67c69ca24bb4,"Wednesday night CASH GAME",FIXED,gameActualStartDateTime,false,5,2025-05-21T14:22:17.000Z,2025-05-21T14:22:12.000Z,
c3c47af1-efeb-4198-9951-c9df93d5d653,"Kings Cup Event 4: MINI MAIN Flight 1B $50,000 GTD 2 x Re-entry",FIXED,totalDuration;gameEndDateTime;gameActualStartDateTime,true,26106,2024-06-27T15:15:07.000Z,2024-06-27T08:00:01.000Z,
32e26443-fa9a-497d-b502-c9fe22e697d5,"MAIN EVENT SATTY 1 x Main Event $350 seats guaranteed",FIXED,totalDuration;gameEndDateTime;gameActualStartDateTime,false,7993,2025-03-24T13:17:38.000Z,2025-03-24T11:04:25.000Z,
04151521-8ffb-40b2-a419-1c745af45d82,"Wenty's Wednesdays $6k GTD",FIXED,gameActualStartDateTime,false,21219,2024-10-30T13:42:09.000Z,2024-10-30T07:48:30.000Z,
85c5cda5-e5d9-44c4-a035-0f8cd61ca6e9,"Tuesday Highroller Poker @ Churchills Sports Bar 5 times a week!",FIXED,totalDuration;gameEndDateTime;gameActualStartDateTime,false,27355,2026-01-27T14:36:03.000Z,2026-01-27T07:00:08.000Z,
b3f301eb-5cd5-4bbd-a902-b34d30c8594f,"SHORT DECK",FIXED,totalDuration;gameEndDateTime;gameActualStartDateTime,false,15341,2025-07-17T10:30:06.000Z,2025-07-17T06:14:25.000Z,
603d799a-395c-4f47-80f7-10703dadce9e,"Bella Vista Hotel Tuesdays",FIXED,gameActualStartDateTime,false,20273,2025-06-03T14:13:43.000Z,2025-06-03T08:35:50.000Z,
5467e7d0-48a4-4eb9-808b-5dfe0d90d1f1,"NEWCASTLE'S MYSTERY BOUNTY Bounties kick in Day 2",FIXED,totalDuration;gameEndDateTime;gameActualStartDateTime,true,24230,2023-07-13T15:44:02.000Z,2023-07-13T09:00:12.000Z,
0b9dd627-4af4-4b9d-abd6-4417d3939859,"Sydney Millions Friday Mega Satty (1kHr + Main) 2 Mega Packages Guaranteed. 1 in 10",FIXED,gameActualStartDateTime,false,22358,2024-10-11T13:53:02.000Z,2024-10-11T07:40:24.000Z,
438e709f-b80b-4355-a5a2-59db5575fd9b,"SUPER FREEZE $5000 GTD - 75K start stack",FIXED,totalDuration;gameEndDateTime;gameActualStartDateTime,false,19989,2025-11-16T10:34:16.000Z,2025-11-16T05:01:07.000Z,
609198a2-9360-426c-9c86-0d4f116d98e4,"$100 pop up Thursday Weekly $120 rebuy until 9:40pm",FIXED,gameActualStartDateTime,false,5791,2025-06-30T14:21:36.000Z,2025-06-30T12:45:05.000Z,
998af6bb-21d6-4852-bd47-b5160d40ac1a,"Sydney Millions ME satty 5 seats GTD 5 SEATS GTD",FIXED,gameActualStartDateTime,false,16310,2024-11-09T05:04:50.000Z,2024-11-09T00:33:00.000Z,
148d02a1-56e4-4948-915d-87a84eaad190,"PLO 4/5/BOMB Dealer dealt",FIXED,totalDuration;gameEndDateTime;gameActualStartDateTime,false,20359,2025-07-20T12:13:40.000Z,2025-07-20T06:34:21.000Z,
2498860b-e746-4391-842d-78851001f76f,"DOUBLE BARREL SHOT CLOCK Fully dealer dealt",FIXED,totalDuration;gameEndDateTime;gameActualStartDateTime,false,20411,2024-06-26T12:41:36.000Z,2024-06-26T07:01:25.000Z,
be5a6797-493d-4629-8d2b-a7a27548c72c,"Dragon Lunar Opener Flight 1A Day 2 Sunday 18th at 12pm",FIXED,gameActualStartDateTime,true,29098,2024-02-14T14:08:33.000Z,2024-02-14T06:03:35.000Z,
3bbd2f3c-d451-4f06-a5da-8fe031e8b309,"1K HR SATTY 1 x 1KHR $1150 seat guaranteed",FIXED,totalDuration;gameEndDateTime;gameActualStartDateTime,false,7496,2025-07-18T08:08:20.000Z,2025-07-18T06:03:24.000Z,
cbf188b9-c2c8-4880-a33f-412424de24b8,"KC @ Churchills Event 8: MAIN EVENT Flight 1B",FIXED,totalDuration;gameEndDateTime;gameActualStartDateTime,true,29580,2025-09-10T15:13:46.000Z,2025-09-10T07:00:46.000Z,
2047e381-6c12-4d5d-856f-2eb614327cab,"Wenty Leagues 10k est",FIXED,gameActualStartDateTime,false,22306,2024-03-13T13:47:24.000Z,2024-03-13T07:35:38.000Z,
ee28bf2a-29bd-4653-95b7-1144f9ca1d45,"Kings Cup Event 9: The Hustler 2x re entry",FIXED,totalDuration;gameEndDateTime;gameActualStartDateTime,false,31761,2024-07-06T17:11:27.000Z,2024-07-06T08:22:06.000Z,
4452b018-649e-4da4-93c1-80bd211bafa1,"Sydney Millions Event 1 : Colossus Flight 1B $100k Guaranteed",FIXED,gameActualStartDateTime,true,28500,2024-11-01T14:25:31.000Z,2024-11-01T06:30:31.000Z,
df56cf31-8cbb-464c-b112-562ae452959d,"Churchills $10k GTD",FIXED,totalDuration;gameEndDateTime;gameActualStartDateTime,true,29545,2023-10-21T15:12:26.000Z,2023-10-21T07:00:01.000Z,
eaa33956-6b8e-43fd-afde-c42e2a8e7307,"Sydney Millions Event 17 : NLH Turbo 15 Minute Blinds",FIXED,gameActualStartDateTime,false,12370,2024-11-09T12:39:53.000Z,2024-11-09T09:13:43.000Z,
4c57db02-801d-4320-a621-70308d9388c1,"450 HYPER SATY 1 X $450 HR seat for every $450 in the pool",FIXED,totalDuration;gameEndDateTime;gameActualStartDateTime,false,4220,2023-11-09T12:18:45.000Z,2023-11-09T11:08:25.000Z,
90159db4-5d79-4116-8a05-2f59995f0f64,"Sydney Millions ME satellite Thursday. 3 Gtd. 3 Main Event Tickets GTD, 1 ticket for every 10 entries.",FIXED,gameActualStartDateTime,false,20482,2024-10-03T14:18:53.000Z,2024-10-03T08:37:31.000Z,
8c427851-ed5b-498e-b81f-721ce09c5fda,"Churchill's SHOTCLOCK SUNDAY Poker @ Churchills Sports Bar 5 times a week!",FIXED,totalDuration;gameEndDateTime;gameActualStartDateTime,false,17135,2024-06-02T12:54:40.000Z,2024-06-02T08:09:05.000Z,
2ea626e1-3f11-4fb0-bc41-de31a74d1eb5,"Kings Cup Event 6: One SHOT",FIXED,totalDuration;gameEndDateTime;gameActualStartDateTime,false,28225,2024-09-09T15:52:26.000Z,2024-09-09T08:02:01.000Z,
579fa05c-e649-4955-a826-523c0c61c6e2,"Signature Series Event 13: PLO HR",FIXED,gameActualStartDateTime,false,33098,2024-02-25T12:14:26.000Z,2024-02-25T03:02:48.000Z,
b2a170d6-08ee-41b7-851e-933332ed2277,"BLOCKBUSTER SHOT CLOCK $25,000 Guaranteed",NO_S3_KEY,,false,,,,
5a2bd0b9-dfe6-4c59-9def-439b638d2fbd,"Wenty's Wednesdays $6k GTD",FIXED,gameActualStartDateTime,false,18536,2025-01-15T13:34:42.000Z,2025-01-15T08:25:46.000Z,
8bdbe130-ec2a-4b01-b52a-c1978bf1a6f2,"Sydney Millions 2024 Event 8: MAIN EVENT",NO_S3_KEY,,false,,,,
191047bd-f56b-49ec-a0d3-9861e2d4f23c,"KINGS CUP $6,000 Guaranteed",FIXED,totalDuration;gameEndDateTime;gameActualStartDateTime,false,26268,2025-03-22T07:51:27.000Z,2025-03-22T00:33:39.000Z,
09c5167e-1d70-47ba-80f5-522ca2a6c194,"Tuesday HighRoller Poker @ Churchills Sports Bar 5 times a week!",FIXED,totalDuration;gameEndDateTime;gameActualStartDateTime,false,23099,2023-12-12T13:25:34.000Z,2023-12-12T07:00:35.000Z,
a80b263e-c467-4870-ba70-9da230cb2970,"Colossus Milestone satty - 10 seats GTD",FIXED,gameActualStartDateTime,false,14657,2025-10-21T10:35:40.000Z,2025-10-21T06:31:23.000Z,
4839390a-4cb8-42f9-83fc-6ef1cd30a790,"Thursday St. George Leagues Club $5000 GTD",FIXED,gameActualStartDateTime,false,,,2023-03-16T07:30:02.000Z,
96e65df5-6553-4516-8054-b851adb7daa1,"Tuesday Highroller Poker @ Churchills Sports Bar 5 times a week!",FIXED,totalDuration;gameEndDateTime;gameActualStartDateTime,false,27466,2025-05-20T15:41:27.000Z,2025-05-20T08:03:41.000Z,
e9df306a-1f7c-40dc-918e-6dea45efc42b,"Wenty's Wednesdays $6k GTD",FIXED,gameActualStartDateTime,false,20660,2024-10-23T13:26:05.000Z,2024-10-23T07:41:45.000Z,
a360661a-fd05-4a72-838c-afbe93327486,"Friday $25k GTD St.George Leagues Club $25,000 GTD. re-entry",FIXED,gameActualStartDateTime,false,33676,2025-08-15T17:52:28.000Z,2025-08-15T08:31:12.000Z,
ae1fb3e0-8303-40b8-84fd-374a40ee94a3,"Churchill's SHOTCLOCK SUNDAY Poker @ Churchills Sports Bar 5 times a week!",FIXED,totalDuration;gameEndDateTime;gameActualStartDateTime,false,23907,2025-06-22T14:44:40.000Z,2025-06-22T08:06:13.000Z,
dff8acac-b19b-4766-9779-5a663491e5f6,"Churchill's SHOTCLOCK SUNDAY Poker @ Churchills Sports Bar 5 times a week!",FIXED,totalDuration;gameEndDateTime;gameActualStartDateTime,false,18938,2024-05-19T13:23:11.000Z,2024-05-19T08:07:33.000Z,
0eebb272-4b56-4dbb-a584-f7b9f2884f72,"SM ME + Players Satty - 4 Packages GTD",FIXED,gameActualStartDateTime,false,23253,2025-10-09T14:03:25.000Z,2025-10-09T07:35:52.000Z,
059b46f0-d003-4d41-9df5-5c2632dd3d75,"Sydney Millions Event 7: Colossus Flight 1B",FIXED,gameActualStartDateTime,true,23100,2023-11-13T12:27:43.000Z,2023-11-13T06:02:43.000Z,
ab46a336-0be1-4aed-b9c3-83d68958b6e5,"1KHR FREEROLL SATY 2 X 1KHR SEATS GUARANTEED",FIXED,totalDuration;gameEndDateTime;gameActualStartDateTime,false,13851,2025-07-18T04:51:08.000Z,2025-07-18T01:00:17.000Z,
2bd8f11f-70a4-4516-b3b6-15b6e20c28db,"Kings Room Championship Flight 1A Day 2 Sunday 17th at 12pm",FIXED,gameActualStartDateTime,false,,,2023-09-14T08:00:31.000Z,
a6555578-4b95-4d7a-8ac6-cdbf401d60e7,"Kings Room Signature series Event 13: Kings Survivor Bounty Shotclock TOP 17 BOUNTIES",FIXED,gameActualStartDateTime,false,,,2023-08-13T04:02:57.000Z,
ee1bab1e-3413-407b-bf44-ece47f2d47a8,"Kings Cup event 6: One SHOT",FIXED,totalDuration;gameEndDateTime;gameActualStartDateTime,false,34905,2024-07-01T17:41:47.000Z,2024-07-01T08:00:02.000Z,
291585e2-42a9-456e-90fe-0b0ab971e271,"KINGS CUP $10,000 GTD $10,000 Guaranteed",FIXED,totalDuration;gameEndDateTime;gameActualStartDateTime,false,27922,2024-11-09T08:16:08.000Z,2024-11-09T00:30:46.000Z,
c5403dda-b157-46b9-846d-e3e8b79a508a,"1k Highroller Mega Satty 5 Gtd 5 Seats Guaranteed",FIXED,gameActualStartDateTime,true,14880,2024-08-04T06:12:56.000Z,2024-08-04T02:04:56.000Z,
694b400d-9212-42d5-b744-bd8a7ee7c9b3,"1KHR FREEROLL SATY 2 X 1KHR SEATS GUARANTEED",FIXED,totalDuration;gameEndDateTime;gameActualStartDateTime,false,15270,2024-11-15T04:02:44.000Z,2024-11-14T23:48:14.000Z,
afd4a9a1-b059-4d39-92dd-ee9293f914a0,"Churchill's SHOTCLOCK SUNDAY Poker @ Churchills Sports Bar 5 times a week!",FIXED,totalDuration;gameEndDateTime;gameActualStartDateTime,false,21443,2024-03-24T13:03:10.000Z,2024-03-24T07:05:47.000Z,
2a427746-ef8a-410b-b973-0275ed07db53,"$5,000 GTD Thursday Grind Thursday Weekly $120 rebuy until 9:40pm",FIXED,gameActualStartDateTime,false,23748,2025-04-10T15:08:25.000Z,2025-04-10T08:32:37.000Z,
6372e506-71bf-4953-8c8d-90997e3b3368,"Kings Cup Event 2: NLH/PLO Rotation",FIXED,totalDuration;gameEndDateTime;gameActualStartDateTime,false,26736,2024-06-23T14:33:14.000Z,2024-06-23T07:07:38.000Z,
c9f06c04-7186-42a4-99b6-f2c2f78c9df3,"Main Event $750 Satellite 2 seats Guaranteed 2 Seats Guaranteed into Main event 17th May",FIXED,gameActualStartDateTime,false,,,2023-05-08T08:30:21.000Z,
88203d74-663e-4a54-a287-9eb425cc2678,"KINGS 20K REPECHAGE FLT C $20,000 Guaranteed - $42,716 PP LAST TIME HELD",FIXED,totalDuration;gameEndDateTime;gameActualStartDateTime,false,87995,2023-09-24T02:30:20.000Z,2023-09-23T02:03:45.000Z,
4085e6f1-7606-4c39-9793-0c2c41265755,"1KHR Play 9 levels on starts 11am Sunday - Registration ends after 2 levels of play",NO_S3_KEY,,false,,,,
afecd4e1-624d-4c3c-b38f-96912296e63c,"Wednesday night CASH GAME St George Leagues",FIXED,gameActualStartDateTime,false,21926,2025-11-26T13:56:04.000Z,2025-11-26T07:50:38.000Z,
0f3f210a-4caa-4a64-93c7-e73ddda0defb,"Australia Day $20,000 GTD $20,000 GTD. re-entry until end of level 8",FIXED,gameActualStartDateTime,false,38814,2024-01-26T11:47:00.000Z,2024-01-26T01:00:06.000Z,
780edd52-7884-4108-972a-3fd37ae55098,"FREE2PLAY LOYALTY GAME PLAY 3 GAMES IN THE LAST MONTH TO QUALIFY",FIXED,totalDuration;gameEndDateTime;gameActualStartDateTime,false,18796,2023-10-14T11:35:24.000Z,2023-10-14T06:22:08.000Z,
5449cac4-772f-407b-9819-4978d97e8677,"Kings Room Signature Series Event 8: MAIN EVENT Flight 1B",FIXED,gameActualStartDateTime,false,,,2023-05-18T07:06:54.000Z,
28203eab-780b-4241-98ae-bc27b38cb65e,"Churchill's SHOTCLOCK SUNDAY Poker @ Churchills Sports Bar 5 times a week!",FIXED,totalDuration;gameEndDateTime;gameActualStartDateTime,false,21381,2024-12-29T13:00:57.000Z,2024-12-29T07:04:36.000Z,
96d1d291-4eda-4a5e-8145-25d219693fd5,"Kings Room Signature series Event 3: Kings Classic",FIXED,gameActualStartDateTime,false,,,2023-05-12T06:32:18.000Z,
d6cc9f45-17e6-4291-be6d-f9659caff7cf,"Churchill's SHOTCLOCK SUNDAY Poker @ Churchills Sports Bar 5 times a week!",FIXED,totalDuration;gameEndDateTime;gameActualStartDateTime,false,21869,2024-04-14T14:11:01.000Z,2024-04-14T08:06:32.000Z,
22c6fba6-f6bd-4c82-ab6f-db2aceeb696a,"Signature Series Event 8B : 1KHR Flight B 21/66 progressing so far",FIXED,gameActualStartDateTime,true,28680,2025-03-03T13:58:56.000Z,2025-03-03T06:00:56.000Z,
7f532366-c274-4e0a-9284-069d58428645,"MAIN EVENT Flight D Dealer dealt",FIXED,totalDuration;gameEndDateTime;gameActualStartDateTime,true,23299,2023-07-22T08:29:31.000Z,2023-07-22T02:01:12.000Z,
bc2b49db-8f4b-418f-97be-49e7849003f9,"MAIN EVENT FLIGHT D - $50,000 GTD $50,000 Guaranteed - $119,700 RECORD PP",FIXED,totalDuration;gameEndDateTime;gameActualStartDateTime,false,23403,2024-06-29T14:01:09.000Z,2024-06-29T07:31:06.000Z,
d8fea5b4-2f52-49aa-8dcf-43f5c2943372,"1KHR SATTY 1 x HR $1150 seats guaranteed",FIXED,totalDuration;gameEndDateTime;gameActualStartDateTime,false,7825,2025-03-27T12:59:52.000Z,2025-03-27T10:49:27.000Z,
981bde12-c5a0-4f28-a5a9-6eb2b8f3176b,"OPENING EVENT $17,040 PP - POTS - GOC",NO_S3_KEY,,false,,,,
1df5cfcb-6883-4dc2-8ffe-9a3590a7ac0e,"PLO 5 BLACK ACE BOMB POT Dealer dealt",FIXED,totalDuration;gameEndDateTime;gameActualStartDateTime,false,24386,2025-07-15T14:56:59.000Z,2025-07-15T08:10:33.000Z,
6a5bfcc6-5f4d-48d7-a1ce-9409bd531c8c,"KINGDOM PKO Dealer dealt",FIXED,totalDuration;gameEndDateTime;gameActualStartDateTime,false,22492,2025-03-20T12:20:09.000Z,2025-03-20T06:05:17.000Z,
7e914cae-2138-41cb-b1d0-fddafe116197,"Sydney Millions 2024 Event 5: MAIN EVENT",NO_S3_KEY,,false,,,,
f8f66f96-3707-4992-bf9a-7fc8dcc0cbbc,"CRAZY PINEAPPLE ROTATION",FIXED,totalDuration;gameEndDateTime;gameActualStartDateTime,false,21405,2025-07-10T12:47:28.000Z,2025-07-10T06:50:43.000Z,
b8a21687-d8f9-4cbe-a966-b7a784c2d06b,"Bella Vista Hotel Tuesdays",FIXED,gameActualStartDateTime,false,22857,2025-06-24T15:02:29.000Z,2025-06-24T08:41:32.000Z,
adad4420-8b8d-4f2d-ad68-94ad587a3469,"Mondays Bankroll Builder Monday Weekly $120 re-entry until 9:40pm",FIXED,gameActualStartDateTime,false,19708,2025-04-28T14:10:35.000Z,2025-04-28T08:42:07.000Z,
d6e6c7de-4dc8-4af2-8dd3-a31880055d06,"Kings Room Championship Day 2",FIXED,gameActualStartDateTime,true,43179,2024-05-05T02:49:06.000Z,2024-05-04T14:49:27.000Z,
283356be-33d0-4ab8-8d3d-4ca3ebf6fd2c,"MAIN EVENT LAST CHANCE SATTY 7 x Main Event $350 seats guaranteed",FIXED,totalDuration;gameEndDateTime;gameActualStartDateTime,false,9827,2025-03-29T04:46:49.000Z,2025-03-29T02:03:02.000Z,
bec33d6f-d040-4571-9ab6-3df5f3f85907,"1KHR FREEROLL SATY 2 X 1KHR SEATS GUARANTEED",FIXED,totalDuration;gameEndDateTime;gameActualStartDateTime,false,16586,2025-03-28T04:36:29.000Z,2025-03-28T00:00:03.000Z,
1137cee8-340e-4f54-862d-424bd181d9e3,"SUPER STACK FREEZE  $4000 GTD 100K ss Freezeout - $4000 Guaranteed",FIXED,totalDuration;gameEndDateTime;gameActualStartDateTime,true,21270,2024-11-08T11:07:07.000Z,2024-11-08T05:12:37.000Z,
c2f311f9-3c50-4051-9e39-92d413600961,"Tuesday XTRA HighRoller Poker @ Churchills Sports Bar 5 times a week!",FIXED,totalDuration;gameEndDateTime;gameActualStartDateTime,false,27195,2023-09-05T15:33:37.000Z,2023-09-05T08:00:22.000Z,
1f7921c9-9a05-4e78-98be-65ff979c27b6,"Colossus Series Event 9D - Main Event Flight 1D",FIXED,gameActualStartDateTime,true,26401,2025-06-14T09:20:36.000Z,2025-06-14T02:00:35.000Z,
52b370b5-0a4e-4b74-9901-0df0ab754882,"Signature Series Event 8D3 : 1KHR Day 3",FIXED,gameActualStartDateTime,true,58590,2025-03-04T07:27:51.000Z,2025-03-03T15:11:21.000Z,
307bd3c9-276b-4dfa-b5a1-d2b31e58dcd9,"Kings Cup Event 1: One SHOT",FIXED,totalDuration;gameEndDateTime;gameActualStartDateTime,false,26867,2025-02-10T14:28:05.000Z,2025-02-10T07:00:18.000Z,
148ead09-1e7b-4d12-a3f4-77cbf22b9c94,"Churchills $10k GTD",FIXED,totalDuration;gameEndDateTime;gameActualStartDateTime,true,29299,2023-11-04T15:08:47.000Z,2023-11-04T07:00:28.000Z,
bc841cae-f61c-46a8-9e58-e855686d17dc,"Churchills $10k GTD",FIXED,totalDuration;gameEndDateTime;gameActualStartDateTime,false,30548,2025-03-15T15:29:18.000Z,2025-03-15T07:00:10.000Z,
1e97371e-e677-4631-b7d3-991e812547b1,"$5,000 GTD Monday Bankroll Builder Monday Weekly $120 re-entry until 9:40pm",FIXED,gameActualStartDateTime,false,26675,2024-04-08T15:56:00.000Z,2024-04-08T08:31:25.000Z,
5a5b44fa-0729-4058-8afe-68f849ad1cf6,"St George Leagues Monday $10k GTD",FIXED,gameActualStartDateTime,false,28050,2025-11-24T15:18:03.000Z,2025-11-24T07:30:33.000Z,
ccd39773-390e-492b-982e-fc0f68b1f054,"KC @ Churchills Event 8: MAIN EVENT Flight 1C",FIXED,totalDuration;gameEndDateTime;gameActualStartDateTime,true,29401,2025-09-11T15:10:08.000Z,2025-09-11T07:00:07.000Z,
62a512f5-66d2-4cb3-8c60-40ad85727543,"Tuesday HighRoller Poker @ Churchills Sports Bar 5 times a week!",FIXED,totalDuration;gameEndDateTime;gameActualStartDateTime,false,28979,2024-01-30T15:03:24.000Z,2024-01-30T07:00:25.000Z,
60c8175c-5977-4e00-91fc-23764492d25c,"Kings Cup Event 2: Triple Barrel Double re entry until end of level 10",FIXED,totalDuration;gameEndDateTime;gameActualStartDateTime,false,32476,2023-12-02T15:01:27.000Z,2023-12-02T06:00:11.000Z,
d226fb38-2efb-4fe2-aa18-73a2010444ff,"PLO/NLH Rotation",FIXED,gameActualStartDateTime,false,13018,2023-12-27T13:35:20.000Z,2023-12-27T09:58:22.000Z,
a1b840af-da57-4f5e-96bc-a7e9d57b4bfa,"Bella Vista Hotel Tuesdays $6k GTD",FIXED,gameActualStartDateTime,false,23760,2025-09-23T15:21:44.000Z,2025-09-23T08:45:44.000Z,
f303a9f8-bb9b-4a98-9306-2069c25aeb94,"KINGS ULTRA STACK $5000 GTD + $200 GOC PLUS $175 POTS",FIXED,totalDuration;gameEndDateTime;gameActualStartDateTime,false,26094,2025-03-24T13:48:35.000Z,2025-03-24T06:33:41.000Z,
1b0ebe30-010c-40fb-8661-1780f140962a,"(Bella Vista Hotel) APT Series Mega Satty ME + Hachem deepstack (5 packages GTD)",FIXED,gameActualStartDateTime,false,19726,2025-07-03T14:00:11.000Z,2025-07-03T08:31:25.000Z,
302ec141-53b2-46ff-8049-acfbd34dd787,"Sydney Millions ME satty",FIXED,gameActualStartDateTime,false,12792,2024-11-06T13:51:58.000Z,2024-11-06T10:18:46.000Z,
f97a524f-7981-4ceb-a4a4-fd9dd37598c5,"Wednesday night CASH GAME St George Leagues",FIXED,totalDuration;gameEndDateTime;gameActualStartDateTime,false,82030,2026-01-22T06:21:47.000Z,2026-01-21T07:34:37.000Z,
225b8501-dcd8-480e-ac3f-618534be8bfb,"Tuesday HighRoller Poker @ Churchills Sports Bar 5 times a week!",FIXED,totalDuration;gameEndDateTime;gameActualStartDateTime,false,27646,2023-10-24T14:41:09.000Z,2023-10-24T07:00:23.000Z,
d33daac1-ec3a-4181-b594-0620ac3e4b38,"Signature Series Event 6: Super HIGHROLLER",FIXED,gameActualStartDateTime,true,32100,2024-02-20T14:55:43.000Z,2024-02-20T06:00:43.000Z,
d865efb0-93e6-40e0-bb3f-124d44425670,"Monday St. George Leagues Club $2,000 GTD $2000 GTD",FIXED,gameActualStartDateTime,false,,,2023-03-27T07:31:00.000Z,
db5d691c-6b37-4c08-939c-1ccf0b4167be,"Colossus Series Event 5: Kings Classic",FIXED,gameActualStartDateTime,true,41980,2024-06-10T13:39:57.000Z,2024-06-10T02:00:17.000Z,
bbb975b1-cd51-48bd-9cf9-fbdb61f7c6b4,"KC @ Churchills Event 7: MAIN EVENT Flight 1C",FIXED,totalDuration;gameEndDateTime;gameActualStartDateTime,true,30303,2025-05-08T15:26:08.000Z,2025-05-08T07:01:05.000Z,
4f1394ff-b332-4bf7-8a7c-ccef72569d99,"Bella Vista Hotel Tuesdays $6k GTD",FIXED,gameActualStartDateTime,false,25511,2025-09-09T15:35:09.000Z,2025-09-09T08:29:58.000Z,
4fc97409-0dbc-4ee3-a36a-a147f15671cd,"Sydney Millions Friday Mega Satty (1kHr + Main) 2 Mega Packages Guaranteed. 1 in 10",FIXED,gameActualStartDateTime,false,18857,2024-08-30T14:04:40.000Z,2024-08-30T08:50:23.000Z,
e0c747e7-5a3a-445a-8706-067e7c5e78bb,"$5,000 GTD Monday Bankroll Builder Monday Weekly $120 re-entry until 9:40pm",FIXED,gameActualStartDateTime,false,22032,2024-11-18T13:46:16.000Z,2024-11-18T07:39:04.000Z,
22e13a2d-b57b-4108-b768-b8a51abda1aa,"Tuesday Highroller Poker @ Churchills Sports Bar 5 times a week!",FIXED,totalDuration;gameEndDateTime;gameActualStartDateTime,false,33329,2025-07-15T17:15:38.000Z,2025-07-15T08:00:09.000Z,
5e5e41a0-ebe1-4512-ac1a-efb367c592fa,"Wednesday night CASH GAME St George Leagues",FIXED,gameActualStartDateTime,false,3,2025-09-29T07:39:10.000Z,2025-09-29T07:39:07.000Z,
b0c17ee8-78af-4c4a-8cec-ba9d63a1453f,"MEGA pop up satty",FIXED,totalDuration;gameEndDateTime;gameActualStartDateTime,false,12374,2024-09-09T13:41:36.000Z,2024-09-09T10:15:22.000Z,
4f6bcf91-1afa-4eff-806a-11bb4801eba1,"2024 Sydney Millions Event 5D2 - Mini Main Event Day 2 $40,000 Gtd",FIXED,gameActualStartDateTime,true,32330,2024-11-09T00:13:39.000Z,2024-11-08T15:14:49.000Z,
05bdd711-6b25-4efa-a7be-4ba509b0b755,"Bella Vista Hotel Tuesdays",FIXED,gameActualStartDateTime,false,24700,2025-06-10T15:25:23.000Z,2025-06-10T08:33:43.000Z,
e8058eae-b121-4a40-a452-efcc833eda5f,"MINI MAIN SATTY - 5 SEATS GTD 5 x Mini Main Event $150 seats to be won",FIXED,totalDuration;gameEndDateTime;gameActualStartDateTime,false,10047,2024-03-07T12:20:12.000Z,2024-03-07T09:32:45.000Z,
ae628fda-7187-4019-9846-925f35a6d261,"Colossus Series Event 8 : Super Freeze SC",FIXED,gameActualStartDateTime,false,28841,2025-06-10T15:36:31.000Z,2025-06-10T07:35:50.000Z,
bdafc9aa-0471-4597-8a3b-c2469df957af,"Kings Room Championship Flight 1B Day 2 Sunday 5th at 12pm",FIXED,gameActualStartDateTime,true,25500,2024-05-03T14:06:59.000Z,2024-05-03T07:01:59.000Z,
dc4794b5-d4de-4a52-8405-e675ddf39a61,"KINGDOM MAIN EVENT $30000 GUARANTEED - DEALT",NO_S3_KEY,,false,,,,
add35040-752e-4dc8-abb3-6aae259030ac,"MAIN EVENT SATY 1 x Main Event $350 seat awarded for every $350 in the pool",FIXED,totalDuration;gameEndDateTime;gameActualStartDateTime,false,8743,2024-03-12T12:48:30.000Z,2024-03-12T10:22:47.000Z,
583a6108-5a5d-4fae-952a-26788e594795,"Friday 6k Est Friday Weekly $150 re-entry until 9:40pm",FIXED,gameActualStartDateTime,false,17913,2024-12-06T12:44:54.000Z,2024-12-06T07:46:21.000Z,
d036503f-bc52-4630-9413-bc48ba59054e,"Kings Room Championship Flight 1D Day 2 Sunday 17th at 12pm",FIXED,gameActualStartDateTime,false,,,2023-09-16T09:00:59.000Z,
41d99a28-633b-4bd1-b024-96795b0f48a3,"Tuesday HighRoller Poker @ Churchills Sports Bar 5 times a week!",FIXED,totalDuration;gameEndDateTime;gameActualStartDateTime,false,23488,2024-02-20T13:34:34.000Z,2024-02-20T07:03:06.000Z,
22d086ae-39cf-40f2-9e32-f8feab81c070,"500HR LAST CHANCE SATTY 1 x $500HR seat awarded for every $500 in the pool",FIXED,totalDuration;gameEndDateTime;gameActualStartDateTime,true,13271,2025-11-15T08:42:34.000Z,2025-11-15T05:01:23.000Z,
2c688312-ba0a-4b14-9832-91603682e900,"POKERSHOP RE-LOAD $5000 GTD $5,000 Guaranteed",FIXED,totalDuration;gameEndDateTime;gameActualStartDateTime,false,25856,2024-03-10T07:44:21.000Z,2024-03-10T00:33:25.000Z,
0123b97c-9126-49c2-adca-8349fc6d561e,"MAIN EVENT SATTY 1 x Main Event $400 seats guaranteed",FIXED,totalDuration;gameEndDateTime;gameActualStartDateTime,false,7756,2025-07-14T14:18:15.000Z,2025-07-14T12:08:59.000Z,
9bc3ed0f-04cc-4b39-89a9-a35d96e587e2,"Wednesday night CASH GAME St George Leagues",FIXED,gameActualStartDateTime,false,3,2025-08-27T15:14:44.000Z,2025-08-27T15:14:41.000Z,
595d5f4a-ba13-49e0-bb63-71f51bd8d967,"Tuesday HighRoller Poker @ Churchills Sports Bar 5 times a week!",FIXED,totalDuration;gameEndDateTime;gameActualStartDateTime,false,29536,2024-04-30T16:12:41.000Z,2024-04-30T08:00:25.000Z,
19840693-7f38-4c99-adc6-81cf13e0357b,"Monday $5k GTD",FIXED,gameActualStartDateTime,false,23314,2025-11-10T14:00:47.000Z,2025-11-10T07:32:13.000Z,
89c954f6-4a48-4b64-9625-af45f7586988,"WEDNESDAY night CASH GAME St George Leagues",FIXED,gameActualStartDateTime,false,3,2025-09-17T16:26:07.000Z,2025-09-17T16:26:04.000Z,
65bec916-895c-4bb6-9092-5ac422154d69,"FRIDAY THE 13TH DEEP FREEZE FT LIVE STREAMED FROM THE KINGDOM",FIXED,totalDuration;gameEndDateTime;gameActualStartDateTime,false,20147,2023-10-13T12:22:44.000Z,2023-10-13T06:46:57.000Z,
b16a48ed-33cb-403d-912c-8756af089b77,"Churchill's SHOTCLOCK SUNDAY Poker @ Churchills Sports Bar 5 times a week!",FIXED,totalDuration;gameEndDateTime;gameActualStartDateTime,false,21269,2024-11-24T13:00:34.000Z,2024-11-24T07:06:05.000Z,
7d7b844d-f6ff-42e7-b3f0-49859ddbd635,"Signature Series Event 5B : Main Event Flight B $150,000 Guaranteed",FIXED,gameActualStartDateTime,true,29099,2024-08-07T15:09:22.000Z,2024-08-07T07:04:23.000Z,
2a84f12b-26c3-4950-b83a-93992a0fc944,"Friday St. George Leagues Club $8,000 GTD $8000 GTD",FIXED,gameActualStartDateTime,false,,,2023-04-07T08:32:31.000Z,
f5c74441-590f-4227-aa29-45b22b80fbec,"Signature Series 1B : Opening Event Flight B $100,000 Guaranteed",FIXED,gameActualStartDateTime,true,28500,2025-02-28T13:56:22.000Z,2025-02-28T06:01:22.000Z,
1e1b2c5a-d0a0-4913-9dd3-703909997ef2,"MEGA FREEZE SHOT CLOCK Dealer Dealt - 20 seconds to act",FIXED,totalDuration;gameEndDateTime;gameActualStartDateTime,false,26575,2024-11-10T09:57:24.000Z,2024-11-10T02:34:29.000Z,
290a9da2-ac3b-486d-9ed9-d00bdfb53166,"KINGS ULTRA STACK $6115 + $128POTS + $150GOC",FIXED,totalDuration;gameEndDateTime;gameActualStartDateTime,false,26173,2024-06-29T09:17:32.000Z,2024-06-29T02:01:19.000Z,
527b34ab-9269-4c05-99e8-4186179138d6,"Sydney Millions Event 18: SUPER HIGHROLLERS Day 2",FIXED,gameActualStartDateTime,false,36877,2023-11-23T15:04:33.000Z,2023-11-23T04:49:56.000Z,
ec40a628-4956-4835-8210-1cbbe3740da9,"Tuesday Highroller Poker @ Churchills Sports Bar 5 times a week!",FIXED,totalDuration;gameEndDateTime;gameActualStartDateTime,false,28204,2025-09-30T15:51:07.000Z,2025-09-30T08:01:03.000Z,
f96f8406-9a14-4e33-9b31-577ad0dabace,"Sydney Millions Event 16: PLO HR",FIXED,gameActualStartDateTime,false,32174,2023-11-19T14:56:12.000Z,2023-11-19T05:59:58.000Z,
f0b28f8b-5e50-4246-85e6-9e57df5df819,"Friday special 10k Gtd Friday Weekly $150 re-entry until 10:20pm",FIXED,gameActualStartDateTime,false,28395,2025-04-18T16:25:40.000Z,2025-04-18T08:32:25.000Z,
bf73090d-5db9-40b1-858f-8a264b776d25,"$8,000 GTD Friday's at Kings Room Late rego 9:40pm",FIXED,gameActualStartDateTime,false,,,2023-06-30T08:31:09.000Z,
7f51592a-4e2e-45e5-b96d-07c463562727,"Sydney Millions ME satty",FIXED,gameActualStartDateTime,false,14367,2023-11-17T14:12:03.000Z,2023-11-17T10:12:36.000Z,
48d59902-8a9a-4d2f-9bb7-5a7c78ca3f1f,"8-MAX FREEZEOUT 8 handed play",FIXED,totalDuration;gameEndDateTime;gameActualStartDateTime,false,19722,2023-02-28T12:35:38.000Z,2023-02-28T07:06:56.000Z,
34a553b4-cf51-42bc-b6a6-7a3df03d21fd,"Kings Cup Event 6: Sunday Grind",FIXED,totalDuration;gameEndDateTime;gameActualStartDateTime,false,42429,2025-02-16T13:48:52.000Z,2025-02-16T02:01:43.000Z,
701b2a92-6132-4397-8a33-5600ba8e7dca,"1KHR Play 9 levels on Day 1 - Day 2 starts 11am Sunday - Registration ends after 2 levels of play day 2",FIXED,totalDuration;gameEndDateTime;gameActualStartDateTime,true,53270,2024-03-09T20:52:26.000Z,2024-03-09T06:04:36.000Z,
785eccd2-7e12-494d-8fb7-73e05eda49c3,"Tuesday HighRoller Poker @ Churchills Sports Bar 5 times a week!",FIXED,totalDuration;gameEndDateTime;gameActualStartDateTime,false,30427,2023-09-26T16:27:24.000Z,2023-09-26T08:00:17.000Z,
9bc3c92b-0828-48a3-bdc6-4c720836c954,"KINGS SURVIVOR BOUNTY Bounties paid to 25% of the field",FIXED,totalDuration;gameEndDateTime;gameActualStartDateTime,false,22141,2023-11-05T09:10:29.000Z,2023-11-05T03:01:28.000Z,
9fbff4e6-e408-49f0-ba57-8f7ac3f196cf,"Kings Cup 2023 Event 6: MAIN EVENT",NO_S3_KEY,,false,,,,
80e571f1-e17d-4fb3-8f27-314ab8f92bd8,"Kings Cup Event 8: MAIN EVENT Flight 1B 2 x Re-entry",FIXED,totalDuration;gameEndDateTime;gameActualStartDateTime,true,29701,2024-07-04T15:16:16.000Z,2024-07-04T07:01:15.000Z,
71be0ca3-41f5-4a83-81e0-e78d6cc04ee9,"Sydney Millions Event 14 : Ladies Championship Sydney 2 re-entries",FIXED,gameActualStartDateTime,false,22053,2024-11-08T13:47:57.000Z,2024-11-08T07:40:24.000Z,
4c1dc815-b39a-40a7-a4cf-e01275c3ac8b,"Kc @ churchills event 10: main event - 2026 Event 10: MAIN EVENT",NO_S3_KEY,,false,,,,
c7f814b5-6a2b-4d68-9d8b-2b30ba317c46,"Churchill's SHOTCLOCK SUNDAY Poker @ Churchills Sports Bar 5 times a week!",FIXED,totalDuration;gameEndDateTime;gameActualStartDateTime,false,24379,2025-01-19T13:46:37.000Z,2025-01-19T07:00:18.000Z,
59c5e3ff-0207-448b-b80e-1703f9832df6,"Churchill's SHOTCLOCK SUNDAY Poker @ Churchills Sports Bar 5 times a week!",FIXED,totalDuration;gameEndDateTime;gameActualStartDateTime,false,22502,2024-04-07T14:18:41.000Z,2024-04-07T08:03:39.000Z,
0a4be24d-6854-4838-a6e6-c977ef9b924d,"Tuesday HighRoller Poker @ Churchills Sports Bar 5 times a week!  - Last week's prizepool $18350",FIXED,totalDuration;gameEndDateTime;gameActualStartDateTime,false,29098,2023-08-22T16:06:22.000Z,2023-08-22T08:01:24.000Z,
d9ca5911-6dd8-49c5-a3ce-63a60b2b0119,"KC @ Churchills Event 5: The Big Gun Late rego and rebuys until 9:20pm",FIXED,totalDuration;gameEndDateTime;gameActualStartDateTime,true,32655,2025-09-02T17:05:35.000Z,2025-09-02T08:01:20.000Z,
8af2b54b-47ab-45d2-a828-9df62b3bb618,"5 x Collosus seat GTD satty",FIXED,gameActualStartDateTime,false,19257,2025-09-08T13:57:32.000Z,2025-09-08T08:36:35.000Z,
9080377b-b70e-4938-8cff-059b7426cf90,"Fathers Day Series 2025 Event 4",NO_S3_KEY,,false,,,,
c6d77eae-9011-4804-838d-76b4e44acafa,"500HR LAST CHANCE SATTY 3 SEATS GTD - 1 x $500HR seat awarded for every $500 in the pool",FIXED,totalDuration;gameEndDateTime;gameActualStartDateTime,false,9104,2025-07-12T08:08:00.000Z,2025-07-12T05:36:16.000Z,
9030cb2a-10b3-447b-89ff-895ab856ec07,"Wednesday night CASH GAME St George Leagues",FIXED,gameActualStartDateTime,false,81105,2025-11-06T06:48:44.000Z,2025-11-05T08:16:59.000Z,
03b7b5a7-e30b-48ea-9744-f402f46d2b9b,"Colossus Series Thursday Mega Satty (1kHr + Main) 3 Mega Packages Guaranteed",FIXED,gameActualStartDateTime,false,16373,2025-05-15T13:10:28.000Z,2025-05-15T08:37:35.000Z,
330c0785-91ef-4546-ae94-dcc9d5eea7a5,"Churchill's SHOTCLOCK SUNDAY Poker @ Churchills Sports Bar 5 times a week!",FIXED,totalDuration;gameEndDateTime;gameActualStartDateTime,false,22291,2023-12-17T13:12:24.000Z,2023-12-17T07:00:53.000Z,
d6da8c42-ce37-46e8-b63b-a7d2f4ef7639,"KC @ Churchills Event 11: Series Saver Unlimited Re-Entries",FIXED,totalDuration;gameEndDateTime;gameActualStartDateTime,false,35503,2025-09-14T15:53:22.000Z,2025-09-14T06:01:39.000Z,
1222bb95-de8b-4083-978a-0803c65185f1,"Highroller $1500 Satellite. 1 seat per 10 entries. 2 seats GTD 2 seats GTD for Highroller $1500",FIXED,gameActualStartDateTime,false,,,2023-07-20T08:30:52.000Z,
566de224-e259-46ae-8e8f-1d2aae8e5b4c,"1KHR $119,000 RECORD PP",FIXED,totalDuration;gameEndDateTime;gameActualStartDateTime,true,67069,2024-11-16T00:38:57.000Z,2024-11-15T06:01:08.000Z,
85d4d466-870e-4142-be65-fa2027f5daf9,"Churchill's SHOTCLOCK SUNDAY Poker @ Churchills Sports Bar 5 times a week!",FIXED,totalDuration;gameEndDateTime;gameActualStartDateTime,false,21764,2024-09-22T14:04:58.000Z,2024-09-22T08:02:14.000Z,
67b532d9-3ebd-4ff8-bdb6-3d717f78d4ff,"Kings Cup MINI MAIN $15,000 GTD Triple Barrel @ 5pm TONIGHT",NO_S3_KEY,,false,,,,
d1dc797f-9f2a-4734-bdd4-ad882dd388a5,"SERIES SAVER SHOT CLOCK $15,000 GUARANTEED",FIXED,totalDuration;gameEndDateTime;gameActualStartDateTime,false,28961,2025-07-20T10:04:40.000Z,2025-07-20T02:01:59.000Z,
725a1a9c-46d7-4b1d-9aaf-3a321105c29b,"$2,500 GTD Monday Bankroll Builder Monday Weekly $120 rebuy until 9:40pm",FIXED,gameActualStartDateTime,false,20699,2024-03-18T13:30:41.000Z,2024-03-18T07:45:42.000Z,
18ba8b20-9c8a-484c-8e4a-23d6ffea5f56,"MAIN EVENT Flight A - $50,000 GTD $50,000 Guaranteed - Dealer dealt",FIXED,totalDuration;gameEndDateTime;gameActualStartDateTime,true,23283,2023-07-18T14:04:00.000Z,2023-07-18T07:35:57.000Z,
1feb57b5-f905-444a-a641-34a6ffde85d1,"Kings Room Championship Day 2",FIXED,gameActualStartDateTime,false,,,2023-09-17T01:23:41.000Z,
4842b3e8-2c64-4e5d-b53a-6d8b35bd4463,"Sydney Millions Event 16: PLO4/5/6",FIXED,gameActualStartDateTime,false,30788,2025-11-01T16:06:45.000Z,2025-11-01T07:33:37.000Z,
1021f0ad-d90a-41ee-b36b-ca054aa46ca9,"Sydney Millions ME satty",FIXED,gameActualStartDateTime,true,10447,2024-11-02T09:51:04.000Z,2024-11-02T06:56:57.000Z,
c2c2ccd6-7967-47b6-91b1-f423dad38386,"Wenty's Wednesdays $6k GTD",FIXED,gameActualStartDateTime,false,19368,2025-02-12T13:08:22.000Z,2025-02-12T07:45:34.000Z,
c3238979-7ce9-43f5-83a9-724198a26dd4,"Easter Monday Special event $15,000 GTD. re-entry until end of level 9",FIXED,gameActualStartDateTime,false,31449,2025-04-21T10:44:38.000Z,2025-04-21T02:00:29.000Z,
69e6ae4a-0ac4-4d0d-9da1-0b15e35b777d,"Monday St. George Leagues Club $5000 GTD",FIXED,gameActualStartDateTime,false,,,2023-01-30T07:32:17.000Z,
fbf8ac9d-f296-4bde-90ea-88dae5a7c157,"June BIG EXTRA Late rego and rebuys until 9pm",FIXED,totalDuration;gameEndDateTime;gameActualStartDateTime,false,28652,2024-06-04T15:57:58.000Z,2024-06-04T08:00:26.000Z,
1c957965-fb52-4fea-8f52-80cbcf7cb060,"$2,500 GTD Monday Bankroll Builder Monday Weekly $120 rebuy until 9:40pm",FIXED,gameActualStartDateTime,false,20339,2023-12-11T13:10:47.000Z,2023-12-11T07:31:48.000Z,
751caa84-a290-42e7-b691-b693cd47e181,"Churchills $10k GTD",FIXED,totalDuration;gameEndDateTime;gameActualStartDateTime,false,29844,2024-05-04T16:18:14.000Z,2024-05-04T08:00:50.000Z,
4307a2dc-2515-4008-9c9b-43bbae6ce5c2,"$5,000 GTD Thursday Grind Thursday Weekly $220 rebuy until 9:40pm",FIXED,gameActualStartDateTime,false,21233,2024-03-28T13:44:02.000Z,2024-03-28T07:50:09.000Z,
bfd676ed-69f6-4f60-82d5-706b7d5bd9f6,"MAIN EVENT FLIGHT A - $50,000 GTD $50,000 Guaranteed - $119,700 RECORD PP",FIXED,totalDuration;gameEndDateTime;gameActualStartDateTime,true,23289,2024-06-25T13:59:24.000Z,2024-06-25T07:31:15.000Z,
2f3239cc-5141-4eb4-981f-3dc5d422b5f5,"Signature Series Event 5D : Main Event Flight D $150,000 Guaranteed",FIXED,gameActualStartDateTime,true,29700,2024-08-09T15:15:43.000Z,2024-08-09T07:00:43.000Z,
48a38572-3495-4e21-af72-3327092c512c,"Colossus Series Event 9B - Main Event Flight 1B",FIXED,gameActualStartDateTime,true,26100,2025-06-12T14:15:59.000Z,2025-06-12T07:00:59.000Z,
7e996eb5-72fb-43dc-8651-ed5c0ca629c2,"Kings Room Signature series Event 3: St.George Leagues 60th Birthday $30,000 GTD PLUS 3 x $2,000 SM ME seats ON TOP of pppool",FIXED,gameActualStartDateTime,false,,,2023-08-04T06:30:14.000Z,
0703af2f-2745-46fe-882d-7f1acf202c69,"Tuesday HighRoller Poker @ Churchills Sports Bar 5 times a week!",FIXED,totalDuration;gameEndDateTime;gameActualStartDateTime,false,21823,2024-08-06T14:06:27.000Z,2024-08-06T08:02:44.000Z,
d4c74dbb-e4d7-4a57-845f-d366e33043fa,"8-max SHOTCLOCK 1: $6750  2:$3500 3: $2500 4:$1500 5:$1000 6: $650",FIXED,gameActualStartDateTime,false,,,2023-02-18T07:02:38.000Z,
103253f9-5de5-4a2f-b3c9-e93cd58dc54d,"$2,000 GTD Monday's at Kings Room Monday Weekly $100 rebuy until 9:10pm",FIXED,gameActualStartDateTime,false,20085,2023-11-27T13:19:17.000Z,2023-11-27T07:44:32.000Z,
51737f14-f68f-43e5-a327-14d422a46dfc,"Colossus Series HR satty - 3 seats GTD",FIXED,gameActualStartDateTime,false,14452,2025-06-06T10:52:47.000Z,2025-06-06T06:51:55.000Z,
0bee0f44-e40f-4f37-a082-588224cc9977,"KC @ Churchills Event 7: MAIN EVENT Flight 1B",FIXED,totalDuration;gameEndDateTime;gameActualStartDateTime,true,30300,2025-05-07T15:25:24.000Z,2025-05-07T07:00:24.000Z,
6c86a0ee-e583-4551-94e3-12636883ae7d,"THE LOCKDOWN Fully dealer dealt",FIXED,totalDuration;gameEndDateTime;gameActualStartDateTime,false,27970,2025-11-14T13:16:28.000Z,2025-11-14T05:30:18.000Z,
63110677-e718-4f3a-a805-d615a1e08146,"Sydney Millions Thursday Satty 2 seats guaranteed 1 in 10 wins",FIXED,gameActualStartDateTime,false,,,2023-10-26T07:33:54.000Z,
56c036a7-3c12-4690-ab81-e0620d59026a,"Sydney Millions Event Event 15: The Big Freeze",FIXED,gameActualStartDateTime,false,33004,2025-11-01T14:41:53.000Z,2025-11-01T05:31:49.000Z,
54ddefcb-c605-4d12-b86b-7ec61575328b,"FREE2PLAY 450HR SATY 2 X 450HR SEATS GUARANTEED",FIXED,totalDuration;gameEndDateTime;gameActualStartDateTime,false,14820,2025-03-21T04:10:43.000Z,2025-03-21T00:03:43.000Z,
560fdc3a-0a18-450f-87f0-97b28513dccc,"KINGS 20K REPECHAGE DAY 2 $20,000 Guaranteed - $42,716 PP LAST TIME HELD",FIXED,totalDuration;gameEndDateTime;gameActualStartDateTime,true,22632,2023-09-24T08:30:00.000Z,2023-09-24T02:12:48.000Z,
e0129faa-52fc-4932-892c-229867e92c2a,"1KHR SATTY 1 x 1KHR $1150 seat guaranteed",FIXED,totalDuration;gameEndDateTime;gameActualStartDateTime,false,9693,2025-07-17T14:36:23.000Z,2025-07-17T11:54:50.000Z,
13855400-a324-4859-81f7-6333dd01e004,"Signature Series 1A : Opening Event Flight A $100,000 Guaranteed",FIXED,gameActualStartDateTime,true,27900,2025-02-27T13:46:36.000Z,2025-02-27T06:01:36.000Z,
ab02753b-df8b-4337-962b-77a6198f09ae,"KC @ Churchills Event 8: MAIN EVENT - Day 2 Breaking order: 2, 3, 5, 4, 9, 8, 7",FIXED,totalDuration;gameEndDateTime;gameActualStartDateTime,true,42749,2025-09-13T04:30:55.000Z,2025-09-12T16:38:26.000Z,
6e17cf35-8b1f-40c8-a0e7-788e49b5a852,"Wenty's Wednesdays $6k GTD",FIXED,gameActualStartDateTime,false,25975,2024-06-19T15:46:06.000Z,2024-06-19T08:33:11.000Z,
51d2c6fa-8f07-40f9-84bf-3b100e9f39cd,"Colossus Series Event 14 : Juggernaut",FIXED,gameActualStartDateTime,false,36323,2025-06-14T14:05:29.000Z,2025-06-14T04:00:06.000Z,
5e3518a1-3367-481a-ac97-f803c8503af0,"Churchills $10k GTD",FIXED,totalDuration;gameEndDateTime;gameActualStartDateTime,false,28972,2024-01-06T15:02:58.000Z,2024-01-06T07:00:06.000Z,
0c0e229b-a6c1-4997-85bd-a70b3275dfc7,"MAIN EVENT - $75,000 GTD $75,000 Guaranteed - $119,700 RECORD PP",NO_S3_KEY,,false,,,,
f5560e68-fe82-4dfd-ae50-13e61f2dbcb9,"Colossus Series Event 10 : 6-Max",FIXED,gameActualStartDateTime,false,44342,2025-06-12T15:19:17.000Z,2025-06-12T03:00:15.000Z,
21ea3909-cb6f-4f9a-bf75-75d6b3d07748,"Signature Series 2023 Event 9",NO_S3_KEY,,false,,,,
6610e28d-05ef-41c8-a164-3793620b9347,"Signature Series Thursday Mega Satty (1kHr + Main) 3 Mega Packages Guaranteed",FIXED,gameActualStartDateTime,false,18166,2025-01-24T12:42:29.000Z,2025-01-24T07:39:43.000Z,
90f15be3-fa82-4e72-a922-a0735881a3e6,"Colossus Satty 1 in 6",FIXED,gameActualStartDateTime,false,14432,2024-06-13T15:50:52.000Z,2024-06-13T11:50:20.000Z,
68a8c40e-96ca-4ec1-874b-bc19307fd7f1,"SUPER STACK FREEZEOUT Dealer dealt - $5000 Guaranteed",FIXED,totalDuration;gameEndDateTime;gameActualStartDateTime,false,25397,2025-03-21T13:38:41.000Z,2025-03-21T06:35:24.000Z,
548aa6b5-eac8-4ab2-8436-7f39264726b3,"$2,000 GTD Monday's at Kings Room Monday Weekly $100 rebuy until 9:10pm",FIXED,gameActualStartDateTime,false,,,2023-08-28T09:10:59.000Z,
1fb1bf00-fe17-4f51-ab08-b3e5afdc767d,"Tuesday Highroller Poker @ Churchills Sports Bar 5 times a week!",FIXED,totalDuration;gameEndDateTime;gameActualStartDateTime,false,29538,2024-10-22T15:14:24.000Z,2024-10-22T07:02:06.000Z,
b0842a01-f9e9-45bb-bb1d-34ab0c240cd9,"Wenty's Wednesdays $6k GTD",FIXED,gameActualStartDateTime,false,20070,2025-02-05T13:19:03.000Z,2025-02-05T07:44:33.000Z,
03cff207-3bd4-46e7-9c45-dc2411b19852,"MAIN EVENT $65,710 + $1,344 POTS + $150 GOC",NO_S3_KEY,,false,,,,
1c02675f-4aca-4c6d-ae4b-99fcbe00978c,"Signature Series Event 10: Kings Classic SC",FIXED,gameActualStartDateTime,false,41800,2024-02-23T16:38:17.000Z,2024-02-23T05:01:37.000Z,
8bb5ed9d-0b69-4171-9b11-662ee916940a,"Colossus Series 2025 Event 1",NO_S3_KEY,,false,,,,
d464fc3d-189b-436b-9402-315093d7c847,"Mondays Bankroll Builder St.George Leagues Club Monday Weekly $120 re-entry until 9:40pm",FIXED,gameActualStartDateTime,false,24637,2025-08-25T15:24:04.000Z,2025-08-25T08:33:27.000Z,
7594fcdf-b2cb-4baf-aac2-65dfe20b770e,"PLO 4/5/BOMB Dealer dealt",FIXED,totalDuration;gameEndDateTime;gameActualStartDateTime,false,27783,2025-03-30T12:52:05.000Z,2025-03-30T05:09:02.000Z,
cd1bd8a1-8af5-4dfc-964e-0d3221b7ff61,"KINGS CUP $10,000 GTD $10,000 Guaranteed",FIXED,totalDuration;gameEndDateTime;gameActualStartDateTime,true,27020,2024-06-22T09:02:11.000Z,2024-06-22T01:31:51.000Z,
a38591f5-6706-4d7a-b910-4ca5ead8fd84,"Sydney Millions Event 5: MAIN EVENT Flight 1C",FIXED,gameActualStartDateTime,true,28808,2023-11-16T15:13:46.000Z,2023-11-16T07:13:38.000Z,
87c0cbea-3fd5-46c5-90ad-5dc8a91932a7,"$2,000 GTD Monday's at Kings Room Monday Weekly $100 rebuy until 9:10pm",FIXED,gameActualStartDateTime,false,,,2023-08-21T08:30:02.000Z,
1d309a86-6987-4a83-9d29-53d2cfa30c5e,"Players Champs satty - 10 seats GTD",FIXED,gameActualStartDateTime,false,15034,2025-10-26T05:11:23.000Z,2025-10-26T01:00:49.000Z,
5621f487-fdce-42f2-9696-fd32adf8e5bf,"Signature Series Friday Mega Satty (1kHr + Main) 2 Mega Packages Guaranteed",FIXED,gameActualStartDateTime,false,15913,2025-02-21T12:04:17.000Z,2025-02-21T07:39:04.000Z,
6b3dd36c-d373-4db1-9d35-b916facb5c2d,"Kings Cup Event 1: Opening Late rego and rebuys until 9:20pm",FIXED,totalDuration;gameEndDateTime;gameActualStartDateTime,false,33452,2024-09-03T17:17:57.000Z,2024-09-03T08:00:25.000Z,
4b443e43-26f4-4349-bfd5-e341bcfb12f1,"PINEAPPLE Pre flop discard - No BB Ante",FIXED,totalDuration;gameEndDateTime;gameActualStartDateTime,false,17994,2024-03-13T12:50:23.000Z,2024-03-13T07:50:29.000Z,
3d2ba3ce-e2bb-4f2c-abd5-b3e9ffa0a401,"Sydney Millions ME satellite Thursday. 3 Gtd. 1 in 10.",FIXED,gameActualStartDateTime,false,20659,2024-08-22T14:39:32.000Z,2024-08-22T08:55:13.000Z,
54ac8a68-0fca-4c7c-96a3-77dbbf9420da,"Kings Room Signature series Event 7: SUPER HIGHROLLER",FIXED,gameActualStartDateTime,false,,,2023-05-16T07:30:22.000Z,
015823de-755f-40c0-891c-4f4f4b963a28,"$5,000 GTD Thursday Grind Thursday Weekly $220 rebuy until 9:40pm",FIXED,gameActualStartDateTime,false,25078,2024-04-04T14:33:40.000Z,2024-04-04T07:35:42.000Z,
26b86acb-da9c-428b-9e12-e798aae7412a,"Signature Series ME satty",FIXED,gameActualStartDateTime,false,13399,2024-02-21T14:05:52.000Z,2024-02-21T10:22:33.000Z,
0bf8571c-3f22-4094-bad7-5139f68b7109,"Hillside Hotel Mondays",FIXED,gameActualStartDateTime,false,19032,2025-09-15T13:51:53.000Z,2025-09-15T08:34:41.000Z,
a9584f5c-19cf-4022-95b4-659f40187d17,"WIN THE BUTTON Win the hand & receive the button for the subsequent hand",FIXED,totalDuration;gameEndDateTime;gameActualStartDateTime,false,13161,2025-03-20T07:52:25.000Z,2025-03-20T04:13:04.000Z,
cf7215af-ca65-4e4d-a41b-3495b8334a38,"KC @ Churchills Event 11: Pokershop DEEPSTACK Closer",FIXED,totalDuration;gameEndDateTime;gameActualStartDateTime,false,36536,2025-05-11T16:12:38.000Z,2025-05-11T06:03:42.000Z,
0c2d5995-8698-4f73-9516-4b7c434b5c2c,"Sydney Millions ME satellite Thursday. 3 Gtd. 3 Main Event Tickets GTD, 1 ticket for every 10 entries.",FIXED,gameActualStartDateTime,false,20741,2024-10-10T13:18:24.000Z,2024-10-10T07:32:43.000Z,
3c99c504-821a-42ce-bce3-5ab9a2ce2e2e,"Kings Cup Event 7: The Hustler 2x re entry",FIXED,totalDuration;gameEndDateTime;gameActualStartDateTime,false,30979,2023-12-09T14:36:30.000Z,2023-12-09T06:00:11.000Z,
19aae896-2e05-4414-ae34-85b629c59fca,"MAIN EVENT SEAT RACE Win your Main seat once you reach 300K in chips",NO_S3_KEY,,false,,,,
d7b5eda7-21ca-40d1-b446-c39d264a5bfc,"Bella Vista Hotel Tuesday $6k GTD",FIXED,gameActualStartDateTime,false,23211,2025-12-02T14:11:17.000Z,2025-12-02T07:44:26.000Z,
b33d7841-ff14-45e2-b4fc-e4a40bc644df,"Sydney Millions Event 10: The Summit Freezeout",FIXED,gameActualStartDateTime,true,65175,2025-10-29T21:06:27.000Z,2025-10-29T03:00:12.000Z,
7b196c21-4daf-4dc8-8f82-649103029ff5,"Tuesday Highroller Poker @ Churchills Sports Bar 5 times a week!",FIXED,totalDuration;gameEndDateTime;gameActualStartDateTime,false,28565,2025-05-27T15:56:58.000Z,2025-05-27T08:00:53.000Z,
f3e4d638-9d23-4586-bb48-1fbad47b13d6,"Kings Room Championship Flight 1B Day 2 Saturday 15th 11AM Start",FIXED,gameActualStartDateTime,false,,,2023-04-13T08:00:29.000Z,
fb62d0ee-4ca4-4d87-9c54-4001aef5ff95,"Australia Day special event $20,000 GTD",FIXED,gameActualStartDateTime,false,44772,2025-01-27T13:27:19.000Z,2025-01-27T01:01:07.000Z,
51537733-fb0e-41bd-ba19-3f0f4bee1961,"Sydney Millions 1kHR Mega Satty 5 Gtd 5 Seats Guaranteed",FIXED,gameActualStartDateTime,true,14297,2024-11-03T05:00:24.000Z,2024-11-03T01:02:07.000Z,
784cea8a-e20b-4092-bd8b-c84388af8731,"Churchill's SHOTCLOCK SUNDAY Poker @ Churchills Sports Bar 5 times a week!",FIXED,totalDuration;gameEndDateTime;gameActualStartDateTime,false,17110,2024-03-31T12:00:37.000Z,2024-03-31T07:15:27.000Z,
bd5c783c-23d9-48a8-98ad-9f040c5c08f7,"Anzac Day Friday special 10k Gtd Friday Weekly $150 re-entry until 10:20pm",FIXED,gameActualStartDateTime,false,31024,2025-04-25T17:10:36.000Z,2025-04-25T08:33:32.000Z,
e3ed6372-3d1a-4184-84da-ea1bb61adc27,"Australia Day special event FREEZE",FIXED,gameActualStartDateTime,false,13182,2025-01-27T10:20:40.000Z,2025-01-27T06:40:58.000Z,
665f6ef9-842d-4c8c-9170-43a0008a5d6b,"CNY Lunar Series Mega satty (ME+Opening) - 4 packages GTD",FIXED,totalDuration;gameEndDateTime;gameActualStartDateTime,false,20916,2026-01-26T12:14:36.000Z,2026-01-26T06:26:00.000Z,
69c27570-bd59-4634-9630-385976f08f99,"Sydney Millions Event 4A : 1KHR Flight A $150,000 Guaranteed",FIXED,gameActualStartDateTime,true,29401,2024-11-03T10:11:36.000Z,2024-11-03T02:01:35.000Z,
efd7edec-d43e-4b9c-90cb-2d77ab525785,"MAIN EVENT Flight D - $50,000 GTD $50,000 Guaranteed - Dealer dealt",FIXED,totalDuration;gameEndDateTime;gameActualStartDateTime,true,22380,2023-11-11T07:46:18.000Z,2023-11-11T01:33:18.000Z,
3ff74b87-9917-447d-8d9f-5bdf3ffa7e8d,"MINI MAIN EVENT 1D $20,000 Guaranteed",FIXED,totalDuration;gameEndDateTime;gameActualStartDateTime,true,15901,2023-11-04T11:07:47.000Z,2023-11-04T06:42:46.000Z,
9324233c-e57e-4c13-b518-fdae9f372b29,"Signature Series ME satty 3 ME seats GTD",FIXED,gameActualStartDateTime,false,29792,2025-03-07T13:03:22.000Z,2025-03-07T04:46:50.000Z,
ea9f2547-5e37-4db0-b743-fe045ed7d1d0,"THE MEGA JUGGERNAUT $5,730 + $120 POTS + $150 GOC",FIXED,totalDuration;gameEndDateTime;gameActualStartDateTime,false,27739,2024-06-30T09:37:28.000Z,2024-06-30T01:55:09.000Z,
559d07b9-369e-4e01-ab0c-6e2c62312a5d,"Wenty's Wednesdays $6k GTD",FIXED,gameActualStartDateTime,false,22460,2024-08-14T14:47:17.000Z,2024-08-14T08:32:57.000Z,
c7d2181e-e5dd-4c6f-95c8-6287a392da68,"Behemoth MEGA Satty 1 in 8. 5 seats GTD",FIXED,gameActualStartDateTime,false,16129,2024-06-09T07:00:03.000Z,2024-06-09T02:31:14.000Z,
923dc066-d583-4f04-9827-373e2d62b0ad,"MAIN EVENT FLIGHT C - $50,000 GTD $50,000 Guaranteed - $119,700 RECORD PP",FIXED,totalDuration;gameEndDateTime;gameActualStartDateTime,true,23287,2024-06-27T13:59:25.000Z,2024-06-27T07:31:18.000Z,
a95cbc9d-3b74-419b-8f9e-56594112444c,"St George Leagues Monday $10k GTD",FIXED,gameActualStartDateTime,false,25277,2025-12-22T14:32:02.000Z,2025-12-22T07:30:45.000Z,
5f75eacc-4062-48c0-a5fb-8d041cb29fe0,"Churchill's SHOTCLOCK SUNDAY Poker @ Churchills Sports Bar 5 times a week!",FIXED,totalDuration;gameEndDateTime;gameActualStartDateTime,false,22445,2025-01-05T13:14:23.000Z,2025-01-05T07:00:18.000Z,
c016123b-4199-4553-8084-433cc913135b,"MAIN EVENT FLIGHT F - $75,000 GTD $75,000 Guaranteed - $119,700 RECORD PP",FIXED,totalDuration;gameEndDateTime;gameActualStartDateTime,false,12181,2025-07-19T13:24:24.000Z,2025-07-19T10:01:23.000Z,
f75a3490-0695-4e7d-87ca-cf407e07bc6e,"Churchill's SHOTCLOCK SUNDAY Poker @ Churchills Sports Bar 5 times a week!",FIXED,totalDuration;gameEndDateTime;gameActualStartDateTime,false,25300,2025-07-20T15:02:13.000Z,2025-07-20T08:00:33.000Z,
49ada936-0d0e-4390-8cd6-656c596be867,"MAIN EVENT - $50,000 GTD $50,000 Guaranteed - $119,700 RECORD PP",NO_S3_KEY,,false,,,,
870888db-34dc-4571-b395-3b3bdb97abc2,"Sydney Millions Friday Satty 2 seats guaranteed 1 in 10 wins",FIXED,gameActualStartDateTime,false,,,2023-09-29T08:33:11.000Z,
5e3987d3-d85c-4704-8378-f02470489836,"Kings Room Signature series Event 7: SUPER HIGHROLLER",FIXED,gameActualStartDateTime,false,,,2023-02-21T06:14:43.000Z,
a0f02840-3a8d-4fb2-b44f-5c282be74ff7,"Mondays Bankroll Builder St.George Leagues Club Monday Weekly $120 re-entry until 9:40pm",FIXED,gameActualStartDateTime,false,21068,2025-07-07T14:31:18.000Z,2025-07-07T08:40:10.000Z,
4cea2321-2fe5-48bb-97ff-4117ba64bf1c,"Wenty Leagues 10k Weekly Est",FIXED,gameActualStartDateTime,false,18968,2024-03-06T13:12:49.000Z,2024-03-06T07:56:41.000Z,
ef4c30be-40fc-4230-8382-9693a75ef0bb,"DOUBLE BARREL SHOT CLOCK FLT A Dealer dealt - Day 2 Tuesday 6pm",FIXED,totalDuration;gameEndDateTime;gameActualStartDateTime,true,13521,2023-11-05T10:48:58.000Z,2023-11-05T07:03:37.000Z,
08f05ff1-dedb-46fd-a76b-166058f732b9,"8-MAX FREEZEOUT Freezeout - No BB Ante",FIXED,totalDuration;gameEndDateTime;gameActualStartDateTime,false,17275,2023-07-16T09:48:22.000Z,2023-07-16T05:00:27.000Z,
f042ede0-5b43-46e6-9eac-cd6aa587820e,"KC @ Churchills Event 4: MINI MAIN Flight 1C $100,000 GTD 2 Re-Entry",FIXED,totalDuration;gameEndDateTime;gameActualStartDateTime,true,27901,2025-05-02T14:45:06.000Z,2025-05-02T07:00:05.000Z,
ba769461-50f7-4f2f-ad23-6272c89a29a9,"Sydney Millions Event 7: Colossus Day 3",FIXED,gameActualStartDateTime,true,54611,2023-11-16T20:08:14.000Z,2023-11-16T04:58:03.000Z,
ccd69fa4-aacc-464d-8b4b-1c2478644867,"Kings Room Championship Flight 1C",FIXED,gameActualStartDateTime,false,,,2023-07-08T02:03:40.000Z,
4cc33a97-a61e-465c-8258-2d7d2fb3685d,"Signature Series Event 16 : 6-Max SC",FIXED,gameActualStartDateTime,false,42488,2025-03-07T14:23:01.000Z,2025-03-07T02:34:53.000Z,
8b244db9-1014-4d01-832f-7fb5b24ce165,"Wenty's Wednesdays $6k GTD",FIXED,gameActualStartDateTime,false,20980,2024-12-11T13:31:31.000Z,2024-12-11T07:41:51.000Z,
4c812b09-d78f-4cf7-9a61-497d1769763d,"Colossus Series Event 5B : Highroller SC Flight B",FIXED,gameActualStartDateTime,true,28800,2025-06-09T15:00:05.000Z,2025-06-09T07:00:05.000Z,
ce19b565-c7cb-40df-807e-3aa43c43176e,"MAIN EVENT HYPER SATY 1 x Main Event $350 seat awarded for every $350 in the pool",FIXED,totalDuration;gameEndDateTime;gameActualStartDateTime,false,7902,2023-07-18T13:41:59.000Z,2023-07-18T11:30:17.000Z,
79e28908-6ecd-4e24-bb2e-a87c9b27291e,"Kings Cup Event 8: MAIN EVENT Flight 1D 2 x Re-entry",FIXED,totalDuration;gameEndDateTime;gameActualStartDateTime,true,29702,2024-07-06T10:15:12.000Z,2024-07-06T02:00:10.000Z,
24bb4eb8-81c7-46c2-a191-e72f29850ee7,"MAIN EVENT Flight C - $50,000 GTD $50,000 Guaranteed - $119,700 RECORD PP",FIXED,totalDuration;gameEndDateTime;gameActualStartDateTime,true,22430,2024-03-14T12:49:55.000Z,2024-03-14T06:36:05.000Z,
127cd578-9a46-45b1-8fa0-c9528a826d71,"BIG PLO Dealer Dealt",FIXED,totalDuration;gameEndDateTime;gameActualStartDateTime,false,21297,2024-11-16T11:54:59.000Z,2024-11-16T06:00:02.000Z,
d847b93c-5873-4180-b789-80dbe40ec195,"Kings Room Signature series Event 2: FREEZE",FIXED,gameActualStartDateTime,false,,,2023-08-03T08:00:43.000Z,
e81bc462-9cfd-468d-917c-ac16cecb5173,"Kings Cup Event 9: Highroller Unlimited Re-Entries",FIXED,totalDuration;gameEndDateTime;gameActualStartDateTime,false,27,2024-09-13T05:35:27.000Z,2024-09-13T05:35:00.000Z,
f4c4e9d8-a92f-4d86-b1d7-a86082886f51,"Thursday St. George Leagues Club $5,000 GTD $5000 GTD Rebuy End of Level 8 (9:40pm)",FIXED,gameActualStartDateTime,false,,,2023-04-27T08:40:25.000Z,
98b457b4-edfc-4d67-a0ed-5091aeaebe51,"$5,000 GTD Thursday Grind Thursday Weekly $120 rebuy until 9:40pm",FIXED,gameActualStartDateTime,false,23411,2024-11-28T14:02:12.000Z,2024-11-28T07:32:01.000Z,
ef10547d-e858-453c-b9fd-45befb6592f2,"Kings Room Signature series: SHR SATTY. 1 seat per 10 entries. 2 seats GTD",FIXED,gameActualStartDateTime,false,,,2023-07-21T08:33:32.000Z,
8aa14573-9823-4b91-9287-39564724353e,"Kings Cup Event 4: MINI MAIN Day 2 Breaking order: 16, 15, 14, 12, 11, 13, 10, 9, 1, 2, 3, 6, 4, 8, 5, 7",FIXED,totalDuration;gameEndDateTime;gameActualStartDateTime,true,30563,2025-02-16T08:29:30.000Z,2025-02-16T00:00:07.000Z,
8ee9bdff-ad6f-4c2b-9d4f-1a7e2f9dc831,"SM ME + Players Satty - 4 Packages GTD",FIXED,gameActualStartDateTime,false,20062,2025-09-25T14:08:08.000Z,2025-09-25T08:33:46.000Z,
b3a82ca3-b5a3-4ab4-844e-fbefd2b282ee,"Wenty's Wednesdays $6k GTD",FIXED,gameActualStartDateTime,false,20081,2024-08-21T14:06:38.000Z,2024-08-21T08:31:57.000Z,
9bb565ef-1596-45b6-a6a1-006ae1cb3150,"Signature Series/MGA Event 5: 9 Game",FIXED,gameActualStartDateTime,true,25644,2025-03-01T10:16:06.000Z,2025-03-01T03:08:42.000Z,
a2baf07d-6b10-4a5a-8f3f-b526a51893c2,"Kings Cup Event 5: Triple Barrel Double re entry until end of level 10",FIXED,totalDuration;gameEndDateTime;gameActualStartDateTime,false,31222,2024-12-07T14:40:58.000Z,2024-12-07T06:00:36.000Z,
fdcb03f7-c5b6-4e55-94f0-d88dd353a022,"Signature Series Event 3: Survivor Bounty SC",FIXED,gameActualStartDateTime,false,10,2024-02-18T03:12:20.000Z,2024-02-18T03:12:10.000Z,
3e6114b4-929b-444a-ab18-7f7047ec2a80,"Colossus Series Event 21 - Closing Event",FIXED,gameActualStartDateTime,false,29831,2025-06-16T16:49:45.000Z,2025-06-16T08:32:34.000Z,
718e5fa9-74c7-4a1b-b409-892c89c434c0,"St George Leagues Monday $10k GTD",FIXED,totalDuration;gameEndDateTime;gameActualStartDateTime,false,25113,2026-01-05T14:29:15.000Z,2026-01-05T07:30:42.000Z,
8caf0912-86b6-4c0e-a055-1b13b2c1a800,"Sydney Millions Event 7: Colossus Flight 1A",FIXED,gameActualStartDateTime,true,23700,2023-11-12T12:36:24.000Z,2023-11-12T06:01:24.000Z,
c85ca6f6-4805-401e-bee0-5eb98534dc38,"Kings Sig series MAIN EVENT satellite. 1 seat per 10 entries. 2 seats GTD 2 x $750 ME seats GTD",FIXED,gameActualStartDateTime,false,,,2023-07-17T08:30:07.000Z,
7129375d-175b-40a4-9989-807ae3f68d1c,"MAIN EVENT FLIGHT D - $75,000 GTD $75,000 Guaranteed - $119,700 RECORD PP",FIXED,totalDuration;gameEndDateTime;gameActualStartDateTime,true,25201,2025-07-16T14:35:37.000Z,2025-07-16T07:35:36.000Z,
d778178b-f3d0-4d6c-827b-fcb1b369b0f3,"Hillside Hotel Mondays",FIXED,gameActualStartDateTime,false,22274,2025-10-27T13:41:17.000Z,2025-10-27T07:30:03.000Z,
276b6af4-3b27-41a4-96d3-72895cc58e88,"Thursdays Grind St.George Leagues Thursday Weekly $120 rebuy until 9:40pm",FIXED,gameActualStartDateTime,false,25464,2025-07-31T15:38:16.000Z,2025-07-31T08:33:52.000Z,
b5c12d15-2e7d-44a3-bc36-5ee2dc706d80,"Sydney Millions: STAFF GAME Rebuys available until the end of level 10",FIXED,gameActualStartDateTime,false,15423,2023-11-24T15:07:04.000Z,2023-11-24T10:50:01.000Z,
b39b2015-3c0e-4160-b874-0d9dc3dbd6e5,"$5,000 GTD Thursday Grind Thursday Weekly $220 rebuy until 9:40pm",FIXED,gameActualStartDateTime,false,24642,2023-12-21T14:22:47.000Z,2023-12-21T07:32:05.000Z,
44dfdc35-ef71-457f-bb72-629f0855bd86,"Wednesday night CASH GAME",FIXED,gameActualStartDateTime,false,1,2025-03-26T12:20:17.000Z,2025-03-26T12:20:16.000Z,
89962f1c-02fd-4af2-8392-aa46a68e9684,"Sydney Millions Event 9 : THE BIG FREEZE",FIXED,gameActualStartDateTime,false,32000,2024-11-05T15:53:21.000Z,2024-11-05T07:00:01.000Z,
3f2cb4e6-c487-42bb-b677-8055b1238c0f,"Bella Vista Hotel Tuesday $6k GTD",FIXED,gameActualStartDateTime,false,21016,2025-12-23T13:20:59.000Z,2025-12-23T07:30:43.000Z,
25288268-11d0-4888-8062-3d6ee7213d77,"Signature Series Event 9 : H.O.P. Holdem. Omaha. Pineapple.",FIXED,gameActualStartDateTime,false,25875,2025-03-02T13:39:49.000Z,2025-03-02T06:28:34.000Z,
ae705325-b80c-4f51-bde5-b465018da760,"Colossus Series Event 1: Opening Flight 1C",FIXED,gameActualStartDateTime,true,28500,2024-06-08T09:55:08.000Z,2024-06-08T02:00:08.000Z,
e81a8d98-2d6c-493c-b884-3ced5f3b926b,"Church $10k GTD",FIXED,totalDuration;gameEndDateTime;gameActualStartDateTime,true,31263,2024-11-16T15:41:09.000Z,2024-11-16T07:00:06.000Z,
75568e05-00b6-47d7-bc5d-18b573902aa6,"Colossus Series Event 15 : MGA H.E.R.O.S",FIXED,gameActualStartDateTime,true,14776,2025-06-14T09:07:17.000Z,2025-06-14T05:01:01.000Z,
77d47466-dc1c-425c-9fcb-2795f20f99f0,"Tuesday BIG EXTRA Poker @ Churchills Sports Bar 5 times a week!",FIXED,totalDuration;gameEndDateTime;gameActualStartDateTime,false,31400,2023-11-07T15:43:52.000Z,2023-11-07T07:00:32.000Z,
ae459751-4cb7-48d6-8b1a-4014520863cd,"MAIN EVENT - DAY 2 $50,000 Guaranteed - $119,700 RECORD PP",FIXED,totalDuration;gameEndDateTime;gameActualStartDateTime,false,36460,2024-11-17T10:11:29.000Z,2024-11-17T00:03:49.000Z,
c67dde2a-1131-47c1-9577-fc5f1b003078,"KC @ Churchills Event 10: MAIN EVENT Flight 1C",FIXED,totalDuration;gameEndDateTime;gameActualStartDateTime,true,29551,2026-01-22T14:12:50.000Z,2026-01-22T06:00:19.000Z,
a8890681-2873-4011-b793-dbb8f8bb0132,"MINI MAIN EVENT $24,050 PP -150GOC -481POTS",NO_S3_KEY,,false,,,,
d5fd359a-4346-4c7e-8fb2-fefa2b5f7526,"Kings Cup Event 4: Sunday Grind 2 x Re-Entry till 440pm",FIXED,totalDuration;gameEndDateTime;gameActualStartDateTime,false,42857,2024-09-08T13:54:17.000Z,2024-09-08T02:00:00.000Z,
20d5dbbe-ada7-4b52-aebf-63bc469701de,"MAIN EVENT FLIGHT D - $50,000 GTD $50,000 Guaranteed - $119,700 RECORD PP",FIXED,totalDuration;gameEndDateTime;gameActualStartDateTime,true,23401,2024-11-14T13:02:13.000Z,2024-11-14T06:32:12.000Z,
08857afe-398b-48e8-8c87-75f16bf74b59,"Kings Cup Event 3: The 300 Late rego and rebuys until 9pm",FIXED,totalDuration;gameEndDateTime;gameActualStartDateTime,false,31376,2024-06-25T16:43:11.000Z,2024-06-25T08:00:15.000Z,
7c35fb89-14e2-49fe-8e55-773bfff8cf7c,"$5,000 GTD Monday Bankroll Builder Monday Weekly $120 re-entry until 9:40pm",FIXED,gameActualStartDateTime,false,24747,2025-01-06T14:23:21.000Z,2025-01-06T07:30:54.000Z,
7a7eeaa1-fcfc-4173-8f85-94b3ac7ccdc8,"Bella Vista Hotel Tuesday $6k GTD",FIXED,gameActualStartDateTime,false,25160,2025-11-18T14:59:12.000Z,2025-11-18T07:59:52.000Z,
5acf2684-d6ff-4697-a2ab-c3b315a67ace,"Sydney Millions Thursday Satty 2 seats guaranteed 1 in 10 wins",FIXED,gameActualStartDateTime,false,,,2023-09-28T08:30:08.000Z,
d8b8ced9-122d-41b0-8aa4-cb9698ae09a5,"Colossus Series ME satty - 3 seats GTD",FIXED,gameActualStartDateTime,false,16480,2025-06-10T14:02:43.000Z,2025-06-10T09:28:03.000Z,
47f01137-3ce8-4cb9-abcf-ca1368ddf515,"Thursdays Grind St.George Leagues Thursday Weekly $120 rebuy until 9:40pm",FIXED,gameActualStartDateTime,false,27280,2025-08-21T16:04:45.000Z,2025-08-21T08:30:05.000Z,
a2ba7753-dcc5-4ba8-96cc-4c063490a8c7,"Dragon Lunar Super HIgh Roller Satty Friday Weekly Dragon Lunar Super HIgh Roller Satty $350 rebuy until 9:40pm",FIXED,gameActualStartDateTime,false,23417,2024-02-02T14:06:40.000Z,2024-02-02T07:36:23.000Z,
13d79839-ae26-43c5-8223-3e31c9674303,"Colossus Series Wednesday Mega Satty (1kHr + Main) 3 Mega Packages Guaranteed",FIXED,gameActualStartDateTime,false,20598,2025-05-14T14:38:54.000Z,2025-05-14T08:55:36.000Z,
68c727cc-fef1-4b8f-9aae-4ec551e2a18e,"Churchill's SHOTCLOCK SUNDAY Poker @ Churchills Sports Bar 5 times a week!",FIXED,totalDuration;gameEndDateTime;gameActualStartDateTime,false,21414,2025-04-20T13:57:25.000Z,2025-04-20T08:00:31.000Z,
28e3332e-458c-4dcf-a453-d5b2e39c4235,"Wenty's Wednesday $10k GTD",FIXED,totalDuration;gameEndDateTime;gameActualStartDateTime,false,24349,2026-01-21T14:15:56.000Z,2026-01-21T07:30:07.000Z,
1dc07bf5-21df-4a5b-80be-fe03380d8e27,"Sydney Millions 2023 Event 7",NO_S3_KEY,,false,,,,
464b0446-ba3a-4048-9e33-f39954056659,"$2,000 GTD Monday's at Kings Room Monday Weekly $100 rebuy until 9:10pm",FIXED,gameActualStartDateTime,false,,,2023-07-03T08:30:28.000Z,
0028f9ae-3d2d-49ff-870d-d7b73dea1bc9,"Wenty's Wednesdays $6k GTD",FIXED,gameActualStartDateTime,false,20442,2025-04-09T14:34:59.000Z,2025-04-09T08:54:17.000Z,
b4907c3c-0243-4a34-91b0-3ceb6ee93638,"Sydney Millions Event 2: Mini Highroller",FIXED,gameActualStartDateTime,true,28808,2023-11-10T14:01:27.000Z,2023-11-10T06:01:19.000Z,
7bcf10ca-ecd2-47ec-b358-3d2cbbac0485,"$5,000 GTD Monday Bankroll Builder Monday Weekly $120 re-entry until 9:40pm",FIXED,gameActualStartDateTime,false,23779,2024-04-22T15:10:17.000Z,2024-04-22T08:33:58.000Z,
a2a77b3a-403c-47de-9524-fffe3b1971fe,"DOUBLE BARREL SHOT CLOCK FLT B Dealer dealt Tuesday 6pm",NO_S3_KEY,,false,,,,
6bd83895-3fec-49b5-873b-d0a867d1eabc,"Weekly Wednesday PLO4 at KR STG",FIXED,gameActualStartDateTime,false,19989,2025-04-16T14:37:50.000Z,2025-04-16T09:04:41.000Z,
489f2e8d-2f2e-4933-97b4-02af6c0b2fdb,"Wednesday night CASH GAME",FIXED,gameActualStartDateTime,false,21160,2025-07-02T15:15:14.000Z,2025-07-02T09:22:34.000Z,
2869f8c9-87d0-4f0e-8f9e-d1e6ceb7d6eb,"Kings Room Championship Flight 1A Day 2 Sunday 9th at 12pm",FIXED,gameActualStartDateTime,false,,,2023-07-06T08:00:43.000Z,
eaaa2589-dca3-4708-99f3-69b694be8289,"Sydney Millions Event 11: Dealers Choice",FIXED,gameActualStartDateTime,false,24745,2023-11-17T08:59:55.000Z,2023-11-17T02:07:30.000Z,
42db4d3c-a704-4aef-a2bf-75a7e6864138,"Sydney Millions Event 14: PKO",FIXED,gameActualStartDateTime,false,30248,2023-11-18T15:02:58.000Z,2023-11-18T06:38:50.000Z,
50e98226-307d-4255-9bb0-5db63718379a,"St George Leagues Monday $10k GTD",FIXED,gameActualStartDateTime,false,24170,2025-11-17T14:13:31.000Z,2025-11-17T07:30:41.000Z,
a7b2a70c-4bac-4a9e-a3a4-0cc7cc2597ff,"Kings Cup Event 8: MAIN EVENT - Day 2",FIXED,totalDuration;gameEndDateTime;gameActualStartDateTime,true,49711,2024-07-07T14:14:35.000Z,2024-07-07T00:26:04.000Z,
c0d14c50-35d7-4e92-9ba8-2e43ffc3b6a1,"MINI MAIN EVENT DAY 2 $540 AWARDED TO POTS & $150 TO GOC",FIXED,totalDuration;gameEndDateTime;gameActualStartDateTime,false,20885,2023-11-05T06:52:09.000Z,2023-11-05T01:04:04.000Z,
fe5821ea-430f-428d-9f1a-9c43814ea961,"Kings Room Signature series: ME SATTY. 2 x seats GTD",FIXED,gameActualStartDateTime,false,,,2023-08-02T08:31:49.000Z,
c15b3ebc-2018-4f45-93eb-b551f26f3362,"Tuesday HighRoller Poker @ Churchills Sports Bar 5 times a week!",FIXED,totalDuration;gameEndDateTime;gameActualStartDateTime,false,26324,2023-11-21T14:20:49.000Z,2023-11-21T07:02:05.000Z,
3f08a1f8-fdf2-4471-9d7b-82333b33a0e9,"KINGS 20K REPECHAGE FLT A $20,000 Guaranteed - $42,716 PP LAST TIME HELD",FIXED,totalDuration;gameEndDateTime;gameActualStartDateTime,true,18655,2023-09-21T14:14:50.000Z,2023-09-21T09:03:55.000Z,
fad6db02-5611-4a17-8643-9907c2abda45,"Bella Vista Hotel Tuesdays $6k GTD",FIXED,gameActualStartDateTime,false,22879,2025-08-26T15:07:33.000Z,2025-08-26T08:46:14.000Z,
1e9be676-2234-4678-b58a-dba937931b88,"Dragon Lunar MAIN EVENT Flight 1D",FIXED,gameActualStartDateTime,true,164110,2024-02-25T23:35:18.000Z,2024-02-24T02:00:08.000Z,
4377b9fe-633e-4e77-b424-4c6e7e91686f,"1KHR - $100,000 GTD $152,000 RECORD PP",FIXED,totalDuration;gameEndDateTime;gameActualStartDateTime,true,66683,2025-11-22T00:31:58.000Z,2025-11-21T06:00:35.000Z,
004a9cd4-413a-4268-bd86-30a9bb7dff05,"November Big Extra Late rego and rebuys until 9:20pm",FIXED,totalDuration;gameEndDateTime;gameActualStartDateTime,false,34197,2025-11-04T16:30:21.000Z,2025-11-04T07:00:24.000Z,
966e20f7-289d-4121-ab09-b3b70b76fb4c,"Sydney Millions Event 5: Players Champs Flight 1A",FIXED,gameActualStartDateTime,true,29284,2025-10-25T11:13:46.000Z,2025-10-25T03:05:42.000Z,
84945bb3-9a68-4cc4-b9be-7540fb251e66,"Kings Room Signature series Event 1: HIGHROLLER",FIXED,gameActualStartDateTime,false,,,2023-08-02T07:01:14.000Z,
258e8b5b-a968-4394-bf25-6bdb7b25cb31,"Friday $10k GTD St.George Leagues Club $10,000 GTD. re-entry",FIXED,gameActualStartDateTime,false,29412,2025-07-18T16:40:17.000Z,2025-07-18T08:30:05.000Z,
29111f6d-45c4-45bc-b047-49be00ed56cb,"Signature Series Event 3: Survivor Bounty SC",FIXED,gameActualStartDateTime,false,25082,2024-02-18T12:06:47.000Z,2024-02-18T05:08:45.000Z,
da977e77-32c4-49ca-be26-65f395c636d7,"THE DEEP FREEZE 100K ss Freezeout",FIXED,totalDuration;gameEndDateTime;gameActualStartDateTime,false,20935,2024-06-28T13:37:35.000Z,2024-06-28T07:48:40.000Z,
14d29083-2d39-417e-919e-89faef1879a8,"KC @ Churchills Event 1: Sunday Grind",FIXED,totalDuration;gameEndDateTime;gameActualStartDateTime,true,42201,2025-08-31T13:45:03.000Z,2025-08-31T02:01:42.000Z,
4a52659e-21af-4d8c-8617-c0fd1093515f,"POO PKO Dealer dealt",FIXED,totalDuration;gameEndDateTime;gameActualStartDateTime,false,17168,2024-11-13T10:59:22.000Z,2024-11-13T06:13:14.000Z,
fa0ff8a1-d47b-4d63-8231-e3ebcb209efa,"Wenty's Wednesdays $6k GTD",FIXED,gameActualStartDateTime,false,21764,2024-09-11T14:35:25.000Z,2024-09-11T08:32:41.000Z,
6eabe1fa-cd89-470c-aa7b-9f17d25ada6f,"MINI MAIN EVENT FLT C  $20,000 GTD $20,000 Guaranteed",FIXED,totalDuration;gameEndDateTime;gameActualStartDateTime,true,15251,2024-03-10T10:30:11.000Z,2024-03-10T06:16:00.000Z,
91a2019d-d140-4660-8601-376bee941ef2,"$5,000 GTD Thursday's at Kings Room Thursday Weekly $200 rebuy until 9:40pm",FIXED,gameActualStartDateTime,false,,,2023-06-22T08:33:04.000Z,
e5068155-9dd3-444c-b3dc-c2474b44b2a5,"Churchill's SHOTCLOCK SUNDAY Poker @ Churchills Sports Bar 5 times a week!",FIXED,totalDuration;gameEndDateTime;gameActualStartDateTime,false,22870,2024-04-21T14:23:44.000Z,2024-04-21T08:02:34.000Z,
80c2fcaa-3f8e-415d-a681-58a832b9fe7f,"1KHR SATTY 1 x HR $1150 seats guaranteed",FIXED,totalDuration;gameEndDateTime;gameActualStartDateTime,false,8936,2025-03-28T07:36:09.000Z,2025-03-28T05:07:13.000Z,
708bff4c-c8b9-4701-9e62-5150334a4ac0,"Churchill's SHOTCLOCK SUNDAY Poker @ Churchills Sports Bar 5 times a week!",FIXED,totalDuration;gameEndDateTime;gameActualStartDateTime,false,22744,2025-05-25T14:20:51.000Z,2025-05-25T08:01:47.000Z,
5e76f3c5-cfd9-402e-b96b-0f053e4d317a,"Wednesday night CASH GAME St George Leagues",FIXED,gameActualStartDateTime,false,27665,2025-10-15T15:22:25.000Z,2025-10-15T07:41:20.000Z,
bfcfbb94-8afb-435e-abc9-0635d6f698cd,"Sydney Millions Event 13: The Juggernaut SC",FIXED,gameActualStartDateTime,false,38257,2023-11-18T12:37:39.000Z,2023-11-18T02:00:02.000Z,
3e084784-fb0c-4213-b275-599ebe5e3540,"Signature Series Event 4: Accumulator SC Day 2",FIXED,gameActualStartDateTime,true,16825,2024-02-20T19:12:14.000Z,2024-02-20T14:31:49.000Z,
089c2948-eaf3-45ad-b2f7-201c53849443,"Kings Cup Event 8: MAIN EVENT - Day 2",FIXED,totalDuration;gameEndDateTime;gameActualStartDateTime,true,47308,2024-09-15T03:50:32.000Z,2024-09-14T14:42:04.000Z,
a46c3fb4-1834-4c15-9243-97dd02e0cacc,"Wednesday night CASH GAME St George Leagues",FIXED,gameActualStartDateTime,false,24010,2025-11-19T13:55:19.000Z,2025-11-19T07:15:09.000Z,
2b4f32c9-92a8-43e9-86dc-2a9dec7adefc,"FREE2PLAY 500HR SATY 2 X 500HR SEATS GUARANTEED",FIXED,totalDuration;gameEndDateTime;gameActualStartDateTime,false,15870,2025-07-11T05:28:28.000Z,2025-07-11T01:03:58.000Z,
e9bd7b76-af88-422d-9067-850cc8476009,"Wenty's Wednesdays $6k GTD",FIXED,gameActualStartDateTime,false,21278,2024-11-20T13:28:31.000Z,2024-11-20T07:33:53.000Z,
3e9ca1fd-a4e9-44b1-afab-dbed72c28c8d,"Thursdays Grind St.George Leagues Thursday Weekly $120 rebuy until 9:40pm",FIXED,gameActualStartDateTime,false,26708,2025-07-24T15:55:21.000Z,2025-07-24T08:30:13.000Z,
e1e23e76-8d84-4c19-af52-785514a3144c,"Kings Room Signature Series Event 8: MAIN EVENT Day 2",FIXED,gameActualStartDateTime,false,,,2023-02-26T00:43:04.000Z,
e1361cef-fb27-4596-a4c4-e36336b278ad,"500HR SATTY 1 x $500HR seat awarded for every $500 in the pool",FIXED,totalDuration;gameEndDateTime;gameActualStartDateTime,false,8388,2025-07-09T14:03:01.000Z,2025-07-09T11:43:13.000Z,
5f530c44-e266-4939-965c-71de0e9dd7d0,"Sydney Millions Event 11 : Mystery Bounty BOUNTIES in play when down to 20% of field",FIXED,gameActualStartDateTime,true,38331,2024-11-08T12:40:21.000Z,2024-11-08T02:01:30.000Z,
bf42d37a-23d0-4c28-a531-597e7c213f12,"HEADS UP CHAMPS Dealer dealt from Round of 16",FIXED,totalDuration;gameEndDateTime;gameActualStartDateTime,false,4,2023-02-25T09:30:16.000Z,2023-02-25T09:30:12.000Z,
c5c3eca0-4f09-47fc-880a-ce21dc97cd48,"Friday St. George Leagues Club $8,000 GTD $8000 GTD",FIXED,gameActualStartDateTime,false,,,2023-03-31T07:35:21.000Z,
4d6d3066-c6bc-4caf-bda9-0f2394970eb8,"Kings Room Special event $30,000 GTD",FIXED,totalDuration;gameEndDateTime;gameActualStartDateTime,false,43165,2025-12-27T12:59:30.000Z,2025-12-27T01:00:05.000Z,
2a200198-0e73-413c-b7fb-ae67b9b20cc4,"Churchill's SHOTCLOCK SUNDAY Poker @ Churchills Sports Bar 5 times a week!",FIXED,totalDuration;gameEndDateTime;gameActualStartDateTime,false,20683,2025-07-27T13:46:25.000Z,2025-07-27T08:01:42.000Z,
3284ff4a-1129-47a5-b550-4b75ba4a34d1,"Wenty's Wednesdays $6k Gtd",FIXED,gameActualStartDateTime,false,21605,2025-08-27T14:33:38.000Z,2025-08-27T08:33:33.000Z,
0d97f07f-2e76-4870-a6b9-a3de5b9067c4,"Behemoth Satty 1 in 8",FIXED,gameActualStartDateTime,false,15573,2024-06-10T09:03:07.000Z,2024-06-10T04:43:34.000Z,
481da229-ac93-497b-ab90-60a28b1f6b72,"Sydney Millions Event 8D: MAIN EVENT Flight D $500,000 Guaranteed",FIXED,gameActualStartDateTime,true,29710,2024-11-08T14:18:52.000Z,2024-11-08T06:03:42.000Z,
c6e34659-fa2a-4691-bd06-ac880b3852cb,"Tuesday Highroller Poker @ Churchills Sports Bar 5 times a week!",FIXED,totalDuration;gameEndDateTime;gameActualStartDateTime,false,22924,2025-03-04T13:22:58.000Z,2025-03-04T07:00:54.000Z,
c01aecf6-a296-4d27-b2f1-12e194cd55f0,"$5,000 est Monday Bankroll Builder Monday Weekly $120 re-entry until 9:40pm",FIXED,gameActualStartDateTime,false,17789,2024-12-09T12:36:33.000Z,2024-12-09T07:40:04.000Z,
06c7cd9c-036a-4aee-8526-d7ccbc6a8810,"Wenty's Wednesday $10k GTD",FIXED,totalDuration;gameEndDateTime;gameActualStartDateTime,false,25154,2026-01-28T14:29:34.000Z,2026-01-28T07:30:20.000Z,
49a0ffd8-cb20-4dc9-ab74-1c49a3538c3c,"Colossus Series Event 3: Behemoth Flight 1B",FIXED,gameActualStartDateTime,true,29100,2024-06-10T15:06:26.000Z,2024-06-10T07:01:26.000Z,
656bc97d-ad1a-4179-ab25-b501b09c29e7,"Churchill's SHOTCLOCK SUNDAY Poker @ Churchills Sports Bar 5 times a week!",FIXED,totalDuration;gameEndDateTime;gameActualStartDateTime,false,22137,2025-09-28T14:09:12.000Z,2025-09-28T08:00:15.000Z,
a3eeeb45-df49-4b05-85ee-fa61ef2dd6b5,"$8,000 GTD Friday's at Kings Room Rebuys Until 9:40pm",FIXED,gameActualStartDateTime,false,,,2023-07-14T08:45:00.000Z,
928504d1-08b6-446e-add5-f845b57187aa,"Manly Leagues Series Event 4: HIGHROLLER Re-entry until end of level 8",FIXED,totalDuration;gameEndDateTime;gameActualStartDateTime,false,36271,2023-09-10T14:05:05.000Z,2023-09-10T04:00:34.000Z,
906a2dd6-cf34-4fdd-8dec-37b0d0dd492b,"Wednesday night CASH GAME",FIXED,gameActualStartDateTime,false,5,2025-06-25T15:18:44.000Z,2025-06-25T15:18:39.000Z,
2df591a2-f6da-418b-b353-caf01fcbd90f,"Signature series MEGA OPENING satty 10 Seats Guaranteed",FIXED,gameActualStartDateTime,false,13523,2025-02-28T09:50:50.000Z,2025-02-28T06:05:27.000Z,
095f3118-2b27-401c-b45c-fa6503afda42,"Kings Cup Event 8: MAIN EVENT Flight 1A 2 x Re-entry",FIXED,totalDuration;gameEndDateTime;gameActualStartDateTime,true,29700,2024-09-11T15:17:48.000Z,2024-09-11T07:02:48.000Z,
2d93a792-6f20-44a0-a020-d104d72ea3de,"450 TURBO SATY 1 X $450 HR SEAT FOR EVERY $450 IN THE POOL - RAKE FREE",FIXED,totalDuration;gameEndDateTime;gameActualStartDateTime,false,7507,2023-03-04T07:40:15.000Z,2023-03-04T05:35:08.000Z,
967689b9-27e1-4415-8709-d0a7292b12f9,"Tuesday Highroller Poker @ Churchills Sports Bar 5 times a week!",FIXED,totalDuration;gameEndDateTime;gameActualStartDateTime,false,27420,2024-08-27T15:38:05.000Z,2024-08-27T08:01:05.000Z,
fcaa587b-311c-4502-8795-1c926b8f9ab2,"Colossus Series Event 9: Main Event Flight 1B",FIXED,gameActualStartDateTime,true,29700,2024-06-14T15:16:59.000Z,2024-06-14T07:01:59.000Z,
6abcd72f-d745-464f-b5a7-d84b662db9cf,"Hillside Hotel Mondays",FIXED,gameActualStartDateTime,false,24539,2025-09-01T15:20:49.000Z,2025-09-01T08:31:50.000Z,
c1405a55-325f-4f3b-bcd1-a2671b47c4d2,"Friday night CASH GAME St George Leagues",FIXED,gameActualStartDateTime,false,2,2025-10-17T14:57:53.000Z,2025-10-17T14:57:51.000Z,
d0a9b6d4-7be7-47b4-8d3b-b4acb6b4a52f,"Kings Cup Event 10: Highroller 2 x re entry",FIXED,totalDuration;gameEndDateTime;gameActualStartDateTime,false,38033,2024-07-07T14:34:41.000Z,2024-07-07T04:00:48.000Z,
b6a19fd7-f9c4-465b-a1a6-c0795bd87d05,"BLACKBUTT THURSDAY NIGHTS",FIXED,totalDuration;gameEndDateTime;gameActualStartDateTime,false,19897,2023-09-28T13:41:39.000Z,2023-09-28T08:10:02.000Z,
6e9b22ab-c8c8-4a89-abc0-a74bcc932723,"$450 HIGH ROLLERS 10 levels of play on starts Sunday 11am - 2 levels of play for late reg",NO_S3_KEY,,false,,,,
7a758dff-a2d0-44fc-bdbc-75fe15e68cbc,"Kings Room Signature series Event 9: Big Bounty",FIXED,gameActualStartDateTime,false,,,2023-05-21T05:01:55.000Z,
58e1251c-563d-4c4c-b7a4-d3ef72f42692,"Sydney Millions Event 4: Kings Room DEEPSTACK SC",FIXED,gameActualStartDateTime,false,43741,2023-11-11T16:11:03.000Z,2023-11-11T04:02:02.000Z,
238b6a69-bcd7-4458-8b14-e62a1d645332,"Sydney Millions Colossus Satty Rebuys available until the end of level 10",FIXED,gameActualStartDateTime,false,,,2023-10-16T07:30:02.000Z,
b98054d6-2193-4cdb-8d12-e1638a0bf421,"KINGS CUP $7,500 Guaranteed",FIXED,totalDuration;gameEndDateTime;gameActualStartDateTime,false,21270,2025-11-15T07:27:35.000Z,2025-11-15T01:33:05.000Z,
abd5b1f6-20fd-4754-8256-9cd8863d9f9b,"Sydney Millions Colossus Satty Rebuys available until the end of level 10",FIXED,gameActualStartDateTime,false,,,2023-10-30T07:30:12.000Z,
c2083bf7-beb8-47a8-b0ec-68fc691abb3b,"Signature Series ME satty",FIXED,gameActualStartDateTime,false,13936,2024-02-20T13:59:31.000Z,2024-02-20T10:07:15.000Z,
8fa5ae98-5af1-47e3-89dc-6800835e051d,"MINI MAIN EVENT 1A $20,000 Guaranteed",FIXED,totalDuration;gameEndDateTime;gameActualStartDateTime,true,15755,2023-11-01T12:32:19.000Z,2023-11-01T08:09:44.000Z,
e64e2012-18d8-40f8-a9c3-fd87fe8c9eb3,"DEALERS CHOICE MIXED GAMES Dealer Dealt",FIXED,totalDuration;gameEndDateTime;gameActualStartDateTime,false,18631,2025-07-18T07:30:38.000Z,2025-07-18T02:20:07.000Z,
ddd3d9d0-7f31-489f-9716-fa64a2dfd651,"Signature Series Main Event Satty Monday 6 Main Event Seats Guaranteed Every Monday",FIXED,gameActualStartDateTime,false,17868,2024-07-08T13:35:44.000Z,2024-07-08T08:37:56.000Z,
b1176f59-a9c4-4919-9c67-44a773747c96,"Kings Room Signature series Event 5: 6-max SHOTCLOCK",FIXED,gameActualStartDateTime,false,,,2023-02-19T02:11:39.000Z,
61f9916a-ea9c-4fd9-99f4-441aa99a527f,"1KHR FREEROLL SATY 2 X 1KHR SEATS GUARANTEED",FIXED,totalDuration;gameEndDateTime;gameActualStartDateTime,false,15264,2025-11-21T04:16:20.000Z,2025-11-21T00:01:56.000Z,
c5254cac-cc25-4de0-8b47-e7e2e53b45c9,"Signature Series Event 3A : 1K Highroller Flight A $100,000 Guaranteed",FIXED,gameActualStartDateTime,true,29100,2024-08-04T12:07:08.000Z,2024-08-04T04:02:08.000Z,
9109a33a-3217-417f-92ff-313f9554f2e6,"1KHR SATELLITE 1 X 1KHR seat for every $1120 in the pool",FIXED,totalDuration;gameEndDateTime;gameActualStartDateTime,false,4755,2023-11-02T12:33:59.000Z,2023-11-02T11:14:44.000Z,
52b9c420-e3fa-44a7-8147-5c1eef63c8dd,"Wednesday night CASH GAME St George Leagues",FIXED,gameActualStartDateTime,false,3,2025-08-13T15:50:06.000Z,2025-08-13T15:50:03.000Z,
a08a1398-405d-4461-a56e-353a35c66154,"Friday special 10k Gtd Friday Weekly $150 re-entry until 10:20pm",FIXED,gameActualStartDateTime,false,26331,2025-03-28T14:51:54.000Z,2025-03-28T07:33:03.000Z,
c16a123a-c45c-441c-afab-320725e15ba8,"OPENING EVENT FLT C  $15,000 $15,000 Guaranteed - bag at end of level 13 or at 12.5%",FIXED,totalDuration;gameEndDateTime;gameActualStartDateTime,true,16801,2024-11-07T12:42:47.000Z,2024-11-07T08:02:46.000Z,
88adf146-b93e-4ca6-8358-d57e1902f9ba,"Friday St. George Leagues Club $8,000 GTD $8000 GTD Rebuy End of level 8 (9:40pm)",FIXED,gameActualStartDateTime,false,,,2023-04-28T08:30:04.000Z,
8b2ed90b-9bf4-4f7f-b799-c70798369438,"Tuesday HighRoller Poker @ Churchills Sports Bar 5 times a week!",FIXED,totalDuration;gameEndDateTime;gameActualStartDateTime,false,29133,2024-06-18T16:07:12.000Z,2024-06-18T08:01:39.000Z,
0d1f87ef-5d4d-423e-bf7d-001378c95d25,"Highroller $1500 Satellite. 1 seat per 10 entries. 2 seats GTD 2 seats GTD for Highroller $1500",FIXED,gameActualStartDateTime,false,,,2023-07-27T08:31:26.000Z,
c26ff69f-8f49-438d-9d6c-2c466b8f00b5,"Kings Cup Event 10: MAIN EVENT Flight 1C",FIXED,totalDuration;gameEndDateTime;gameActualStartDateTime,true,30313,2025-02-21T14:25:18.000Z,2025-02-21T06:00:05.000Z,
582aecc6-24f4-4fc3-a4da-6f17dd421306,"Friday 10k Gtd Friday Weekly $150 re-entry until 10:20pm",FIXED,gameActualStartDateTime,false,26955,2025-11-07T14:59:52.000Z,2025-11-07T07:30:37.000Z,
c9951aff-1380-4cae-a321-058c0f0c726d,"THE JUGGERNAUT SUPER FREEZE 150K ss Freezeout - $7500 GTD",FIXED,totalDuration;gameEndDateTime;gameActualStartDateTime,false,29374,2024-03-17T09:13:41.000Z,2024-03-17T01:04:07.000Z,
16d17302-4178-41ef-954d-f25f61f34c56,"KINGS CUP $10,000 GTD $10,000 Guaranteed",FIXED,totalDuration;gameEndDateTime;gameActualStartDateTime,false,33057,2024-03-09T09:41:14.000Z,2024-03-09T00:30:17.000Z,
861f2dda-4de2-4db0-a959-be5e9995c8a6,"Sydney Millions Colossus Satellite Monday. 6 Gtd 6 Colossus Seats Guaranteed Every Monday",FIXED,gameActualStartDateTime,true,18339,2024-10-14T12:36:30.000Z,2024-10-14T07:30:51.000Z,
fff49307-a12f-496f-84c3-abf5f4b2b27e,"Kings Room Signature series: ME SATTY. 1 seat per 10 entries",FIXED,gameActualStartDateTime,false,,,2023-08-05T11:02:58.000Z,
9bdf81da-9044-4d48-95b9-90b445b73fc0,"Signature Series Friday Mega Satty (1kHr + Main) 2 Mega Packages Guaranteed",FIXED,gameActualStartDateTime,false,18487,2025-02-14T13:02:52.000Z,2025-02-14T07:54:45.000Z,
df8f2ddc-d46e-4d8d-822f-5aa832c35641,"Churchill's SHOTCLOCK SUNDAY Poker @ Churchills Sports Bar 5 times a week!",FIXED,totalDuration;gameEndDateTime;gameActualStartDateTime,false,19891,2024-01-28T12:34:35.000Z,2024-01-28T07:03:04.000Z,
3661d097-bb78-48a2-af09-b682335fb523,"KINGDOM CHAMPS $10,000 GTD $10,000 Guaranteed - Dealer dealt",FIXED,totalDuration;gameEndDateTime;gameActualStartDateTime,false,28488,2023-07-15T09:57:59.000Z,2023-07-15T02:03:11.000Z,
8f1c5da1-db8a-4716-a3e6-9b27dda49424,"Signature Series Friday Mega Satty (1kHr + Main) 3 Mega Packages Guaranteed",FIXED,gameActualStartDateTime,false,22032,2025-01-31T13:43:35.000Z,2025-01-31T07:36:23.000Z,
dd60321b-8957-402a-be42-1e6507cc580b,"Sydney Millions Event 1: Opening Event SC",FIXED,gameActualStartDateTime,true,36454,2023-11-09T17:08:24.000Z,2023-11-09T07:00:50.000Z,
0019522f-762b-4130-afbd-27a6e6f6e7df,"Signature Series Mega Satty (1kHr + Main) 3 Mega Packages Guaranteed",FIXED,gameActualStartDateTime,false,22114,2024-07-18T14:41:35.000Z,2024-07-18T08:33:01.000Z,
8952b191-dc6a-4ac4-a803-1b17f599473c,"Sydney Millions Event 8C : MAIN EVENT Flight C $500,000 Guaranteed",FIXED,gameActualStartDateTime,true,29101,2024-11-07T14:06:20.000Z,2024-11-07T06:01:19.000Z,
31461997-b97e-447b-9ab8-bb13e9284a9c,"Churchill's SHOTCLOCK SUNDAY Poker @ Churchills Sports Bar 5 times a week!",FIXED,totalDuration;gameEndDateTime;gameActualStartDateTime,false,23642,2025-08-17T14:35:34.000Z,2025-08-17T08:01:32.000Z,
dcd46bf5-8580-4534-ab67-edee8ec45175,"Sydney Millions Friday Satty 2 seats guaranteed 1 in 10 wins",FIXED,gameActualStartDateTime,false,,,2023-09-22T08:46:01.000Z,
96434829-e8be-4855-99f5-ee1d8c152eaf,"Kings Room Thursday Grind",FIXED,totalDuration;gameEndDateTime;gameActualStartDateTime,false,24105,2024-04-11T15:14:30.000Z,2024-04-11T08:32:45.000Z,
19c37833-d0b1-4462-be18-c53d68dd611d,"THE ACCELERATOR 20/15/10 min levels",FIXED,totalDuration;gameEndDateTime;gameActualStartDateTime,false,17982,2024-11-11T06:03:21.000Z,2024-11-11T01:03:39.000Z,
c2a1096f-ecc9-475b-9fb2-bec87ee153d0,"Wenty's Wednesday $10k GTD",FIXED,gameActualStartDateTime,true,21317,2025-12-03T13:25:19.000Z,2025-12-03T07:30:02.000Z,
02fbdff1-c7fd-482a-8127-f748f188d4d6,"BIG PLO Dealer Dealt",FIXED,totalDuration;gameEndDateTime;gameActualStartDateTime,false,21485,2023-07-23T10:45:18.000Z,2023-07-23T04:47:13.000Z,
ff653f00-6457-4232-852f-4c2f5e6e97ed,"Kings Room Signature series Event 9: Big Bounty",FIXED,gameActualStartDateTime,false,,,2023-02-26T04:02:09.000Z,
8331bbc5-c65d-4e70-803b-3dd8c00bfd53,"Kings Room Signature Series Event 8: MAIN EVENT Flight 1A",FIXED,gameActualStartDateTime,false,,,2023-05-17T07:06:12.000Z,
2a6f6ac4-28aa-49c4-ba80-caf8583cbd72,"Kings Cup Event 8: MAIN EVENT Flight 1D 2 x Re-entry",FIXED,totalDuration;gameEndDateTime;gameActualStartDateTime,true,29711,2024-09-14T14:15:13.000Z,2024-09-14T06:00:02.000Z,
a1ecfe1b-0b69-40ac-be0a-ce24fe3f1a31,"Tuesday Highroller Poker @ Churchills Sports Bar 5 times a week!",FIXED,totalDuration;gameEndDateTime;gameActualStartDateTime,false,28406,2025-04-08T15:53:53.000Z,2025-04-08T08:00:27.000Z,
79f2246c-5430-44c4-9ca2-8fef64cddbb4,"Tuesday Highroller Poker @ Churchills Sports Bar 5 times a week!",FIXED,totalDuration;gameEndDateTime;gameActualStartDateTime,false,30474,2025-06-17T16:27:59.000Z,2025-06-17T08:00:05.000Z,
def172f7-e1f3-47bb-a0d4-88a372d05f2d,"Sydney Millions Event 19: PLO4/5 BOMB",FIXED,gameActualStartDateTime,false,25412,2025-11-02T14:34:02.000Z,2025-11-02T07:30:30.000Z,
d46f8dec-7360-451b-a32e-4d8adffc88f7,"Thursday St. George Leagues Club $5,000 GTD $5000 GTD",FIXED,gameActualStartDateTime,false,,,2023-03-30T07:34:02.000Z,
2798df7d-2de8-48d3-89e2-1c04449ac1cf,"KINGDOM CLASSIC $10,000 Guaranteed",FIXED,totalDuration;gameEndDateTime;gameActualStartDateTime,false,36333,2024-03-16T10:35:12.000Z,2024-03-16T00:29:39.000Z,
fe9a20d4-eea1-45ce-933b-05de94c5331a,"KING PLAYING CARDS BIG BOUNTY Dealer Dealt - $100 per Bounty",FIXED,totalDuration;gameEndDateTime;gameActualStartDateTime,false,17216,2023-11-12T06:38:53.000Z,2023-11-12T01:51:57.000Z,
0bb642db-900f-4c41-9c4a-c35fd00a0e96,"Kings Cup 2024 Event 4",NO_S3_KEY,,false,,,,
2f8dd5fb-c712-4a19-9f40-a1f376872c7e,"Colossus Series Event 4: Survivor Bounty SC",FIXED,gameActualStartDateTime,false,26275,2024-06-09T13:18:17.000Z,2024-06-09T06:00:22.000Z,
e1d3ddf0-0b0e-406d-9580-bbd6d9b4aa96,"Sydney Millions HR satty",FIXED,gameActualStartDateTime,false,13744,2023-11-10T09:51:40.000Z,2023-11-10T06:02:36.000Z,
ca5a4952-cea9-4d0c-ae52-5f3bb8f41af9,"Sydney Millions 2023 Event 2",NO_S3_KEY,,false,,,,
6ffc23f4-5598-4ecc-afe5-2030f34c1a2a,"Tuesday Highroller Poker @ Churchills Sports Bar 5 times a week!",FIXED,totalDuration;gameEndDateTime;gameActualStartDateTime,false,30798,2024-10-15T15:33:39.000Z,2024-10-15T07:00:21.000Z,
7c0c51dc-5989-4f8d-9755-56752aa33d6c,"Wenty's Wednesdays $6k GTD",FIXED,gameActualStartDateTime,false,21107,2025-05-14T14:27:38.000Z,2025-05-14T08:35:51.000Z,
8939c8e1-0846-4938-a511-27c2e9c62754,"Churchill's SHOTCLOCK SUNDAY Poker @ Churchills Sports Bar 5 times a week!",FIXED,totalDuration;gameEndDateTime;gameActualStartDateTime,false,20189,2024-11-17T12:40:15.000Z,2024-11-17T07:03:46.000Z,
8634b53c-e8e1-41f1-acea-375299895311,"Colossus Series Event 6 - Kings Classic",FIXED,gameActualStartDateTime,false,38800,2025-06-09T12:52:24.000Z,2025-06-09T02:05:44.000Z,
2765c634-cdf4-4c84-a22d-18c9f93540bf,"Tuesday HighRoller Poker @ Churchills Sports Bar 5 times a week!",FIXED,totalDuration;gameEndDateTime;gameActualStartDateTime,false,26958,2023-10-31T14:29:48.000Z,2023-10-31T07:00:30.000Z,
2b024731-56f8-4ac0-81e8-d9a7cf8af34d,"OPENING EVENT FLT B $12,500 $12,500 Guaranteed",FIXED,totalDuration;gameEndDateTime;gameActualStartDateTime,true,16983,2024-06-20T13:13:19.000Z,2024-06-20T08:30:16.000Z,
cec7da90-27ca-4098-bc9b-f643c68eb104,"Wenty Leagues 10k Est",FIXED,gameActualStartDateTime,false,19994,2024-04-03T13:06:59.000Z,2024-04-03T07:33:45.000Z,
5a689a29-dbe1-4158-8cd8-086c8da36a46,"Kings Room Champs SATTY. 1 seat per 8 entries",FIXED,gameActualStartDateTime,true,18603,2024-01-05T13:10:40.000Z,2024-01-05T08:00:37.000Z,
c54d19ff-ec6b-4b7d-bc82-fdc5dfe1cf0b,"Monday St. George Leagues Club $5000 GTD",FIXED,gameActualStartDateTime,false,,,2023-02-13T07:33:50.000Z,
09efc650-3419-4bb5-a15e-b99d4034bccf,"OPENING EVENT FLT B  $20,000 GTD $20,000 Guaranteed - bag at end of level 13 or at 12.5%",FIXED,totalDuration;gameEndDateTime;gameActualStartDateTime,true,17163,2025-03-19T13:25:56.000Z,2025-03-19T08:39:53.000Z,
a33c784b-efd7-416c-ab2e-107dd1fe9a63,"THE OPENING EVENT $6000 Guaranteed",FIXED,totalDuration;gameEndDateTime;gameActualStartDateTime,false,26140,2024-03-07T13:51:19.000Z,2024-03-07T06:35:39.000Z,
7a407dbf-89f0-4422-a4a1-9c11f32405f7,"Kings Cup Event 8: MAIN EVENT Flight 1A 2 x Re-entry",FIXED,totalDuration;gameEndDateTime;gameActualStartDateTime,true,29702,2024-07-03T15:15:11.000Z,2024-07-03T07:00:09.000Z,
b3e5b85c-d122-4dd5-827b-99e418095e27,"Sydney Millions Event 3 : The Juggernaut 100k Starting Stack",FIXED,gameActualStartDateTime,false,38508,2024-11-02T15:44:10.000Z,2024-11-02T05:02:22.000Z,
950a3234-541e-4a81-b164-cd09e71d7c8e,"Kings Cup Event 2: NLH/PLO Rotation",FIXED,totalDuration;gameEndDateTime;gameActualStartDateTime,false,27630,2024-03-03T13:40:31.000Z,2024-03-03T06:00:01.000Z,
fa2dbca0-5e6d-4b37-b201-64dd0d373679,"Kings Cup Event 4: MINI MAIN Flight 1B $75,000 GTD 2 Re-Entry",FIXED,totalDuration;gameEndDateTime;gameActualStartDateTime,true,27902,2025-02-13T13:45:41.000Z,2025-02-13T06:00:39.000Z,
2273d5b5-ea11-420b-a2b1-42328aeaf38d,"Public Holiday Monday PKO",FIXED,gameActualStartDateTime,false,,,2023-06-05T06:20:12.000Z,
fb4c305c-84c4-4c26-8917-97a2e8e6302b,"THURSDAYS LIVE @ THE KINGDOM LIVE STREAMED FROM THE KINGDOM",FIXED,totalDuration;gameEndDateTime;gameActualStartDateTime,false,20519,2023-10-12T12:18:37.000Z,2023-10-12T06:36:38.000Z,
58971467-d140-40bf-b951-0b1e7e18652c,"St George Good Friday $20,000 GTD $20,000 GTD. re-entry until end of level 8",FIXED,gameActualStartDateTime,false,36712,2024-03-29T11:16:04.000Z,2024-03-29T01:04:12.000Z,
f1c2d6e4-0adf-4be8-a6aa-10de17b3185b,"THE CLOSING EVENT TURBO",FIXED,totalDuration;gameEndDateTime;gameActualStartDateTime,false,15856,2023-07-23T11:09:31.000Z,2023-07-23T06:45:15.000Z,
41d9ef9c-f25b-4cbe-ae70-da5933cfd26a,"FRIDAY DEEP FREEZE 75K ss Freezeout",FIXED,totalDuration;gameEndDateTime;gameActualStartDateTime,false,15471,2023-11-10T10:52:42.000Z,2023-11-10T06:34:51.000Z,
ca2c8f45-11d3-40c3-87d0-4e6d25f67da0,"Kings Cup Event 2: MINI MAIN Flight 1A $75,000 GTD Unlimited Re-Entry",FIXED,totalDuration;gameEndDateTime;gameActualStartDateTime,true,25082,2024-09-04T14:59:00.000Z,2024-09-04T08:00:58.000Z,
0cf51486-c337-4b58-be15-c5c35e4d0865,"$5,000 GTD Thursday's at Kings Room Thursday Weekly $200 rebuy until 9:40pm",FIXED,gameActualStartDateTime,false,,,2023-07-13T08:30:19.000Z,
7820b614-f915-4137-9170-0c7642d7ae4a,"Sydney Millions Friday Satty 2 seats guaranteed 1 in 10 wins",FIXED,gameActualStartDateTime,false,,,2023-10-13T07:50:38.000Z,
c596a3e1-1343-41b7-aa42-ce086e59a967,"Signature Series Event 13: PLO4/5 rotation",FIXED,gameActualStartDateTime,false,24241,2025-03-05T13:46:40.000Z,2025-03-05T07:02:39.000Z,
b76afde9-666e-4e44-a432-9031607c8c43,"Churchills $10k GTD",FIXED,totalDuration;gameEndDateTime;gameActualStartDateTime,false,31135,2025-07-12T16:39:03.000Z,2025-07-12T08:00:08.000Z,
94117efa-9b12-4e1b-91c9-7d8ae9845435,"1KHR $119,000 RECORD PP",FIXED,totalDuration;gameEndDateTime;gameActualStartDateTime,true,69877,2025-03-29T01:26:01.000Z,2025-03-28T06:01:24.000Z,
d3554b90-859d-43c5-95e8-7463e2cb87ef,"Signature Series Event 2: HIGHROLLER SC Day 3",FIXED,gameActualStartDateTime,true,47803,2024-02-19T18:27:13.000Z,2024-02-19T05:10:30.000Z,
288e6f54-b280-4d85-afab-de20e6acabb1,"Churchills $10k GTD",FIXED,totalDuration;gameEndDateTime;gameActualStartDateTime,false,31834,2025-01-18T15:50:36.000Z,2025-01-18T07:00:02.000Z,
0491ab8c-70ae-4bd3-bf8d-ded41ec6c4be,"Colossus Series Thursday Mega Satty (1kHr + Main) 3 package GTD 3 Mega Packages Guaranteed",FIXED,gameActualStartDateTime,false,19877,2025-05-29T14:26:03.000Z,2025-05-29T08:54:46.000Z,
5255b796-581b-402c-9a8c-30c2944c2c7a,"$5,000 GTD Thursday Grind Thursday Weekly $120 rebuy until 9:40pm",FIXED,gameActualStartDateTime,false,24501,2025-03-27T14:24:21.000Z,2025-03-27T07:36:00.000Z,
5e54f885-cb99-4886-a070-005ddba5f4a5,"$5,000 GTD Thursday Grind Thursday Weekly $120 rebuy until 9:40pm",FIXED,gameActualStartDateTime,false,21797,2025-01-09T13:33:35.000Z,2025-01-09T07:30:18.000Z,
f8d59915-8e9d-40a9-b479-b2a22f17218f,"Wednesday night CASH GAME St George Leagues",FIXED,totalDuration;gameEndDateTime;gameActualStartDateTime,false,23896,2026-01-07T14:18:52.000Z,2026-01-07T07:40:36.000Z,
91d2595f-1b62-414d-9b7e-77012a4c3cb9,"KINGS 20K REPECHAGE FLT D $20,000 Guaranteed - $42,716 PP LAST TIME HELD",FIXED,totalDuration;gameEndDateTime;gameActualStartDateTime,true,15615,2023-09-23T12:22:02.000Z,2023-09-23T08:01:47.000Z,
38f761c5-4551-4ac5-b97b-34dbd31d22ed,"Hillside Hotel Mondays",FIXED,gameActualStartDateTime,false,23026,2025-10-13T13:56:00.000Z,2025-10-13T07:32:14.000Z,
975f736b-cf58-4180-a2a5-6cfe88d3ce47,"KINGDOM 20 SEC SHOTCLOCK 20 seconds to act",FIXED,totalDuration;gameEndDateTime;gameActualStartDateTime,false,26447,2023-07-16T09:52:16.000Z,2023-07-16T02:31:29.000Z,
ad28fa22-0332-4188-a9d8-e58b7e424b18,"Super Series Event 1C : Main Event Flight C",FIXED,gameActualStartDateTime,true,29280,2025-08-07T15:08:03.000Z,2025-08-07T07:00:03.000Z,
2e8e940e-e0bf-401c-90a4-c42cb7d321b9,"Sydney Millions Event 8: 2 Bullets",FIXED,gameActualStartDateTime,false,27285,2025-10-26T15:04:57.000Z,2025-10-26T07:30:12.000Z,
0153a03e-65e6-45f8-89db-6c3b1d0bbb78,"Colossus Series 2024 Event 9: MAIN EVENT",NO_S3_KEY,,false,,,,
28306db8-b837-4811-ad25-7ad97aabc935,"Kings Cup Event 3: Triple Barrel Double re entry until end of level 10",FIXED,totalDuration;gameEndDateTime;gameActualStartDateTime,false,34359,2024-09-07T16:32:47.000Z,2024-09-07T07:00:08.000Z,
686c499f-dacd-4cdc-a057-a2ee112e7f1a,"New Years Day Special $20,000 GTD. re-entry until end of level 9",FIXED,gameActualStartDateTime,false,35026,2025-01-01T10:43:59.000Z,2025-01-01T01:00:13.000Z,
ed936a57-1db8-4f5f-9bcf-2077f843771b,"Holiday Special $20,000 GTD $20,000 GTD. re-entry until end of level 8",FIXED,gameActualStartDateTime,false,40134,2023-12-27T16:10:02.000Z,2023-12-27T05:01:08.000Z,
da1bf59a-3af2-4598-ae1d-5cc74f5ff5ee,"Event 16 : MGA Big O",FIXED,gameActualStartDateTime,false,17907,2025-06-14T14:00:13.000Z,2025-06-14T09:01:46.000Z,
db580a27-45dd-484b-99b1-21d28bc4f6d0,"Tuesday HighRoller Poker @ Churchills Sports Bar 5 times a week!",FIXED,totalDuration;gameEndDateTime;gameActualStartDateTime,false,28641,2024-04-23T15:59:42.000Z,2024-04-23T08:02:21.000Z,
50fc218d-05f0-463b-983b-eff5b4ea880c,"Hillside Hotel Mondays",FIXED,gameActualStartDateTime,false,22654,2025-08-25T15:00:51.000Z,2025-08-25T08:43:17.000Z,
b2e68437-b5a4-4642-8860-f93cac087689,"$10,000 Cash + 2 SM ME Tickets GTD Top 2 prizes INC SM ME Tickets",FIXED,gameActualStartDateTime,false,31805,2025-09-26T17:20:17.000Z,2025-09-26T08:30:12.000Z,
a346fa5e-8411-4911-a7ff-1b66a06f4d98,"Tuesday Highroller Poker @ Churchills Sports Bar 5 times a week!",FIXED,totalDuration;gameEndDateTime;gameActualStartDateTime,false,30370,2025-06-24T16:26:46.000Z,2025-06-24T08:00:36.000Z,
591149e7-cceb-4079-92d9-1cddf4cf10ec,"Wenty's Wednesdays $10k GTD",FIXED,gameActualStartDateTime,true,25583,2025-09-17T15:38:50.000Z,2025-09-17T08:32:27.000Z,
1f83514c-9d6c-42fc-89a5-5390a48035e6,"MEGA FREEZE SHOT CLOCK Dealer Dealt - 20 seconds to act",FIXED,totalDuration;gameEndDateTime;gameActualStartDateTime,false,27804,2025-03-23T10:16:50.000Z,2025-03-23T02:33:26.000Z,
bf26881f-38be-4459-9ad2-e23bc0d3c7a4,"6-MAX SHOT CLOCK 20 seconds to act",FIXED,totalDuration;gameEndDateTime;gameActualStartDateTime,false,19412,2024-06-28T08:27:22.000Z,2024-06-28T03:03:50.000Z,
3d5fd697-686c-4e90-b1c8-640c65194ec6,"Kings Cup Event 2: 7-Max Bounty Late rego and re entry until 10:30pm",FIXED,totalDuration;gameEndDateTime;gameActualStartDateTime,false,23275,2025-02-10T14:58:39.000Z,2025-02-10T08:30:44.000Z,
6ba9dcb4-7605-4f08-8563-45ea09591ee9,"PLO 5 Dealer dealt",FIXED,totalDuration;gameEndDateTime;gameActualStartDateTime,false,19194,2024-06-24T12:54:40.000Z,2024-06-24T07:34:46.000Z,
1584992c-29b6-4605-bb8b-175a21998c88,"CNY Lunar Series Mega satty (ME+Players) - 4 packages GTD",FIXED,totalDuration;gameEndDateTime;gameActualStartDateTime,false,16877,2026-01-23T12:15:47.000Z,2026-01-23T07:34:30.000Z,
19ad5d85-d5c9-4f51-8b76-7082bd6e889b,"Kings Cup event 1: Sunday Grind SHOTCLOCK 2 x Re-entry until end of level 8",FIXED,totalDuration;gameEndDateTime;gameActualStartDateTime,false,42915,2024-06-23T13:57:05.000Z,2024-06-23T02:01:50.000Z,
ea39afa9-5115-4df4-85c7-6874748ab51b,"Churchills $10k GTD",FIXED,totalDuration;gameEndDateTime;gameActualStartDateTime,false,32798,2025-11-22T16:06:55.000Z,2025-11-22T07:00:17.000Z,
4cbc3551-60ff-40d9-a9e2-ce33d3b4cf17,"Mondays Bankroll Builder $5,000 Gtd Monday Weekly $120 re-entry until 9:40pm",FIXED,gameActualStartDateTime,false,20447,2025-05-26T14:18:55.000Z,2025-05-26T08:38:08.000Z,
ffdaff78-307c-4987-821f-bf39a974b711,"Sydney Millions Event 9: Main Event Flight 1A",FIXED,gameActualStartDateTime,true,29452,2025-10-28T14:20:28.000Z,2025-10-28T06:09:36.000Z,
a394c07f-fc47-4efc-94db-ada7ccf2438a,"Sydney Millions Event 17: The Accumulator Flight 1A",FIXED,gameActualStartDateTime,true,25506,2023-11-20T14:13:14.000Z,2023-11-20T07:08:08.000Z,
5207751a-c990-486d-b00a-b851912d020d,"1KHR SATY 1 x 1KHR seat guaranteed",FIXED,totalDuration;gameEndDateTime;gameActualStartDateTime,false,8977,2024-11-15T07:40:09.000Z,2024-11-15T05:10:32.000Z,
7cf3753f-a17e-46de-ba1a-1ccedca37087,"Sydney Millions Event 8E : MAIN EVENT Flight 1E $500,000 Guaranteed",FIXED,gameActualStartDateTime,true,29700,2024-11-09T09:16:38.000Z,2024-11-09T01:01:38.000Z,
6dc32fea-ad6f-49a8-ae8f-1ebe1cee8bc3,"Sydney Millions Event 12: Kings Classic SC",FIXED,gameActualStartDateTime,false,38047,2023-11-17T15:34:57.000Z,2023-11-17T05:00:50.000Z,
25b9b3d7-6850-4dc3-8319-59c3c39f9625,"Sydney Millions Event 5 - Mini Main Event Flight A $40,000 GTD",FIXED,gameActualStartDateTime,true,25500,2024-11-03T10:05:41.000Z,2024-11-03T03:00:41.000Z,
d80b0e9f-fc45-4e8e-85eb-51c0b3892a88,"Tuesday HighRoller Poker @ Churchills Sports Bar 5 times a week!",FIXED,totalDuration;gameEndDateTime;gameActualStartDateTime,false,25360,2023-09-12T15:04:22.000Z,2023-09-12T08:01:42.000Z,
0ade470d-908f-44bb-b3c3-70cf6cdf1302,"Behemoth Satty 1 in 8",FIXED,gameActualStartDateTime,false,12871,2024-06-09T13:38:56.000Z,2024-06-09T10:04:25.000Z,
1cd82212-b058-4bd7-a9cb-9152e1cb725e,"Friday special 10k Gtd Friday Weekly $150 re-entry until 10:20pm",FIXED,gameActualStartDateTime,false,27411,2025-05-16T16:07:08.000Z,2025-05-16T08:30:17.000Z,
efb34340-7fef-4963-82ae-1c8c3022c5e4,"Manly Leagues Series HR satellite",FIXED,totalDuration;gameEndDateTime;gameActualStartDateTime,false,11993,2023-09-09T15:14:51.000Z,2023-09-09T11:54:58.000Z,
28866eb2-997d-4efd-b894-960fc6e35754,"Wenty's Wednesdays $6k GTD",FIXED,gameActualStartDateTime,false,21788,2024-07-31T14:37:06.000Z,2024-07-31T08:33:58.000Z,
88af2c9c-d833-4943-8e6b-303f9787e808,"Sydney Millions Event 5: Players Champs Flight 1B",FIXED,gameActualStartDateTime,true,29102,2025-10-26T11:05:04.000Z,2025-10-26T03:00:02.000Z,
3759b220-5959-4b92-bd16-5a952210c726,"Hillside Hotel Mondays",FIXED,gameActualStartDateTime,false,20743,2025-09-08T14:17:44.000Z,2025-09-08T08:32:01.000Z,
a4198961-4f92-4a3e-be95-ea0c964d8cee,"MAIN EVENT Flight E Turbo Dealer dealt - Last chance",FIXED,totalDuration;gameEndDateTime;gameActualStartDateTime,true,14516,2023-11-11T12:38:24.000Z,2023-11-11T08:36:28.000Z,
98b738b3-9e77-490d-a779-812187f64a75,"May BIG EXTRA Late rego and rebuys until 9pm",FIXED,totalDuration;gameEndDateTime;gameActualStartDateTime,false,30827,2024-05-07T16:34:00.000Z,2024-05-07T08:00:13.000Z,
bf75ae9b-f2b2-412f-9d4b-a2b247fc7418,"MAIN EVENT Flight A - $50,000 GTD $50,000 Guaranteed - $119,700 RECORD PP",FIXED,totalDuration;gameEndDateTime;gameActualStartDateTime,true,23462,2024-03-12T13:14:29.000Z,2024-03-12T06:43:27.000Z,
470a16dc-2f53-47a7-8e51-b9d05b301e39,"Friday 6k Gtd Friday Weekly $150 re-entry until 9:40pm",FIXED,gameActualStartDateTime,false,20197,2025-03-14T13:10:07.000Z,2025-03-14T07:33:30.000Z,
e77730e9-5ef1-444a-9517-eb1431e0d27e,"Thursday Colosus Satty (6 Seats Gtd) Thursday Weekly Colosus Satty $120 re-entries until 9:40pm",FIXED,gameActualStartDateTime,false,18919,2024-05-09T13:48:06.000Z,2024-05-09T08:32:47.000Z,
139d9fed-3357-4d08-9b2a-fa0eb4e22c08,"Sydney Millions Colossus Satellite Monday. 6 Gtd 6 Colossus Seats Guaranteed Every Monday",FIXED,gameActualStartDateTime,false,17082,2024-10-07T12:14:59.000Z,2024-10-07T07:30:17.000Z,
58e326cf-b45e-4f81-a0e1-67a8e2393bed,"Signature series MEGA OPENING satty 10 Seats Guaranteed",FIXED,gameActualStartDateTime,false,19724,2025-02-24T12:59:14.000Z,2025-02-24T07:30:30.000Z,
1b5fd796-9704-4d46-b60f-a6b6359f5778,"April BIG EXTRA Late rego and rebuys until 9pm",FIXED,totalDuration;gameEndDateTime;gameActualStartDateTime,false,27807,2024-04-02T14:43:48.000Z,2024-04-02T07:00:21.000Z,
fce6fcb6-9351-429d-b4d6-d78a2dda1610,"MINI MAIN EVENT 1B $20,000 Guaranteed",FIXED,totalDuration;gameEndDateTime;gameActualStartDateTime,true,16317,2023-07-15T10:31:18.000Z,2023-07-15T05:59:21.000Z,
182c158a-2331-4302-9aa0-a3f0d9e5b752,"Kings Cup Event 5: Triple Barrel Double re entry until end of level 10",FIXED,totalDuration;gameEndDateTime;gameActualStartDateTime,false,32629,2024-06-29T16:04:31.000Z,2024-06-29T07:00:42.000Z,
b5934b90-efa4-4269-a9d6-dab14fee8ed5,"Wednesday night CASH GAME",FIXED,gameActualStartDateTime,false,12405,2025-05-28T14:30:40.000Z,2025-05-28T11:03:55.000Z,
0235093c-9d79-4b85-adfc-6da2cf056d63,"Sydney Millions 2025 Event 6",NO_S3_KEY,,false,,,,
68d22af2-4bb3-4a80-a726-73586a3d6895,"BIG PLO Dealer Dealt",FIXED,totalDuration;gameEndDateTime;gameActualStartDateTime,false,22372,2025-11-22T12:11:54.000Z,2025-11-22T05:59:02.000Z,
2c9f7f03-f118-4ab5-b1cf-afbe774606d5,"Churchill's SHOTCLOCK SUNDAY Poker @ Churchills Sports Bar 5 times a week!",FIXED,totalDuration;gameEndDateTime;gameActualStartDateTime,true,20602,2024-05-05T13:43:41.000Z,2024-05-05T08:00:19.000Z,
bd5a76f9-357d-4201-8708-323da5c8d87b,"Colossus Series Event 9D3 - Main Event Day 3",FIXED,gameActualStartDateTime,true,56872,2025-06-15T15:42:13.000Z,2025-06-14T23:54:21.000Z,
d9a3b242-56ab-4595-9f68-d4be6515635e,"Colossus Satty 1 in 6",FIXED,gameActualStartDateTime,false,15575,2024-06-14T15:22:53.000Z,2024-06-14T11:03:18.000Z,
8c754b4f-f551-4f95-b472-563c45d33641,"Wenty's Wednesdays $6k GTD",FIXED,gameActualStartDateTime,false,18922,2024-08-28T14:02:09.000Z,2024-08-28T08:46:47.000Z,
3ef7e1f4-c74d-4730-ab01-f6fa4701f16f,"Signature Series 1D2 : Opening Event Day 2 Breaking order: 9, 8, 7, 6, 5, 4, 3, 2, 1",FIXED,gameActualStartDateTime,true,41193,2025-03-02T02:01:12.000Z,2025-03-01T14:34:39.000Z,
e8d86873-9a69-4314-af97-6a61fd069e4a,"Friday $10k GTD St.George Leagues Club $10,000 GTD. re-entry",FIXED,gameActualStartDateTime,false,28813,2025-07-11T16:34:36.000Z,2025-07-11T08:34:23.000Z,
83df4a7e-e5d0-4b21-a578-0554a440509c,"Weekly Wednesday PLO4 at KR STG",FIXED,gameActualStartDateTime,false,12107,2025-04-30T12:23:35.000Z,2025-04-30T09:01:48.000Z,
11ebaca7-7a74-4404-b339-25b5b1c7639c,"Tuesday HighRoller Poker @ Churchills Sports Bar 5 times a week!",FIXED,totalDuration;gameEndDateTime;gameActualStartDateTime,false,25779,2023-10-17T14:11:42.000Z,2023-10-17T07:02:03.000Z,
7c6d5a9d-d7b9-4dfd-a8fa-44c1542deb94,"Super Series Event 1B : Main Event Flight B",FIXED,gameActualStartDateTime,true,29400,2025-08-06T15:10:35.000Z,2025-08-06T07:00:35.000Z,
11d6d649-1149-4649-b4e5-5bdc2069a451,"Wednesday night CASH GAME",FIXED,gameActualStartDateTime,false,23002,2025-06-18T14:48:05.000Z,2025-06-18T08:24:43.000Z,
0f2314e2-405e-4195-877c-cd8db1f8ff0f,"Sydney Millions Event 21 : Closing Event - 1 Free Lifeline 1 Free Lifeline",FIXED,gameActualStartDateTime,false,28560,2024-11-11T14:29:28.000Z,2024-11-11T06:33:28.000Z,
da5288c0-30f3-4e32-870a-f0edd8b87b6b,"Tuesday Highroller Poker @ Churchills Sports Bar 5 times a week!",FIXED,totalDuration;gameEndDateTime;gameActualStartDateTime,false,27498,2025-04-15T15:38:54.000Z,2025-04-15T08:00:36.000Z,
d27f9f23-4ec1-417b-950d-e3186e482d00,"KC @ Churchills Event 7: One Shot SC",FIXED,totalDuration;gameEndDateTime;gameActualStartDateTime,false,27518,2025-12-08T14:41:00.000Z,2025-12-08T07:02:22.000Z,
ae839af8-7a76-4a9c-b762-e88f123ca96a,"Sydney Millions Event 15 : Kingsroom Mega Stack Shot Clock 2 re-entries",FIXED,gameActualStartDateTime,false,38704,2024-11-09T12:46:52.000Z,2024-11-09T02:01:48.000Z,
f6ea1c19-3fa1-40ad-8a3c-56a96a93aa6f,"Kings Room Championship Saturday 15th 11AM Start",NO_S3_KEY,,false,,,,
6060bd8c-268c-44dd-a8b3-5ac5a263ec77,"KC @ Churchills Event 10: MAIN EVENT Flight 1B",FIXED,totalDuration;gameEndDateTime;gameActualStartDateTime,true,29699,2026-01-21T14:15:25.000Z,2026-01-21T06:00:26.000Z,
ec62fac8-21bf-430b-8242-1689defbf956,"Monday St. George Leagues Club $5000 GTD",FIXED,gameActualStartDateTime,false,,,2023-03-20T07:37:08.000Z,
e7ead14f-6c71-42c2-9b05-5d8b20b8d5d3,"Signature Series SHR satty",FIXED,gameActualStartDateTime,false,15015,2024-02-19T14:13:03.000Z,2024-02-19T10:02:48.000Z,
68a8d372-a4f8-48e7-9848-d6a83c01100b,"St George Leagues Friday $15k Gtd Friday Weekly $250 re-entry until 10:20pm",FIXED,gameActualStartDateTime,false,30409,2025-11-21T15:59:40.000Z,2025-11-21T07:32:51.000Z,
a981e99d-d9e1-4b10-885e-db09209fe0b4,"KC @ Churchills Event 8: Survivor Bounty",FIXED,totalDuration;gameEndDateTime;gameActualStartDateTime,false,24159,2025-12-08T15:15:28.000Z,2025-12-08T08:32:49.000Z,
dbe45270-256f-4953-aa8e-5635f3f89b68,"St George Leagues Friday $10k Gtd Friday Weekly $150 re-entry until 10:20pm",FIXED,gameActualStartDateTime,false,28020,2025-11-14T15:17:01.000Z,2025-11-14T07:30:01.000Z,
c33d572d-56d5-442c-a7b3-2e53df5249d2,"KC @ Churchills Event 10: MAIN EVENT Flight 1D",FIXED,totalDuration;gameEndDateTime;gameActualStartDateTime,true,29851,2026-01-23T14:18:09.000Z,2026-01-23T06:00:38.000Z,
a3f26588-2528-4c18-970c-322a7df57392,"KING PLAYING CARDS SHOTCLOCK DEALER DEALT",FIXED,totalDuration;gameEndDateTime;gameActualStartDateTime,false,21157,2025-11-21T07:52:36.000Z,2025-11-21T01:59:59.000Z,
d20301a4-8947-40ea-b745-45bcc0332e54,"St George Leagues Thursday Grind Thursday Weekly $120 rebuy until 9:40pm",FIXED,gameActualStartDateTime,false,24315,2025-11-27T14:19:31.000Z,2025-11-27T07:34:16.000Z,
de5c6e71-35ea-421f-8664-80c29de3e332,"Kings Room Signature series Event 7: 6-max SHOTCLOCK",FIXED,gameActualStartDateTime,false,,,2023-08-06T02:03:46.000Z,
95af28b6-e40a-47ec-9876-b580808c0bd9,"KING PLAYING CARDS SHOTCLOCK DEALER DEALT",FIXED,totalDuration;gameEndDateTime;gameActualStartDateTime,false,21112,2025-07-18T08:26:40.000Z,2025-07-18T02:34:48.000Z,
46a67b7a-08f2-44ad-8d01-52ff0d46f536,"KC @ Churchills Event 6: Triple Barrel",FIXED,totalDuration;gameEndDateTime;gameActualStartDateTime,false,33972,2025-09-06T16:26:13.000Z,2025-09-06T07:00:01.000Z,
ba885121-58f1-445d-91e5-a41d044ef2ca,"January BIG EXTRA Late rego and rebuys until 9pm",FIXED,totalDuration;gameEndDateTime;gameActualStartDateTime,false,29356,2024-01-02T15:09:34.000Z,2024-01-02T07:00:18.000Z,
6ec8c2ad-2ddd-425b-b865-7c336fb807f6,"Wenty's Wednesdays $6k Gtd",FIXED,gameActualStartDateTime,false,21554,2025-08-20T14:32:36.000Z,2025-08-20T08:33:22.000Z,
75f77e1d-9fe9-43dd-95bf-4d7ea5a75982,"$5,000 GTD Thursday Grind Thursday Weekly $120 rebuy until 9:40pm",FIXED,gameActualStartDateTime,false,21857,2024-12-19T13:35:56.000Z,2024-12-19T07:31:39.000Z,
ab0bacc8-62b8-4846-aadd-2ede12c457c7,"BIG FRIDAY $10k GTD $10,000 GTD. re-entry",FIXED,gameActualStartDateTime,false,28930,2025-05-23T16:32:09.000Z,2025-05-23T08:29:59.000Z,
43689222-6c03-4661-b64b-f906caf86237,"Signature Series Monday Mega Satty with 5 Pkg Gtd 5 Mega Packages Guaranteed",FIXED,gameActualStartDateTime,false,27609,2024-07-29T16:11:13.000Z,2024-07-29T08:31:04.000Z,
f92347bc-4403-48f7-9602-38568b1d227c,"May Big Extra Late rego and rebuys until 9:20pm",FIXED,totalDuration;gameEndDateTime;gameActualStartDateTime,false,30009,2025-05-13T16:20:20.000Z,2025-05-13T08:00:11.000Z,
1ea5e686-3918-4b01-af7e-2782f5c1cabf,"MAIN EVENT LAST CHANCE SATTY 7 x Main Event $400 seats guaranteed",FIXED,totalDuration;gameEndDateTime;gameActualStartDateTime,false,11321,2025-07-19T05:12:33.000Z,2025-07-19T02:03:52.000Z,
3989ac61-bc5a-452c-9420-cb95e07a4788,"Churchill's SHOTCLOCK SUNDAY Poker @ Churchills Sports Bar 5 times a week!",FIXED,totalDuration;gameEndDateTime;gameActualStartDateTime,false,18813,2023-10-08T12:14:36.000Z,2023-10-08T07:01:03.000Z,
29119a29-5d11-4bd9-b4f3-f67335485a25,"Mondays Bankroll Builder St.George Leagues Club Monday Weekly $120 re-entry until 9:40pm",FIXED,gameActualStartDateTime,false,23555,2025-08-18T15:06:39.000Z,2025-08-18T08:34:04.000Z,
4ca29987-966d-4a10-888a-9e7553660705,"450 HYPER SATY 1 X $450 HR seat for every $450 in the pool",FIXED,totalDuration;gameEndDateTime;gameActualStartDateTime,false,8049,2023-07-20T13:58:11.000Z,2023-07-20T11:44:02.000Z,
5ab51f8b-9e33-4976-b372-1eef80d4464e,"Australia Day $50k Charity event 2 re-entry until 4:30pm",FIXED,gameActualStartDateTime,false,,,2023-01-26T01:00:54.000Z,
287049da-94c5-4692-9777-65eed8d92daa,"Colossus Series Event 19 : Series Saver",FIXED,gameActualStartDateTime,false,21899,2025-06-15T13:18:11.000Z,2025-06-15T07:13:12.000Z,
2abd947d-6b65-46a0-9493-e7cb52b91b04,"Signature Series Event 9: PLO5",FIXED,gameActualStartDateTime,false,24073,2024-02-22T13:58:45.000Z,2024-02-22T07:17:32.000Z,
45fdead6-dbf6-42f2-8ee9-b8d22e4c947b,"Sydney Millions Event 1 : Colossus Day 2 $100k Guaranteed",FIXED,gameActualStartDateTime,true,42781,2024-11-03T09:41:14.000Z,2024-11-02T21:48:13.000Z,
76d26da2-5bba-4e59-8cf1-a652d77e3ea3,"MAIN EVENT SATY 2 x Main Event $350 seats guaranteed",FIXED,totalDuration;gameEndDateTime;gameActualStartDateTime,false,6902,2024-06-24T13:31:00.000Z,2024-06-24T11:35:58.000Z,
4c995a38-f3a9-4541-af7a-adc07f949c53,"MAIN EVENT SEAT RACE Win your Main seat once you reach 300K in chips",FIXED,totalDuration;gameEndDateTime;gameActualStartDateTime,false,7240,2023-11-11T08:43:35.000Z,2023-11-11T06:42:55.000Z,
847b4f07-c0a0-4d72-a7e2-5070ee802fcf,"Kings Cup Event 4: MINI MAIN Flight 1C $75,000 GTD Unlimited Re-Entry",FIXED,totalDuration;gameEndDateTime;gameActualStartDateTime,true,27899,2024-12-06T13:45:04.000Z,2024-12-06T06:00:05.000Z,
a5588ccb-5798-47d3-82d3-a2efb1140f58,"APT SYDNEY MAIN 250K GTD SATY 1 X $600 MAIN SEAT FOR EVERY $600 IN THE POOL",FIXED,totalDuration;gameEndDateTime;gameActualStartDateTime,false,13448,2023-03-05T10:03:01.000Z,2023-03-05T06:18:53.000Z,
24e98663-7927-439a-9ecc-fb41c726e257,"KINGS CUP $6,000 Guaranteed",FIXED,totalDuration;gameEndDateTime;gameActualStartDateTime,false,25470,2025-07-12T09:20:53.000Z,2025-07-12T02:16:23.000Z,
8d4ab51c-8ae2-4d2e-947d-fe448090026d,"2024 Sydney Millions ME satty 5 seats GTD 5 SEATS GTD",FIXED,gameActualStartDateTime,false,19250,2024-11-08T10:23:34.000Z,2024-11-08T05:02:44.000Z,
4faa3edf-3ff7-4838-949a-8d12476006aa,"BIG O PKO PKO PLO 5 - 8 OR BETTER",FIXED,totalDuration;gameEndDateTime;gameActualStartDateTime,false,21025,2024-11-11T07:55:50.000Z,2024-11-11T02:05:25.000Z,
fdb0fb52-dd01-49ae-b1eb-08b32c6a7dc5,"Signature Series 1C : Opening Event Flight C $100,000 Guaranteed",FIXED,gameActualStartDateTime,true,26674,2025-03-01T08:29:07.000Z,2025-03-01T01:04:33.000Z,
67e4e3db-1ce4-4f5d-9ac7-907190a5205d,"Tuesday HighRoller Poker @ Churchills Sports Bar 5 times a week!",FIXED,totalDuration;gameEndDateTime;gameActualStartDateTime,false,27545,2024-01-09T14:39:32.000Z,2024-01-09T07:00:27.000Z,
be29e8c7-c6a4-4ad6-9a2d-f0a01fe73c7a,"Church $10k GTD",FIXED,totalDuration;gameEndDateTime;gameActualStartDateTime,true,29401,2024-10-26T15:10:13.000Z,2024-10-26T07:00:12.000Z,
7be3c820-2524-46e9-9e02-b7c150c11656,"Signature Series 2023 Event 11: MAIN EVENT",NO_S3_KEY,,false,,,,
602cc75b-1d8e-440c-9948-bfd0f1a10667,"Colossus Series 2024 Event 3",NO_S3_KEY,,false,,,,
ba0eecb1-111e-445b-a995-82e029fbd106,"Wenty's Wednesdays $6k GTD",FIXED,gameActualStartDateTime,false,21299,2025-01-29T13:51:26.000Z,2025-01-29T07:56:27.000Z,
2a328c36-ecc1-4921-961e-ee5eeabba21b,"SHORT DECK",FIXED,totalDuration;gameEndDateTime;gameActualStartDateTime,false,18013,2025-03-27T08:35:03.000Z,2025-03-27T03:34:50.000Z,
670693bc-a0b8-4502-9540-8b95ddd3ba6b,"Sydney Millions ME satellite Thursday. 3 Gtd. 3 Main Event Tickets GTD, 1 ticket for every 10 entries.",FIXED,gameActualStartDateTime,false,19413,2024-10-24T13:01:13.000Z,2024-10-24T07:37:40.000Z,
839a0911-14f7-4ea2-9902-563b77e7434f,"OPENING EVENT $12,500 GUARANTEED",NO_S3_KEY,,false,,,,
57450e66-2991-44f4-9419-c8a3f406d53f,"KINGDOM PKO $5000 GTD Dealer Dealt",FIXED,totalDuration;gameEndDateTime;gameActualStartDateTime,false,24404,2025-11-13T09:16:51.000Z,2025-11-13T02:30:07.000Z,
53e016ef-1106-4a8d-87ce-c45677811375,"KINGDOM CUP FLT C - $20,000 GTD $20,000 GUARANTEED",FIXED,totalDuration;gameEndDateTime;gameActualStartDateTime,true,18300,2023-05-12T13:36:08.000Z,2023-05-12T08:31:08.000Z,
ad5c79b5-224c-46d1-ad78-a0eb495af1fe,"Super Series Event 4 : Closing Event",FIXED,gameActualStartDateTime,false,25102,2025-08-11T15:29:35.000Z,2025-08-11T08:31:13.000Z,
f86141a3-a78c-4dfb-b93d-812cc937818b,"Signature Series 2024 Event 2",NO_S3_KEY,,false,,,,
cef52af5-be6f-4715-8312-0ec3ccd8db2a,"Sydney Millions ME satty",FIXED,gameActualStartDateTime,false,15437,2024-11-04T15:23:55.000Z,2024-11-04T11:06:38.000Z,
114b36f9-8ebe-43e4-b7f0-f124c50dbfff,"KING PLAYING CARDS BIG BOUNTY Dealt - $100 per Bounty - Reigning Champ - Badawi Chalhoub",FIXED,totalDuration;gameEndDateTime;gameActualStartDateTime,false,26417,2023-03-05T09:27:58.000Z,2023-03-05T02:07:41.000Z,
1cd897af-6459-48a5-a30e-41b97bb4d44f,"Kings Room Signature series Event 7: SUPER HIGHROLLER Day 2",FIXED,gameActualStartDateTime,false,,,2023-02-22T04:06:44.000Z,
3ec86b79-ed8e-4533-8253-8761c52e637d,"Wednesday night CASH GAME",FIXED,gameActualStartDateTime,false,19433,2025-05-14T14:40:58.000Z,2025-05-14T09:17:05.000Z,
3355f045-ee4c-440b-8848-366de64deee2,"Sydney Millions ME satty",FIXED,gameActualStartDateTime,false,15211,2024-11-07T14:35:24.000Z,2024-11-07T10:21:53.000Z,
f2b38ede-223a-4ce0-96b7-785eae62b2f2,"Bella Vista Hotel Tuesdays $6k GTD",FIXED,gameActualStartDateTime,false,23807,2025-08-19T15:23:03.000Z,2025-08-19T08:46:16.000Z,
7aed10b3-4a16-45de-9d3e-1e4202b50fbc,"Sydney Millions Weekly Friday Satty 1 seat per 10 entries. 2 seats GTD",FIXED,gameActualStartDateTime,false,23825,2023-11-03T14:09:10.000Z,2023-11-03T07:32:05.000Z,
ca800a6c-b2ea-4264-8de9-f08f6bb25139,"St George Leagues Thursday Grind Thursday Weekly $120 rebuy until 9:40pm",FIXED,gameActualStartDateTime,false,21290,2025-11-20T13:30:24.000Z,2025-11-20T07:35:34.000Z,
5fa692e6-912f-48c3-b998-50c655986746,"Tuesday Highroller Poker @ Churchills Sports Bar 5 times a week!",FIXED,totalDuration;gameEndDateTime;gameActualStartDateTime,false,32022,2025-07-08T16:54:07.000Z,2025-07-08T08:00:25.000Z,
c6018e24-28f4-49e4-8405-397a0fa4f59d,"April Big Extra Late rego and rebuys until 9:20pm",FIXED,totalDuration;gameEndDateTime;gameActualStartDateTime,false,29967,2025-04-01T15:20:39.000Z,2025-04-01T07:01:12.000Z,
61323107-01f0-40c8-8855-fe75cd111d19,"Churchill's SHOTCLOCK SUNDAY Poker @ Churchills Sports Bar 5 times a week!",FIXED,totalDuration;gameEndDateTime;gameActualStartDateTime,false,22381,2025-06-01T14:16:51.000Z,2025-06-01T08:03:50.000Z,
b8d6c30e-78ba-4bce-a3b9-fad46bcf6578,"Sydney Millions Event 12: 6-Max Shotclock 2 re-entries",FIXED,gameActualStartDateTime,false,41050,2024-11-07T13:27:30.000Z,2024-11-07T02:03:20.000Z,
176e8458-da9e-43b9-953a-523c7c079b3e,"Sydney Millions Event 1: Colossus Day 3",FIXED,gameActualStartDateTime,true,65048,2025-10-25T15:42:16.000Z,2025-10-24T21:38:08.000Z,
3a337878-8ad6-46a0-bc37-df97fd11ecf6,"THE $450 HIGH ROLLERS Reigning Champ - Ryan Morris",FIXED,totalDuration;gameEndDateTime;gameActualStartDateTime,true,51117,2023-03-04T21:43:47.000Z,2023-03-04T07:31:50.000Z,
671129ce-34aa-4fb3-a18b-6321284381a3,"Signature Series Event 5C : Main Event Flight C $150,000 Guaranteed",FIXED,gameActualStartDateTime,true,29702,2024-08-08T15:18:31.000Z,2024-08-08T07:03:29.000Z,
3912f35d-4a5f-49b1-99e6-b19a43e079e2,"Signature Series Event 12C : Main Event Flight C",FIXED,gameActualStartDateTime,true,29700,2025-03-07T14:15:34.000Z,2025-03-07T06:00:34.000Z,
f94e5e9f-b4fd-498f-bdfb-c220d72ea8ce,"MINI MAIN EVENT FLT D $20,000 Guaranteed",FIXED,totalDuration;gameEndDateTime;gameActualStartDateTime,true,16070,2024-03-11T11:59:43.000Z,2024-03-11T07:31:53.000Z,
8a543ae4-0451-4c00-aaf1-d8101b830e50,"$5,000 GTD Thursday Grind Thursday Weekly $120 rebuy until 9:40pm",FIXED,gameActualStartDateTime,false,24820,2025-06-26T15:25:15.000Z,2025-06-26T08:31:35.000Z,
1133b4d3-621c-4798-8ee8-0456ca511573,"Kings Room Signature series Event 4: The Bankroll Builder",FIXED,gameActualStartDateTime,false,,,2023-08-05T02:00:32.000Z,
6b5725e5-894f-4a53-ac5f-bf864d902b2c,"MAIN EVENT SATTY 1 x Main Event $400 seats guaranteed",FIXED,totalDuration;gameEndDateTime;gameActualStartDateTime,false,8333,2025-07-16T14:11:31.000Z,2025-07-16T11:52:38.000Z,
ba0545f5-84fa-4920-aa95-6233122ed43d,"Bella Vista Hotel Tuesdays",FIXED,gameActualStartDateTime,false,27124,2025-07-15T16:09:27.000Z,2025-07-15T08:37:23.000Z,
cdf22eaa-398c-484f-825c-acc9a94a1373,"Wenty's Wednesdays $10k GTD",FIXED,gameActualStartDateTime,false,23918,2025-11-05T14:11:25.000Z,2025-11-05T07:32:47.000Z,
9e456ba4-6f07-4253-aa59-7eb0f79c0547,"500HR SATTY 1 x $500HR seat awarded for every $500 in the pool",FIXED,totalDuration;gameEndDateTime;gameActualStartDateTime,false,8762,2025-11-12T13:45:12.000Z,2025-11-12T11:19:10.000Z,
be0dd023-e20f-4b65-80d0-6c52f6074935,"Signature Series Event 11: The Juggernaut SC",FIXED,gameActualStartDateTime,false,31233,2024-02-24T12:42:14.000Z,2024-02-24T04:01:41.000Z,
e540abef-cda4-4180-b4e3-00f91aa028b0,"Bella Vista Hotel Tuesdays $6k GTD",FIXED,gameActualStartDateTime,false,22681,2025-10-07T14:09:40.000Z,2025-10-07T07:51:39.000Z,
0c1f177c-20b5-4c92-99c4-c809887affd5,"Sydney Millions Event 6: Mini Main Flight 1A",FIXED,gameActualStartDateTime,true,26700,2025-10-25T10:55:34.000Z,2025-10-25T03:30:34.000Z,
f3809c3a-4a16-4f7a-bfd9-68320163d6c4,"Mondays Bankroll Builder St.George Leagues Club Monday Weekly $120 re-entry until 9:40pm",FIXED,gameActualStartDateTime,false,26306,2025-07-14T15:53:05.000Z,2025-07-14T08:34:39.000Z,
32bd5239-2938-4074-8232-b8252e06aa26,"Sydney Millions 2025 Event 5",NO_S3_KEY,,false,,,,
3ccb05c4-1852-47e1-a845-9a518406b0ac,"Sydney Millions ME satty",FIXED,gameActualStartDateTime,false,13788,2023-11-12T05:58:06.000Z,2023-11-12T02:08:18.000Z,
241a84d4-a482-4108-8ca0-2482187b0477,"KC @ Churchills Event 9: Series Saver Unlimited Re-Entries",FIXED,totalDuration;gameEndDateTime;gameActualStartDateTime,false,41183,2025-05-10T14:56:36.000Z,2025-05-10T03:30:13.000Z,
dd738335-8622-499c-ac59-c04c14f24a65,"Kings Cup Event 9: MAIN EVENT Flight 1D 2 x Re-entry",FIXED,totalDuration;gameEndDateTime;gameActualStartDateTime,true,30901,2024-12-14T09:35:04.000Z,2024-12-14T01:00:03.000Z,
b313efed-f520-46ae-a43b-b8391a6a68a4,"PLO 4 5 6 Dealer dealt",FIXED,totalDuration;gameEndDateTime;gameActualStartDateTime,false,27699,2024-11-17T12:41:47.000Z,2024-11-17T05:00:08.000Z,
40fc145e-b18b-4a1a-b320-67609d3f39fb,"Kings Room Signature series: ME SATTY. 1 seat per 10 entries",FIXED,gameActualStartDateTime,false,,,2023-05-17T09:31:29.000Z,
6e649335-cfbe-44d2-9c64-4001330cc55b,"St George Leagues Friday $15k Gtd Friday Weekly $250 re-entry until 10:20pm",FIXED,gameActualStartDateTime,false,30501,2025-11-28T15:59:20.000Z,2025-11-28T07:30:59.000Z,
bb9f2ae7-458e-48a6-8ffb-cf35c84c1de3,"Colossus Series ME satty - 1 seat GTD",FIXED,gameActualStartDateTime,false,12054,2025-06-13T09:52:29.000Z,2025-06-13T06:31:35.000Z,
983fef88-1b29-4dc9-8281-d5f32c01ad38,"Dragon Lunar MAIN EVENT Day 3 Day 2 until ft or end of level 14; whichever comes first",FIXED,gameActualStartDateTime,true,65006,2024-02-25T05:27:39.000Z,2024-02-24T11:24:13.000Z,
019f2843-357c-44e0-997b-6f9b6417bd5e,"MAIN EVENT FLIGHT B - $50,000 GTD $50,000 Guaranteed - $119,700 RECORD PP",FIXED,totalDuration;gameEndDateTime;gameActualStartDateTime,true,23397,2024-06-26T14:02:45.000Z,2024-06-26T07:32:48.000Z,
8ae5c45e-1978-4185-b3c5-b47b57f19bf5,"Churchill's SHOTCLOCK SUNDAY Poker @ Churchills Sports Bar 5 times a week!",FIXED,totalDuration;gameEndDateTime;gameActualStartDateTime,false,20334,2025-04-06T13:39:29.000Z,2025-04-06T08:00:35.000Z,
5c8885d7-f6ad-43b7-9589-3b4568a9bb5d,"MEX SERIES - OPENING EVENT MEX AUTUMN SERIES - $6000 GTD",FIXED,totalDuration;gameEndDateTime;gameActualStartDateTime,false,233,2024-08-14T00:23:18.000Z,2024-08-14T00:19:25.000Z,
5eec5595-0338-4fb7-8f4f-f603ea9f634f,"$5,000 GTD Thursday Grind Thursday Weekly $120 rebuy until 9:40pm",FIXED,gameActualStartDateTime,false,23729,2025-06-19T15:07:11.000Z,2025-06-19T08:31:42.000Z,
b7c503ec-3253-4d7f-8ba9-2f5550bf660c,"Tuesday Highroller Poker @ Churchills Sports Bar 5 times a week!",FIXED,totalDuration;gameEndDateTime;gameActualStartDateTime,false,22609,2025-06-10T14:28:52.000Z,2025-06-10T08:12:03.000Z,
62f5db9b-4995-46dd-abc6-9392c2aefc45,"Kings Room Championship Flight 1A Day 2 Sunday 5th at 12pm",FIXED,gameActualStartDateTime,true,25500,2024-05-02T14:09:32.000Z,2024-05-02T07:04:32.000Z,
99943665-1072-473a-b412-8b97829829fe,"Sydney Millions Event 5: MAIN EVENT Flight 1F (Turbo)",FIXED,gameActualStartDateTime,true,16525,2023-11-18T12:41:58.000Z,2023-11-18T08:06:33.000Z,
8b386581-2a68-45e2-af41-da6b7641655f,"Sydney Millions Event 13: Big O",FIXED,gameActualStartDateTime,false,23845,2025-10-31T14:07:51.000Z,2025-10-31T07:30:26.000Z,
ed6b4456-8d57-4278-ae26-c782442785df,"Sydney Millions ME satty",FIXED,gameActualStartDateTime,false,15213,2024-11-09T08:17:24.000Z,2024-11-09T04:03:51.000Z,
73255bbc-8967-4068-908d-fa566c1abaf6,"MAIN EVENT HYPER SATY 1 x Main Event $350 seat awarded for every $350 in the pool",FIXED,totalDuration;gameEndDateTime;gameActualStartDateTime,false,7838,2023-11-09T08:13:33.000Z,2023-11-09T06:02:55.000Z,
750bafea-f328-4d44-8092-3e878b51b964,"Dragon Lunar Main Event Satellite $110 satellite into the $750 Dragon Lunar Main Event. 1 in 8 wins, 4 seats GTD!",FIXED,gameActualStartDateTime,false,20631,2024-02-05T13:14:18.000Z,2024-02-05T07:30:27.000Z,
fe6fa6a6-c5a2-4e95-8921-5d1fff87a4b6,"Kings Room Signature series Event 1: HIGHROLLER",FIXED,gameActualStartDateTime,false,,,2023-05-10T07:03:16.000Z,
edd58462-d6dc-43ee-8a35-4b31f4bb37eb,"Kings Cup Event 7: Mystery Bounty Late rego and re entry until 9:20pm",FIXED,totalDuration;gameEndDateTime;gameActualStartDateTime,false,25374,2024-12-09T14:04:56.000Z,2024-12-09T07:02:02.000Z,
cf760b4e-3d28-42fc-8e5d-c4c30781a928,"Mondays Bankroll Builder $5,000 Gtd Monday Weekly $120 re-entry until 9:40pm",FIXED,gameActualStartDateTime,false,23857,2025-05-19T15:09:38.000Z,2025-05-19T08:32:01.000Z,
1492e617-b1de-40c2-b10f-93fb4026f38b,"Kings Bounty survivor Top 13 players are $500 bounties",FIXED,gameActualStartDateTime,false,,,2023-07-09T04:03:10.000Z,
08ce167f-36b0-49fa-bc80-7458cdd8601d,"Tuesday HighRoller Poker @ Churchills Sports Bar 5 times a week!",FIXED,totalDuration;gameEndDateTime;gameActualStartDateTime,false,29728,2023-09-19T16:15:53.000Z,2023-09-19T08:00:25.000Z,
e80ea32c-2b46-4c62-ae09-1c4bd696b1f5,"MAIN EVENT LAST CHANCE SATTY 7 x Main Event $400 seats guaranteed",FIXED,totalDuration;gameEndDateTime;gameActualStartDateTime,false,11258,2025-11-22T04:12:51.000Z,2025-11-22T01:05:13.000Z,
fafc1902-41fe-4b73-b886-d0775eab681d,"Wenty Leagues 10k Gtd",FIXED,gameActualStartDateTime,false,21483,2024-05-08T14:40:28.000Z,2024-05-08T08:42:25.000Z,
d94ac967-aa4c-4707-9a17-f4fed4dcf27d,"PLO/NLH Rotation",FIXED,gameActualStartDateTime,false,27397,2024-01-21T09:37:15.000Z,2024-01-21T02:00:38.000Z,
bfc82d92-973a-40d3-94e6-1395b3928952,"MINI MAIN EVENT 1D $20,000 Guaranteed",FIXED,totalDuration;gameEndDateTime;gameActualStartDateTime,true,15938,2023-07-17T13:24:32.000Z,2023-07-17T08:58:54.000Z,
c56fe513-8a16-4609-931c-89cc6a4d24c0,"Signature Series Event 15: PLO4/5 Bomb pot",FIXED,gameActualStartDateTime,false,24169,2025-03-06T13:49:54.000Z,2025-03-06T07:07:05.000Z,
f27046c2-8f49-4037-99a7-e6e522d5ddbf,"Wenty's Wednesdays $6k Gtd",FIXED,gameActualStartDateTime,false,21191,2025-08-13T14:28:41.000Z,2025-08-13T08:35:30.000Z,
8f4b9fb7-3d9f-40e1-8eb1-27602bdeb55e,"Signature Series Event 4 : Deep Freeze Shot Clock",FIXED,gameActualStartDateTime,false,24483,2024-08-05T14:48:15.000Z,2024-08-05T08:00:12.000Z,
2bd98012-5733-442b-b8ef-52ca63c9f520,"Kings Room Championship Flight 1C",FIXED,gameActualStartDateTime,false,,,2023-04-14T08:00:04.000Z,
eea6e1ad-9043-426a-b2a0-9da8d3d5f002,"BIG PLO Dealer Dealt",FIXED,totalDuration;gameEndDateTime;gameActualStartDateTime,false,22164,2025-07-19T13:12:17.000Z,2025-07-19T07:02:53.000Z,
3584c5a3-8cbf-4df9-97d7-a21dadbdac71,"Mini main event 1a $20,000 guaranteed 2023 Event 1: MAIN EVENT",NO_S3_KEY,,false,,,,
f93f741b-8e8d-43ad-90be-c02ef1881a60,"MAIN EVENT LAST CHANCE SATY 2 x Main Event $350 seats guaranteed",FIXED,totalDuration;gameEndDateTime;gameActualStartDateTime,false,7488,2024-06-29T08:45:08.000Z,2024-06-29T06:40:20.000Z,
5d87dbee-3d24-4a5a-a1c3-1b93147378d0,"Kings Cup Event 4: MINI MAIN Flight 1D $75,000 GTD Unlimited Re-Entry",FIXED,totalDuration;gameEndDateTime;gameActualStartDateTime,true,27602,2024-12-07T07:40:05.000Z,2024-12-07T00:00:03.000Z,
83370820-e3bc-4af4-9fdc-52a730a4c57c,"SHORT DECK",FIXED,totalDuration;gameEndDateTime;gameActualStartDateTime,false,12532,2023-07-22T10:11:06.000Z,2023-07-22T06:42:14.000Z,
f4519edb-6271-4818-95de-fd3bd4a5696b,"Wednesday night CASH GAME",FIXED,gameActualStartDateTime,false,1,2025-04-09T15:06:51.000Z,2025-04-09T15:06:50.000Z,
a11c8434-fa6b-48d5-a1ec-4d5c15c0a150,"Kings Room Signature series Event 1: HIGHROLLER Day 2",FIXED,gameActualStartDateTime,false,,,2023-05-11T06:01:51.000Z,
9dfd2522-058a-47c1-b094-4f517c8e57b2,"THE TRIPLE BARREL Dealer Dealt 15 min levels",FIXED,totalDuration;gameEndDateTime;gameActualStartDateTime,false,17396,2023-07-21T12:28:59.000Z,2023-07-21T07:39:03.000Z,
3188f915-f09b-405e-8fc6-1b2db6c01273,"Churchills $10k GTD",FIXED,totalDuration;gameEndDateTime;gameActualStartDateTime,false,28535,2024-04-20T15:55:43.000Z,2024-04-20T08:00:08.000Z,
f230418b-4baa-42ce-8a32-7e8b44ecf452,"Churchill's SHOTCLOCK SUNDAY Poker @ Churchills Sports Bar 5 times a week!",FIXED,totalDuration;gameEndDateTime;gameActualStartDateTime,false,23871,2023-11-05T13:42:32.000Z,2023-11-05T07:04:41.000Z,
e1271ae4-23bb-4d00-b6c0-15f002d7427f,"BLOCKBUSTER SHOT CLOCK FLT B $30,000 Guaranteed - Dealer dealt",FIXED,totalDuration;gameEndDateTime;gameActualStartDateTime,true,17101,2025-11-14T13:16:01.000Z,2025-11-14T08:31:00.000Z,
4387b469-492c-4933-9d62-d48a5d8b3da7,"KINGDOM CHAMPS $7500 GTD $7,500 Guaranteed - Dealer dealt",FIXED,totalDuration;gameEndDateTime;gameActualStartDateTime,false,30135,2023-11-04T08:28:04.000Z,2023-11-04T00:05:49.000Z,
f20d3782-a728-4e5e-95eb-e0190013c086,"Kings Cup Event 4: MINI MAIN Flight 1C $75,000 GTD 2 Re-Entry",FIXED,totalDuration;gameEndDateTime;gameActualStartDateTime,true,27901,2025-02-14T13:45:16.000Z,2025-02-14T06:00:15.000Z,
83dd39a0-d39d-4710-8003-4ccd3c153de5,"1KHR SATTY 1 SEAT GTD 1 X 1KHR seat for every $1120 in the pool",FIXED,totalDuration;gameEndDateTime;gameActualStartDateTime,false,9353,2024-03-09T07:35:04.000Z,2024-03-09T04:59:11.000Z,
7845aa01-0795-4337-99d9-c301a052beb0,"Big Extra New Years Edition Late rego and rebuys until 9:20pm",FIXED,totalDuration;gameEndDateTime;gameActualStartDateTime,false,32099,2025-01-07T15:54:58.000Z,2025-01-07T06:59:59.000Z,
8d0d41ed-04e0-4690-9630-e0769af2ba47,"BIG FRIDAY $20k GTD $20,000 GTD. re-entry until end of level 9",FIXED,gameActualStartDateTime,false,31576,2025-03-21T14:46:41.000Z,2025-03-21T06:00:25.000Z,
267f52b3-f7ae-4635-a683-6e78a8d8efd1,"BIG PLAY PASS",FIXED,totalDuration;gameEndDateTime;gameActualStartDateTime,false,12124,2023-07-13T11:52:23.000Z,2023-07-13T08:30:19.000Z,
b15d4798-c640-4a08-8729-e51ce5918139,"Wednesday night CASH GAME St George Leagues",FIXED,gameActualStartDateTime,false,20,2025-07-30T15:27:27.000Z,2025-07-30T15:27:07.000Z,
0d94681b-fc78-49f5-8860-ca8d9092ac41,"KINGS ULTRA STACK $4000 GTD - 200K SS",FIXED,totalDuration;gameEndDateTime;gameActualStartDateTime,false,24052,2024-11-11T12:53:27.000Z,2024-11-11T06:12:35.000Z,
88e8a2e4-a2a0-4b9f-8363-9aded69ced47,"Manly Leagues Series Event 2: Main Event Flight 1B 2 x Re-entry",FIXED,totalDuration;gameEndDateTime;gameActualStartDateTime,true,28991,2023-09-08T15:05:31.000Z,2023-09-08T07:02:20.000Z,
50ffa76c-dc4a-4efe-a8d4-2f419971fffb,"Colossus Series Event 4 : Mega Stack",FIXED,gameActualStartDateTime,false,42122,2025-06-08T13:42:03.000Z,2025-06-08T02:00:01.000Z,
873c3850-c6ec-4d37-9d3e-6dda9eddfd1a,"Kings Cup Event 2: MINI MAIN Day 2 $15,000 GTD Triple Barrel @ 5pm TONIGHT",FIXED,totalDuration;gameEndDateTime;gameActualStartDateTime,true,33836,2024-09-07T01:27:24.000Z,2024-09-06T16:03:28.000Z,
c140ef0e-dc3c-46b6-a2bd-82a656af8af6,"MAIN EVENT FLIGHT B - $50,000 GTD $50,000 Guaranteed - $119,700 RECORD PP",FIXED,totalDuration;gameEndDateTime;gameActualStartDateTime,true,17600,2024-11-12T12:59:14.000Z,2024-11-12T08:05:54.000Z,
1381296c-7259-42f8-a31f-42e6adeb3c40,"450HR SATY 1 x $450HR seat awarded for every $450 in the pool",FIXED,totalDuration;gameEndDateTime;gameActualStartDateTime,false,9364,2024-06-21T14:44:04.000Z,2024-06-21T12:08:00.000Z,
82713650-1d3d-4b72-9328-b82a3476a482,"Highroller $1500 Satellite. 1 seat per 10 entries. 2 seats GTD 2 seats GTD for Highroller $1500",FIXED,gameActualStartDateTime,false,,,2023-07-31T08:30:26.000Z,
bf23605a-71f6-4043-97f2-53504d8b81f6,"Sydney Millions Event 14: PKO",FIXED,gameActualStartDateTime,false,86,2023-11-17T23:42:41.000Z,2023-11-17T23:41:15.000Z,
334f9f6e-3ab1-4268-b276-04c5d4e22b59,"Wenty's Wednesdays $6k GTD",FIXED,gameActualStartDateTime,false,22174,2025-01-22T13:41:52.000Z,2025-01-22T07:32:18.000Z,
17df8927-daac-4a6d-a462-c8ea1544c3e2,"MINI MAIN EVENT 1A $20,000 Guaranteed",FIXED,totalDuration;gameEndDateTime;gameActualStartDateTime,true,15840,2023-07-14T13:26:48.000Z,2023-07-14T09:02:48.000Z,
5d4ca969-b309-4a6b-9db6-06beb37204e5,"Bella Vista Hotel Tuesday $6k GTD",FIXED,gameActualStartDateTime,false,23515,2025-11-25T14:19:53.000Z,2025-11-25T07:47:58.000Z,
7c383191-653b-4f9a-8a47-a4d234e0a46d,"6-MAX SHOT CLOCK 20 seconds to act",FIXED,totalDuration;gameEndDateTime;gameActualStartDateTime,false,23158,2025-03-20T07:34:54.000Z,2025-03-20T01:08:56.000Z,
b2cc528b-64fe-4043-a0db-d867c18c3699,"Kings Room Signature series Event 5: PLO/NLH rotation",FIXED,gameActualStartDateTime,false,,,2023-08-05T05:54:44.000Z,
78b6bf72-0c9f-4e76-9fa5-4b3d201d1ea8,"Kings Cup Event 6: MAIN EVENT Flight 1D 2 x Re-entry",FIXED,totalDuration;gameEndDateTime;gameActualStartDateTime,true,29702,2023-12-09T09:15:02.000Z,2023-12-09T01:00:00.000Z,
134eedf4-4023-4c19-9303-c7cf03ac0faa,"Wenty's Wednesdays $6k GTD",FIXED,gameActualStartDateTime,false,19779,2025-05-07T14:20:06.000Z,2025-05-07T08:50:27.000Z,
c5096108-f420-4fba-b3ee-7913c250094c,"KINGDOM MAIN EVENT - Flight C $30000 GUARANTEED - DEALT",FIXED,totalDuration;gameEndDateTime;gameActualStartDateTime,true,19800,2023-03-03T11:33:06.000Z,2023-03-03T06:03:06.000Z,
32afcb21-cb34-4277-8d79-94d03f96bbe7,"Wednesday night CASH GAME St George Leagues",FIXED,gameActualStartDateTime,false,1,2025-11-12T15:05:01.000Z,2025-11-12T15:05:00.000Z,
51dc9892-df2d-45d1-8953-9836d7c95692,"Kings Room Signature Series Event 11: MAIN EVENT Flight 1C",FIXED,gameActualStartDateTime,false,,,2023-08-12T02:00:01.000Z,
5adffca5-6a73-4ddc-ae7d-9804f2589419,"BLOCKBUSTER SHOT CLOCK DAY 2 $30,000 Guaranteed",FIXED,totalDuration;gameEndDateTime;gameActualStartDateTime,false,24356,2025-11-15T06:46:55.000Z,2025-11-15T00:00:59.000Z,
c7d15ad3-9ea7-45a1-8941-905186b256e9,"Colossus Satty 1 in 6",FIXED,gameActualStartDateTime,false,23289,2024-06-15T10:18:36.000Z,2024-06-15T03:50:27.000Z,
66814a9d-d2d5-49e1-a209-62d38c13c1a6,"Colossus Series Event 5D3 : Highroller SC Day 3",FIXED,gameActualStartDateTime,true,48554,2025-06-10T20:23:35.000Z,2025-06-10T06:54:21.000Z,
33a5c554-2d96-49ec-8d9f-92c1ed8fb910,"Signature Series Event 5: PLO/NLH Rotation",FIXED,gameActualStartDateTime,false,19783,2024-02-19T12:29:52.000Z,2024-02-19T07:00:09.000Z,
ceac55a9-6720-4cb4-8fd4-16713a7c71f1,"$8,000 Cash + 5 SM ME Tickets GTD Top 5 prizes INC SM ME Tickets",FIXED,gameActualStartDateTime,false,29667,2025-10-17T15:44:45.000Z,2025-10-17T07:30:18.000Z,
beb975e7-8f81-4500-aec8-cda7b1b54b26,"MEGA JUGGERNAUT $6,000 GUARANTEED",FIXED,totalDuration;gameEndDateTime;gameActualStartDateTime,false,29248,2025-03-30T09:09:43.000Z,2025-03-30T01:02:15.000Z,
23cecfd2-6235-43f3-b3b0-cdca23d62113,"Tuesday HighRoller Poker @ Churchills Sports Bar 5 times a week!",FIXED,totalDuration;gameEndDateTime;gameActualStartDateTime,false,27404,2024-05-28T15:39:17.000Z,2024-05-28T08:02:33.000Z,
c759d3d7-d1eb-4b85-a425-e4af549807ea,"Kings Cup Event 2: One SHOT",FIXED,totalDuration;gameEndDateTime;gameActualStartDateTime,false,24325,2024-12-01T12:51:59.000Z,2024-12-01T06:06:34.000Z,
9367ea7a-719d-4fe8-b6a6-c616e852ff12,"Churchill's SHOTCLOCK SUNDAY Poker @ Churchills Sports Bar 5 times a week!",FIXED,totalDuration;gameEndDateTime;gameActualStartDateTime,false,18207,2024-04-28T13:07:14.000Z,2024-04-28T08:03:47.000Z,
9952780b-8fb4-4842-a172-4327164725d0,"Signature Series ME satty 3 ME seats GTD",FIXED,gameActualStartDateTime,false,34301,2025-03-06T14:04:45.000Z,2025-03-06T04:33:04.000Z,
0b8697e9-363e-46b4-90ba-9ecfd1e75253,"Churchill's SHOTCLOCK SUNDAY Poker @ Churchills Sports Bar 5 times a week!",FIXED,totalDuration;gameEndDateTime;gameActualStartDateTime,false,20740,2024-12-22T12:46:05.000Z,2024-12-22T07:00:25.000Z,
c63fe4fb-74fc-4947-81b3-a7aa13694633,"Wenty's Wednesdays $10k GTD",FIXED,gameActualStartDateTime,false,26290,2025-10-29T14:48:18.000Z,2025-10-29T07:30:08.000Z,
e8a676b5-fc26-4c9e-904b-c8d8f91d5299,"MEGA JUGGERNAUT $5000 GUARANTEED",FIXED,totalDuration;gameEndDateTime;gameActualStartDateTime,false,27788,2025-07-20T12:43:12.000Z,2025-07-20T05:00:04.000Z,
0000b453-2432-440e-be11-25abe69396e3,"Tuesday HighRoller Poker @ Churchills Sports Bar 5 times a week!",FIXED,totalDuration;gameEndDateTime;gameActualStartDateTime,false,26904,2023-11-28T14:29:55.000Z,2023-11-28T07:01:31.000Z,
a09ee8f7-db4b-462e-af4d-abec8aa9221b,"Signature Series 1A : Opening Event $100,000 Guaranteed",NO_S3_KEY,,false,,,,
1fe73b68-35f8-4431-b698-7820019cdf1e,"KING PLAYING CARDS SHOTCLOCK DEALER DEALT",FIXED,totalDuration;gameEndDateTime;gameActualStartDateTime,false,16334,2024-11-08T07:48:06.000Z,2024-11-08T03:15:52.000Z,
f6874fd8-da88-4ff3-881f-5c62b0906909,"Kings Room Signature Series Event 8: MAIN EVENT Flight 1D Turbo",FIXED,gameActualStartDateTime,false,,,2023-05-20T09:05:23.000Z,
b9a1efba-21c7-4d3c-b0d5-a1516faa31fb,"Signature Series 1D : Opening Event Flight D $100,000 Guaranteed",FIXED,gameActualStartDateTime,true,26026,2025-03-01T13:15:22.000Z,2025-03-01T06:01:36.000Z,
f74c4f22-2efa-4f35-9a65-ba15c2c140f4,"Kings Room Signature series: SHR SATTY. 1 seat per 10 entries. 2 seats GTD",FIXED,gameActualStartDateTime,false,,,2023-07-28T08:31:27.000Z,
004f82e2-d3e5-4782-8545-b6785ea480d4,"MAIN EVENT - DAY 2 QUALIFIERS ONLY",FIXED,totalDuration;gameEndDateTime;gameActualStartDateTime,true,28089,2024-03-16T07:50:36.000Z,2024-03-16T00:02:27.000Z,
482d8eb8-8f2b-411f-954e-68e325ee6adf,"Colossus Series Event 9A - Main Event Flight 1A",FIXED,gameActualStartDateTime,true,26103,2025-06-11T14:15:27.000Z,2025-06-11T07:00:24.000Z,
38109db9-e0b9-450c-8dc0-22f329ceaf21,"PLO 4/5/BOMB Dealer dealt",FIXED,totalDuration;gameEndDateTime;gameActualStartDateTime,false,23894,2025-11-23T12:39:43.000Z,2025-11-23T06:01:29.000Z,
d9784cf5-0ea4-40d4-89d1-4e452d956b36,"Signature Series Thursday Mega Satty (1kHr + Main) 2 Mega Packages Guaranteed",FIXED,gameActualStartDateTime,false,17339,2025-02-13T12:50:30.000Z,2025-02-13T08:01:31.000Z,
f1045c25-2179-40b5-9112-657ba981e361,"Kings Room Signature series: ME SATTY. 1 seat per 10 entries",FIXED,gameActualStartDateTime,false,,,2023-08-11T09:30:46.000Z,
44c27420-34a4-46d0-8045-720b93655fc7,"6 x Collosus seat Plus Mini Main GTD satty",FIXED,gameActualStartDateTime,false,22049,2025-09-22T14:42:34.000Z,2025-09-22T08:35:05.000Z,
9d39c849-2fdd-43c2-bb8a-5e1d2f0f56b8,"500HR - $40,000 GTD $72,600 RECORD PP",FIXED,totalDuration;gameEndDateTime;gameActualStartDateTime,true,56447,2025-11-15T23:10:48.000Z,2025-11-15T07:30:01.000Z,
f561e5df-3664-4ee5-bdb2-1b0af6fb788b,"MINI MAIN EVENT 1B $20,000 Guaranteed",FIXED,totalDuration;gameEndDateTime;gameActualStartDateTime,false,15900,2023-11-02T12:26:08.000Z,2023-11-02T08:01:08.000Z,
8658e85c-e981-4b9c-b590-a265e0844379,"Kings Room Signature Series Event 8: MAIN EVENT Day 2",FIXED,gameActualStartDateTime,false,,,2023-05-20T14:43:35.000Z,
164b9a80-f316-472f-a353-c5bf21e4226e,"KC @ Churchills Event 4: The Big Gun Late rego and rebuys until 9:20pm",FIXED,totalDuration;gameEndDateTime;gameActualStartDateTime,false,28476,2025-12-02T14:55:04.000Z,2025-12-02T07:00:28.000Z,
39daa885-ccc2-4d7f-a70e-dd122f213940,"Tuesday Highroller Poker @ Churchills Sports Bar 5 times a week!",FIXED,totalDuration;gameEndDateTime;gameActualStartDateTime,false,29250,2025-03-18T15:08:31.000Z,2025-03-18T07:01:01.000Z,
e0515670-0d16-4e39-a4a3-c391fd07e399,"Manly Leagues Series Event 1: Opening Event 2x re entry",FIXED,totalDuration;gameEndDateTime;gameActualStartDateTime,false,29672,2023-09-06T16:15:20.000Z,2023-09-06T08:00:48.000Z,
389e6e9a-32e9-44e8-bc0a-d81a17e6b037,"Kings Room Easter Monday $20,000 GTD $20,000 GTD. 2x re-entry until end of level 8",FIXED,gameActualStartDateTime,false,,,2023-04-10T02:00:23.000Z,
11a5a863-c253-4eaf-8307-9428bb9b4e30,"Friday Behemoth Satty (4 seats Gtd) Friday Weekly Behemorh Satty $220 re-entries until 9:40pm",FIXED,gameActualStartDateTime,true,18377,2024-05-10T13:55:59.000Z,2024-05-10T08:49:42.000Z,
a0de7a1a-a91d-4157-a7c8-189fd3eaeb5d,"February BIG EXTRA Late rego and rebuys until 9pm",FIXED,totalDuration;gameEndDateTime;gameActualStartDateTime,false,1001,2024-02-06T06:16:19.000Z,2024-02-06T05:59:38.000Z,
252f35bb-336b-41d4-a049-9561076b1f81,"Colossus Series Super Satty 3 x $2,100 Package Gtd",FIXED,gameActualStartDateTime,false,20054,2024-05-05T08:49:07.000Z,2024-05-05T03:14:53.000Z,
b3a2bc0e-4541-449d-b54d-76816fb04748,"Tuesday Highroller Poker @ Churchills Sports Bar 5 times a week!",FIXED,totalDuration;gameEndDateTime;gameActualStartDateTime,false,32641,2024-11-26T16:16:01.000Z,2024-11-26T07:12:00.000Z,
fbf446ea-a7b7-4101-8d93-e8e1be91bbd3,"KC @ Churchills Event 3: MINI MAIN Flight 1A $100,000 GTD 2 Re-Entry",FIXED,totalDuration;gameEndDateTime;gameActualStartDateTime,true,27779,2025-09-01T14:43:10.000Z,2025-09-01T07:00:11.000Z,
43bc8e2d-edd8-449f-b309-be0f6b170c37,"Churchill's SHOTCLOCK SUNDAY Poker @ Churchills Sports Bar 5 times a week!",FIXED,totalDuration;gameEndDateTime;gameActualStartDateTime,false,25743,2025-10-19T14:09:54.000Z,2025-10-19T07:00:51.000Z,
c5f1b619-1348-4c51-8620-15f6e0319506,"Colossus Milestone satty - 10 seats GTD",FIXED,gameActualStartDateTime,false,14,2025-10-20T01:00:59.000Z,2025-10-20T01:00:45.000Z,
1155b7f4-f04b-40f1-9004-553df4870714,"450HR SATY 1 x $450HR seat awarded for every $450 in the pool",FIXED,totalDuration;gameEndDateTime;gameActualStartDateTime,false,10275,2024-06-20T14:54:27.000Z,2024-06-20T12:03:12.000Z,
584d980c-e2b0-42f1-b00a-19ea6985b800,"$450 HIGH ROLLERS $63,990 RECORD PP.  - $44,460 inc $200 GOC + $890 POS",FIXED,totalDuration;gameEndDateTime;gameActualStartDateTime,true,51925,2025-03-22T21:28:08.000Z,2025-03-22T07:02:43.000Z,
eb60522e-601d-4aed-af8a-f56163e71f6e,"Colossus Series Event 13 : MGA Single Draw Mix (2-7, Ace to five & 5 card draw)",FIXED,gameActualStartDateTime,true,9863,2025-06-13T11:19:31.000Z,2025-06-13T08:35:08.000Z,
3a693578-5306-4aa4-85ba-7f30b9f45a11,"THE DEEP FREEZE 75K ss Freezeout",FIXED,totalDuration;gameEndDateTime;gameActualStartDateTime,false,16611,2024-11-15T10:33:58.000Z,2024-11-15T05:57:07.000Z,
49f473c5-3030-42a0-a618-8ef585a4bda5,"MAIN EVENT - DAY 2 $50,000 Guaranteed - $119,700 RECORD PP",FIXED,totalDuration;gameEndDateTime;gameActualStartDateTime,true,32838,2025-03-30T08:47:01.000Z,2025-03-29T23:39:43.000Z,
9c508ab4-f7eb-448b-be6a-318bc3b71d42,"Hillside Hotel Mondays",FIXED,gameActualStartDateTime,true,20383,2025-11-03T13:18:26.000Z,2025-11-03T07:38:43.000Z,
ce075e67-8c0d-4c6a-841b-7d9499c0053c,"$5,000 GTD Monday Bankroll Builder Monday Weekly $120 re-entry until 9:40pm",FIXED,gameActualStartDateTime,false,25595,2025-01-20T14:37:46.000Z,2025-01-20T07:31:11.000Z,
f5fd3af5-9a34-44f6-8fb9-e733369a24f9,"Tuesday HighRoller Poker @ Churchills Sports Bar 5 times a week!",FIXED,totalDuration;gameEndDateTime;gameActualStartDateTime,false,27150,2023-10-10T14:33:44.000Z,2023-10-10T07:01:14.000Z,
bc7beb5a-8b10-4ce7-86f4-948bcd7fac8b,"February Big Extra Late rego and rebuys until 9:20pm",FIXED,totalDuration;gameEndDateTime;gameActualStartDateTime,false,30890,2025-02-04T16:25:04.000Z,2025-02-04T07:50:14.000Z,
270f6f48-df7a-40a5-9bc2-b97ec2d861be,"Sydney Millions ME satty",FIXED,gameActualStartDateTime,false,20828,2025-10-31T10:48:12.000Z,2025-10-31T05:01:04.000Z,
9a282983-fa44-4571-84f7-c5998216387c,"Mondays Bankroll Builder $5,000 Gtd Monday Weekly $120 re-entry until 9:40pm",FIXED,gameActualStartDateTime,false,21341,2025-06-30T14:30:19.000Z,2025-06-30T08:34:38.000Z,
4750078b-8722-4faf-917d-38887a1889a5,"Kings Cup event 4: Bounty Survivor Double re entry until end of level 8",FIXED,totalDuration;gameEndDateTime;gameActualStartDateTime,false,29310,2023-12-03T14:10:00.000Z,2023-12-03T06:01:30.000Z,
8cacc0fe-109c-4488-83bd-7d3d91a7fe8f,"Wednesday night CASH GAME",FIXED,gameActualStartDateTime,false,4,2025-05-05T07:53:41.000Z,2025-05-05T07:53:37.000Z,
c29ffd9e-885f-423f-8792-599d67a941d0,"Bella Vista Hotel Tuesdays $6k GTD",FIXED,gameActualStartDateTime,false,22321,2025-09-30T14:52:52.000Z,2025-09-30T08:40:51.000Z,
8c977053-ac17-4e30-8c86-6bb4211fbeb9,"Wenty Leagues 20k GTD Weekly",FIXED,gameActualStartDateTime,false,27314,2024-01-31T15:05:52.000Z,2024-01-31T07:30:38.000Z,
21caa7ed-1bbb-45cf-ae2d-6663b599e1bb,"Kings Room Signature series Event 10: Big Wednesday Shotclock",FIXED,gameActualStartDateTime,false,,,2023-08-09T08:01:12.000Z,
4bb9f9b0-b078-4a37-ad48-53c0e3267715,"Sydney Millions Event 1: Colossus Flight 1E",FIXED,gameActualStartDateTime,true,26400,2025-10-24T13:22:15.000Z,2025-10-24T06:02:15.000Z,
c3f7aabe-7f57-4336-a080-835db7d6cda7,"Kings Cup Event 2: MINI MAIN Flight 1B $75,000 GTD Unlimited Re-Entry",FIXED,totalDuration;gameEndDateTime;gameActualStartDateTime,true,25501,2024-09-05T15:05:22.000Z,2024-09-05T08:00:21.000Z,
1cd09ac0-dcf1-4253-a154-16baa5f2ab14,"BIG PLO Dealer Dealt",FIXED,totalDuration;gameEndDateTime;gameActualStartDateTime,false,23800,2025-03-29T12:41:03.000Z,2025-03-29T06:04:23.000Z,
118f5e4b-ac01-4780-89f5-a65cdfea3e9d,"Sydney Millions Event 4B : 1KHR Flight B $150,000 Guaranteed",FIXED,gameActualStartDateTime,true,28806,2024-11-04T14:00:28.000Z,2024-11-04T06:00:22.000Z,
0a05be56-da2a-4c5c-82a7-022b2d0af464,"Sydney Millions ME satty",FIXED,gameActualStartDateTime,false,16171,2024-11-05T14:34:22.000Z,2024-11-05T10:04:51.000Z,
304ac358-231b-4ea2-af8a-9bf5e9ce6805,"1KHR SATTY 1 x 1KHR $1150 seat guaranteed",FIXED,totalDuration;gameEndDateTime;gameActualStartDateTime,false,7343,2025-11-21T06:36:40.000Z,2025-11-21T04:34:17.000Z,
e7a4aec2-5c1e-45d1-bebc-d6e5cb7907a9,"Kings Room Signature series Event 2: Kings Classic",FIXED,gameActualStartDateTime,false,,,2023-02-17T07:03:09.000Z,
7dc7f729-1598-45d3-83c8-c23ba021b986,"Sydney Millions Event 9: Main Event Flight 1B",FIXED,gameActualStartDateTime,true,29400,2025-10-29T14:11:53.000Z,2025-10-29T06:01:53.000Z,
0d4dc3ad-8ed2-4a37-9438-ddfd218d2bed,"Colossus Series ME super satty - 10 seats GTD",FIXED,gameActualStartDateTime,false,14562,2025-06-14T05:08:08.000Z,2025-06-14T01:05:26.000Z,
7f9aa716-0e47-4bf6-b1f2-0b316469c50c,"Signature Series ME satty",FIXED,gameActualStartDateTime,false,11190,2024-02-24T04:36:27.000Z,2024-02-24T01:29:57.000Z,
ad794daa-b5bf-4778-bdb0-775c619a64cb,"Churchill's SHOTCLOCK SUNDAY Poker @ Churchills Sports Bar 5 times a week!",FIXED,totalDuration;gameEndDateTime;gameActualStartDateTime,false,23463,2025-03-30T13:31:21.000Z,2025-03-30T07:00:18.000Z,
cb89a676-7574-40b0-9ee0-1cbc312c9704,"Kings Cup Event 6: PLO/NLH Rotation",FIXED,totalDuration;gameEndDateTime;gameActualStartDateTime,false,29271,2024-12-08T14:13:13.000Z,2024-12-08T06:05:22.000Z,
bc0eda62-9691-4f8f-ad5f-c83720410419,"Colossus Series Event 9: Main Event Day 2 Play stops end of lvl 17",FIXED,gameActualStartDateTime,true,50952,2024-06-16T05:49:25.000Z,2024-06-15T15:40:13.000Z,
e2ec8091-094f-4b28-99b8-85e0b1e15fbd,"MEGA MEGA satty 8 package GTD 8 Mega Packages Guaranteed",FIXED,gameActualStartDateTime,false,20392,2025-06-04T14:10:06.000Z,2025-06-04T08:30:14.000Z,
1f9b9b30-2ac6-48c4-9479-ac30a10bed06,"Thursdays Grind St.George Leagues Thursday Weekly $120 rebuy until 9:40pm",FIXED,gameActualStartDateTime,false,23590,2025-08-14T15:04:05.000Z,2025-08-14T08:30:55.000Z,
f7b78262-ef64-4284-bbd8-d670053e1237,"Signature Series HR satty",FIXED,gameActualStartDateTime,true,16811,2024-02-18T06:44:17.000Z,2024-02-18T02:04:06.000Z,
d577bff2-3316-4ee1-8b69-24b498dc7a58,"Bella Vista Hotel Tuesdays",FIXED,gameActualStartDateTime,false,22134,2025-07-08T14:39:52.000Z,2025-07-08T08:30:58.000Z,
61606a3e-c9b8-4e59-a6f3-667908cce63d,"POKERSHOP MYSTERY BOUNTY",FIXED,totalDuration;gameEndDateTime;gameActualStartDateTime,false,21300,2023-03-03T12:59:58.000Z,2023-03-03T07:04:58.000Z,
cb7c73a9-515c-4c60-891f-24f2dd4097aa,"Signature Series Main Event Satty Monday 6 Main Event Seats Guaranteed Every Monday",FIXED,gameActualStartDateTime,false,18679,2024-07-15T13:43:08.000Z,2024-07-15T08:31:49.000Z,
273012df-4e42-45e0-8c1d-ab9dd9ac7c0e,"Kings Cup Event 10: MAIN EVENT - Day 2 Table breaking order: 15, 14, 13, 12, 11, 10, 9, 1, 2, 3, 6, 8, 4, 5, 7",FIXED,totalDuration;gameEndDateTime;gameActualStartDateTime,true,45810,2025-02-23T13:16:22.000Z,2025-02-23T00:32:52.000Z,
ca58fe20-3900-4128-9692-e1af17d26258,"MAIN EVENT FLIGHT C - $50,000 GTD $50,000 Guaranteed - $119,700 RECORD PP",FIXED,totalDuration;gameEndDateTime;gameActualStartDateTime,true,23402,2024-11-13T13:07:39.000Z,2024-11-13T06:37:37.000Z,
232f0fbf-ada0-41ca-9cf5-2f080ec0a457,"Churchill's SHOTCLOCK SUNDAY Poker @ Churchills Sports Bar 5 times a week!",FIXED,totalDuration;gameEndDateTime;gameActualStartDateTime,false,19423,2025-02-09T12:25:26.000Z,2025-02-09T07:01:43.000Z,
6b9fcc98-256b-422b-acb8-54d4c56a6678,"KINGDOM CUP FLT B - $20,000 GTD $20,000 GUARANTEED",FIXED,totalDuration;gameEndDateTime;gameActualStartDateTime,true,18300,2023-05-11T13:36:38.000Z,2023-05-11T08:31:38.000Z,
55445907-432b-4f41-a0f4-b71508eebee0,"Signature Series Main Event Satty Thursday 6 Main Event Seats Guaranteed Every Thursday",FIXED,gameActualStartDateTime,false,20099,2024-07-11T14:10:15.000Z,2024-07-11T08:35:16.000Z,
73442486-0869-44aa-859c-14dccda23598,"Kings Cup Event 5: The 300 Late rego and rebuys until 9pm",FIXED,totalDuration;gameEndDateTime;gameActualStartDateTime,false,32695,2023-12-05T16:05:28.000Z,2023-12-05T07:00:33.000Z,
47695a69-a8b6-48bb-b6dc-e2f63551c736,"Kings Cup Event 6: MAIN EVENT - Day 2",FIXED,totalDuration;gameEndDateTime;gameActualStartDateTime,false,43929,2023-12-10T13:12:28.000Z,2023-12-10T01:00:19.000Z,
c46c9a52-1b54-43f7-bd21-d419d9db7825,"THE BIG FREEZE 100K start stack",FIXED,totalDuration;gameEndDateTime;gameActualStartDateTime,false,20837,2025-11-19T11:21:32.000Z,2025-11-19T05:34:15.000Z,
b3a50843-7088-4a65-98ca-2ee0058ec987,"THE JUGGERNAUT 100K ss Freezeout",FIXED,totalDuration;gameEndDateTime;gameActualStartDateTime,false,21967,2023-11-11T10:43:53.000Z,2023-11-11T04:37:46.000Z,
b2ccf061-11c3-45f2-ab4c-449137d84b30,"Colossus Series 2025 Event 9: MAIN EVENT",NO_S3_KEY,,false,,,,
c3e09912-130e-4e08-93d5-9d3b10bd3a49,"Churchill's SHOTCLOCK SUNDAY Poker @ Churchills Sports Bar 5 times a week!",FIXED,totalDuration;gameEndDateTime;gameActualStartDateTime,false,23196,2024-10-13T13:27:08.000Z,2024-10-13T07:00:32.000Z,
a30c1e4b-ef76-456d-8bf6-d9785c92b08c,"THE OPENING EVENT $12,000 Guaranteed incl. 9 x $220 Blockbuster seats",FIXED,totalDuration;gameEndDateTime;gameActualStartDateTime,false,30534,2025-07-09T16:28:55.000Z,2025-07-09T08:00:01.000Z,
14fe9aa5-a68d-4fb2-ab3f-501c16151130,"Wenty's Wednesdays $6k GTD",FIXED,gameActualStartDateTime,false,21365,2024-07-03T14:54:49.000Z,2024-07-03T08:58:44.000Z,
e0ca831f-6732-4c00-bfa4-df3afc0407d5,"$10,000 Cash + 2 SM ME Tickets GTD Top 2 prizes INC SM ME Tickets",FIXED,gameActualStartDateTime,false,30938,2025-10-03T17:05:42.000Z,2025-10-03T08:30:04.000Z,
2b931cda-3bad-4ff6-97dc-cb740e6e8aed,"Sydney Millions Event 2: Mini Highroller",FIXED,gameActualStartDateTime,false,,,2023-10-30T23:45:34.000Z,
83c44fd8-c969-446b-88a1-59410bf9a0ef,"Colossus Series Event 9: Main Event Flight 1D",FIXED,gameActualStartDateTime,true,29400,2024-06-15T15:09:40.000Z,2024-06-15T06:59:40.000Z,
8398dd27-c02e-4676-8beb-ca88b0f0131d,"Tuesday Highroller Poker @ Churchills Sports Bar 5 times a week!",FIXED,totalDuration;gameEndDateTime;gameActualStartDateTime,false,30853,2025-09-23T16:35:23.000Z,2025-09-23T08:01:10.000Z,
8d2856da-f8ce-404a-90c3-fcf43cb254c1,"Wenty's Wednesdays $6k GTD",FIXED,gameActualStartDateTime,false,19206,2024-07-24T14:04:52.000Z,2024-07-24T08:44:46.000Z,
fb03d0e5-600b-4f41-8eea-32fd9664c627,"Thursday St. George Leagues Club $5,000 GTD $5000 GTD",FIXED,gameActualStartDateTime,false,,,2023-04-20T08:31:00.000Z,
8fae9d5c-3306-4cc1-9930-1d99bc0333b0,"Kings Room Signature series Event 1: HIGHROLLER Day 2",FIXED,gameActualStartDateTime,false,,,2023-08-03T05:16:54.000Z,
5524f87a-52d4-448c-9f66-cb481567a6fe,"Colossus Series Event 9C - Main Event Flight 1C",FIXED,gameActualStartDateTime,true,25860,2025-06-13T14:11:04.000Z,2025-06-13T07:00:04.000Z,
ec98b83c-d50f-4f84-89a4-cea1d430baca,"Friday $10k GTD St.George Leagues Club $10,000 GTD. re-entry",FIXED,gameActualStartDateTime,false,28077,2025-07-25T16:18:17.000Z,2025-07-25T08:30:20.000Z,
18cfc435-abdf-451b-b7e7-4079df70b3e8,"Wenty's Wednesdays $6k GTD",FIXED,gameActualStartDateTime,false,23220,2024-07-17T14:55:32.000Z,2024-07-17T08:28:32.000Z,
f944a2b9-14e8-4737-86cb-6c6e50efe86d,"Kings Room Championship Flight 1A",FIXED,gameActualStartDateTime,false,,,2023-04-12T08:00:02.000Z,
f15cdd14-0444-4290-be80-9c6d2c82b9b0,"Friday 6k Gtd Friday Weekly $150 re-entry until 9:40pm",FIXED,gameActualStartDateTime,false,23561,2024-12-20T14:06:54.000Z,2024-12-20T07:34:13.000Z,
1c0b22aa-1451-45b3-a420-17efa352296b,"1KHR SATY 1 x 1KHR seat guaranteed",FIXED,totalDuration;gameEndDateTime;gameActualStartDateTime,false,9371,2024-06-27T14:39:10.000Z,2024-06-27T12:02:59.000Z,
c6a52d02-8a4e-4bbe-ad02-f5ca404fa1a8,"Sydney Millions Event 5: MAIN EVENT Flight 1D",FIXED,gameActualStartDateTime,true,29700,2023-11-17T14:47:57.000Z,2023-11-17T06:32:57.000Z,
e41ae4e9-9da6-4015-a862-c892fe985790,"Colossus Series Event 3: Behemoth Day 3",FIXED,gameActualStartDateTime,true,55206,2024-06-11T21:49:10.000Z,2024-06-11T06:29:04.000Z,
71e7076f-f0f3-4aa9-b209-ae4cc217d136,"MYSTERY BOUNTY SHOT CLOCK $10,000 GUARANTEED",FIXED,totalDuration;gameEndDateTime;gameActualStartDateTime,false,25838,2025-03-27T13:14:30.000Z,2025-03-27T06:03:52.000Z,
96578eef-2118-44c0-b4c0-34bb5d34f363,"MAIN EVENT FLIGHT A - $50,000 GTD $50,000 Guaranteed - $119,700 RECORD PP",FIXED,totalDuration;gameEndDateTime;gameActualStartDateTime,true,23401,2024-11-10T11:33:48.000Z,2024-11-10T05:03:47.000Z,
826cc3dd-6226-44bd-8309-b35825d33fad,"Tuesday Highroller Poker @ Churchills Sports Bar 5 times a week!",FIXED,totalDuration;gameEndDateTime;gameActualStartDateTime,false,29895,2025-11-11T15:19:31.000Z,2025-11-11T07:01:16.000Z,
19dc118a-6cc6-42cf-9676-a6fbfd844bdf,"St George Leagues Thursday Grind Thursday Weekly $120 rebuy until 9:40pm",FIXED,gameActualStartDateTime,false,24780,2025-11-13T14:23:41.000Z,2025-11-13T07:30:41.000Z,
7142ddda-f3d5-43a7-9055-c2d974198246,"MEGA FREEZE SHOT CLOCK Dealer Dealt - 20 seconds to act",FIXED,totalDuration;gameEndDateTime;gameActualStartDateTime,false,21400,2023-11-04T10:46:08.000Z,2023-11-04T04:49:28.000Z,
261992f6-63f9-4e18-8a04-278b23f13cb3,"Friday night CASH GAME St George Leagues",FIXED,gameActualStartDateTime,false,20188,2026-01-02T15:49:05.000Z,2026-01-02T10:12:37.000Z,
6de7e35b-0a3e-42f0-8971-8068de8a9da3,"$5,000 GTD Monday Bankroll Builder Monday Weekly $120 re-entry until 9:40pm",FIXED,gameActualStartDateTime,false,27817,2024-05-27T16:19:43.000Z,2024-05-27T08:36:06.000Z,
f9410ef7-e582-4df1-aff4-0ff55b308b35,"Optiver",FIXED,totalDuration;gameEndDateTime;gameActualStartDateTime,true,13633,2023-10-26T11:01:23.000Z,2023-10-26T07:14:10.000Z,
bf9b73e7-a879-4424-ae5b-c80b62529923,"Signature Series Thursday Mega Satty (1kHr + Main) 3 Mega Packages Guaranteed",FIXED,gameActualStartDateTime,false,18936,2024-07-25T13:48:49.000Z,2024-07-25T08:33:13.000Z,
d8addada-9197-4343-a3b7-a0e924c32621,"Easts $10k GTD",FIXED,totalDuration;gameEndDateTime;gameActualStartDateTime,false,29645,2024-06-01T16:14:12.000Z,2024-06-01T08:00:07.000Z,
a3311e6f-8d53-4204-aef1-467bb149797d,"BLOCKBUSTER SHOT CLOCK FLT A $25,000 Guaranteed - Dealer dealt",FIXED,totalDuration;gameEndDateTime;gameActualStartDateTime,true,15607,2025-07-10T13:22:42.000Z,2025-07-10T09:02:35.000Z,
2392cb1f-4aef-4151-bdf1-451396d6986d,"Churchill's SHOTCLOCK SUNDAY Poker @ Churchills Sports Bar 5 times a week!",FIXED,totalDuration;gameEndDateTime;gameActualStartDateTime,false,22093,2023-10-22T13:09:06.000Z,2023-10-22T07:00:53.000Z,
70ca46f8-b582-45b4-b63e-40d41a01af30,"Signature Series SHR satty",FIXED,gameActualStartDateTime,false,17239,2024-02-20T11:06:52.000Z,2024-02-20T06:19:33.000Z,
10b24013-2f17-4732-bd05-d56e6243049e,"Sydney Millions Friday Satty 2 seats guaranteed 1 in 10 wins",FIXED,gameActualStartDateTime,false,,,2023-10-06T07:30:37.000Z,
eae19f35-2344-44ec-bad2-23ac176be5c0,"Wenty's Wednesdays $6k GTD",FIXED,gameActualStartDateTime,false,21300,2025-07-02T14:26:16.000Z,2025-07-02T08:31:16.000Z,
e97f15d5-89b7-43a6-82ae-ce31b698c52a,"Sydney Millions Event 5 - Mini Main Event Flight B $40,000 GTD",FIXED,gameActualStartDateTime,true,25501,2024-11-06T14:06:25.000Z,2024-11-06T07:01:24.000Z,
b4b13c8e-601e-4795-a0be-d2d36d799c42,"Signature Series 1A : Opening Event $100,000 Guaranteed",NO_S3_KEY,,false,,,,
10bc3c4b-b991-40f5-b3e9-43f4c62c9bff,"Fathers Day Series 2025 Event 8: MAIN EVENT",NO_S3_KEY,,false,,,,
38c58394-bbec-415e-829e-a65a48e7b4e3,"Colossus Series Event 1D2 : Poker Rewards+ Day 2",FIXED,gameActualStartDateTime,true,50156,2025-06-08T11:36:36.000Z,2025-06-07T21:40:40.000Z,
b14b53e0-08b5-4150-841a-0b4056ed9f5b,"Sydney Millions Event 7: Colossus Flight 1D",FIXED,gameActualStartDateTime,true,23715,2023-11-15T12:39:51.000Z,2023-11-15T06:04:36.000Z,
d2eb558b-0972-4111-b90f-1e54f18b2328,"KING PLAYING CARDS BIG BOUNTY Dealer Dealt - $100 per Bounty",FIXED,totalDuration;gameEndDateTime;gameActualStartDateTime,false,26466,2023-07-23T09:30:09.000Z,2023-07-23T02:09:03.000Z,
ada8d5e9-c479-4334-aa43-df5df64cb74b,"Mondays Bankroll Builder $5,000 Gtd Monday Weekly $120 re-entry until 9:40pm",FIXED,gameActualStartDateTime,false,20616,2025-05-12T14:16:11.000Z,2025-05-12T08:32:35.000Z,
305816d4-b84a-4dcd-96c2-7be0a5d7e17c,"OPENING EVENT FLT A  $20,000 GTD $20,000 Guaranteed - bag at end of level 13 or at 12.5%",FIXED,totalDuration;gameEndDateTime;gameActualStartDateTime,true,16828,2025-03-18T12:43:30.000Z,2025-03-18T08:03:02.000Z,
a1bef3f0-ed64-4532-b9c6-acb52b53b62f,"BIG O Dealer Dealt",FIXED,totalDuration;gameEndDateTime;gameActualStartDateTime,false,22455,2025-11-17T08:44:16.000Z,2025-11-17T02:30:01.000Z,
0f60eed4-7363-4557-95b4-eff5dbe0ef3d,"Sydney Millions ME satty",FIXED,gameActualStartDateTime,false,17343,2023-11-16T14:54:12.000Z,2023-11-16T10:05:09.000Z,
9ca00f34-95a7-4bc0-8811-258073b12250,"Sydney Millions Event 18: The Lockdown",FIXED,gameActualStartDateTime,false,26820,2025-11-02T14:57:20.000Z,2025-11-02T07:30:20.000Z,
0105b69b-4b89-4a9c-9841-60b3a6b09551,"MINI MAIN EVENT 1C $20,000 Guaranteed",FIXED,totalDuration;gameEndDateTime;gameActualStartDateTime,true,16080,2023-07-16T11:30:18.000Z,2023-07-16T07:02:18.000Z,
e52954e6-95f2-417d-adaa-e61319ea9151,"Churchill's SHOTCLOCK SUNDAY Poker @ Churchills Sports Bar 5 times a week!",FIXED,totalDuration;gameEndDateTime;gameActualStartDateTime,false,19671,2024-02-04T12:28:16.000Z,2024-02-04T07:00:25.000Z,
d4a8fbfd-130e-485e-80ab-6ccc0a3ec27d,"Signature Series ME satty",FIXED,gameActualStartDateTime,false,10171,2024-02-22T12:57:50.000Z,2024-02-22T10:08:19.000Z,
c4ee1155-c0d8-4198-83cc-259fd73822f4,"Colossus Series Event 12: Juggernaut SC",FIXED,gameActualStartDateTime,false,28334,2024-06-15T12:47:55.000Z,2024-06-15T04:55:41.000Z,
269f009b-a83e-4d27-9bc8-d7f479210f5c,"Mothers Day Series 2025 Event 7: MAIN EVENT",NO_S3_KEY,,false,,,,
67fbffe1-8d25-4e77-a8d0-8487f19d0dce,"October Big Extra Late rego and rebuys until 9:20pm",FIXED,totalDuration;gameEndDateTime;gameActualStartDateTime,false,29777,2025-10-07T15:17:15.000Z,2025-10-07T07:00:58.000Z,
bbcc2ac9-9100-4594-804c-b140bf452640,"Kings Room Champs SATTY. 1 seat per 10 entries 4 x seats GTD Re-entries until 9:15pm",FIXED,gameActualStartDateTime,false,,,2023-09-11T08:33:46.000Z,
13332b1d-be80-465c-b0ff-b3f5ed3a3aef,"$5,000 GTD Monday Bankroll Builder Monday Weekly $120 re-entry until 9:40pm",FIXED,gameActualStartDateTime,false,27182,2024-06-24T16:06:43.000Z,2024-06-24T08:33:41.000Z,
515df708-8970-4138-be9f-e47680750ff9,"Colossus Series 2025 Event 5",NO_S3_KEY,,false,,,,
790bc0e2-973e-4147-bbbe-e1430e3f7013,"Manly Leagues Series Event 4: Survivor Bounty $200 per KO",FIXED,totalDuration;gameEndDateTime;gameActualStartDateTime,false,24581,2024-07-26T14:58:25.000Z,2024-07-26T08:08:44.000Z,
2997ea4a-4f4c-4e4e-9c92-dc964777c367,"Signature Series 1D2 : Opening Event Breaking order: 9, 8, 7, 6, 5, 4, 3, 2, 1",NO_S3_KEY,,false,,,,
01d5d2d8-5f8d-4de1-ab09-6e4950ec16b3,"Sydney Millions ME satellite Thursday. 3 Gtd. 1 in 10.",FIXED,gameActualStartDateTime,false,20644,2024-08-29T14:34:41.000Z,2024-08-29T08:50:37.000Z,
959f61f4-5bd4-4f1e-9fb1-75a3e360fe61,"Wenty's Wednesdays $10k GTD",FIXED,gameActualStartDateTime,false,22744,2025-10-01T14:50:11.000Z,2025-10-01T08:31:07.000Z,
66a362c2-722a-4586-9b13-890bf9c1006e,"Wenty's Wednesdays $10k GTD",FIXED,gameActualStartDateTime,false,24982,2025-11-12T14:27:40.000Z,2025-11-12T07:31:18.000Z,
4f7e50f3-c852-4295-a481-bf1227a1f209,"SM ME + Players Satty - 4 Packages GTD",FIXED,gameActualStartDateTime,false,22532,2025-10-02T14:56:55.000Z,2025-10-02T08:41:23.000Z,
6eeab46c-9156-4db8-bfaf-f93133ff4cb0,"Tuesday HighRoller Poker @ Churchills Sports Bar 5 times a week!",FIXED,totalDuration;gameEndDateTime;gameActualStartDateTime,false,26660,2024-01-23T14:24:51.000Z,2024-01-23T07:00:31.000Z,
aab178d9-b171-4203-88b7-4878daec826d,"OPENING EVENT FLT C  $20,000 GTD $20,000 Guaranteed - bag at end of level 13 or at 12.5%",FIXED,totalDuration;gameEndDateTime;gameActualStartDateTime,true,17101,2025-03-20T13:15:27.000Z,2025-03-20T08:30:26.000Z,
70cbca85-8ad8-4b7e-ae28-cf69df3abe14,"BIG STACK FREEZE +$200 GOC + $77 POTS",FIXED,totalDuration;gameEndDateTime;gameActualStartDateTime,false,19903,2025-03-26T13:04:48.000Z,2025-03-26T07:33:05.000Z,
ab954529-e737-4780-8a12-88382422b711,"Colossus Series Event 11 : H.O.P. Holdem. Omaha. Pineapple.",FIXED,gameActualStartDateTime,false,24624,2024-06-14T15:34:01.000Z,2024-06-14T08:43:37.000Z,
9bddd6a0-0d48-475b-958a-1ba793b0fac4,"Wenty's Wednesdays $6k GTD",FIXED,gameActualStartDateTime,false,19906,2024-10-16T13:36:52.000Z,2024-10-16T08:05:06.000Z,
e770e53e-8ff2-4f63-9121-7f9b841dd2de,"Tuesday Highroller Poker @ Churchills Sports Bar 5 times a week!",FIXED,totalDuration;gameEndDateTime;gameActualStartDateTime,false,27575,2025-10-14T14:39:40.000Z,2025-10-14T07:00:05.000Z,
2c2d67d8-853f-426f-a2c7-a206577621af,"Wentys Kings Room Championship $100k Gtd Flight 1A Day 2 Sunday 14th at 12pm",FIXED,gameActualStartDateTime,true,25500,2024-04-11T15:08:05.000Z,2024-04-11T08:03:05.000Z,
e9c185a2-9dcb-47ec-b582-f4ea8fc781a2,"Wenty's Wednesdays $6k GTD",FIXED,gameActualStartDateTime,false,18439,2025-04-16T13:50:44.000Z,2025-04-16T08:43:25.000Z,
f527be4a-4511-4986-b2a2-b8729fd7868b,"Kings Cup 2024 Event 8: MAIN EVENT",NO_S3_KEY,,false,,,,
e4e71a1d-b6f1-41ce-b9f9-745ce89fb514,"St George Leagues Monday $10k GTD",FIXED,gameActualStartDateTime,false,27879,2025-12-29T15:15:03.000Z,2025-12-29T07:30:24.000Z,
43b0c0fd-62f2-4748-bad5-8ed6a675d376,"Super Series Event 1D : Main Event Flight D",FIXED,gameActualStartDateTime,true,29400,2025-08-08T15:12:05.000Z,2025-08-08T07:02:05.000Z,
1f0a6098-d24c-467a-935b-9bb55c02307c,"Sydney Millions 2025 Event 9: MAIN EVENT",NO_S3_KEY,,false,,,,
51afde98-caed-4e52-8db8-425b25382fa3,"Churchill's SHOTCLOCK SUNDAY Poker @ Churchills Sports Bar 5 times a week!",FIXED,totalDuration;gameEndDateTime;gameActualStartDateTime,false,21160,2025-11-23T12:53:25.000Z,2025-11-23T07:00:45.000Z,
920d8c7f-1d49-4f71-a717-508e4a6fe644,"Bella Vista Hotel Tuesdays",FIXED,gameActualStartDateTime,false,22343,2025-05-27T14:44:22.000Z,2025-05-27T08:31:59.000Z,
62bec745-c721-454a-8972-7deb1f2fe809,"Kings Cup Event 4: One SHOT",FIXED,totalDuration;gameEndDateTime;gameActualStartDateTime,false,29102,2025-09-01T16:05:06.000Z,2025-09-01T08:00:04.000Z,
e8f83e93-16d4-4e4f-90e0-7e1c7985bd56,"MAIN EVENT Flight A - $50,000 GTD $50,000 Guaranteed - $119,700 PP LAST SERIES",FIXED,totalDuration;gameEndDateTime;gameActualStartDateTime,true,22976,2023-11-07T12:54:53.000Z,2023-11-07T06:31:57.000Z,
08fdce71-e9ad-4ad4-8643-50aebe61fe74,"1KHR starts 11am Saturday",NO_S3_KEY,,false,,,,
d3ab64fe-1b4c-4023-ab53-159e71fe9ff7,"Churchill's SHOTCLOCK SUNDAY Poker @ Churchills Sports Bar 5 times a week!",FIXED,totalDuration;gameEndDateTime;gameActualStartDateTime,false,22869,2024-10-27T13:30:07.000Z,2024-10-27T07:08:58.000Z,
e0843679-2489-4113-9751-7725ae40983a,"Sydney Millions Event 5: Main Event Day 3",FIXED,gameActualStartDateTime,true,73027,2023-11-19T19:28:53.000Z,2023-11-18T23:11:46.000Z,
fd857c54-0f0a-46d4-939c-d50026341803,"$10,000 Cash + 2 SM ME Tickets GTD Top 2 prizes INC SM ME Tickets",FIXED,gameActualStartDateTime,false,30836,2025-09-19T17:06:07.000Z,2025-09-19T08:32:11.000Z,
0ca10d31-e1f0-496a-9e72-e0aa283e533b,"MAIN EVENT SATTY 1 x Main Event $350 seats guaranteed",FIXED,totalDuration;gameEndDateTime;gameActualStartDateTime,false,7817,2024-11-12T13:09:15.000Z,2024-11-12T10:58:58.000Z,
34db4b22-7b0d-4031-9ab8-78fdeb85f9df,"Sydney Millions Event 1 : Colossus Flight 1D $100k Guaranteed",FIXED,gameActualStartDateTime,true,29100,2024-11-02T14:05:03.000Z,2024-11-02T06:00:03.000Z,
12870313-a72c-4221-bf5b-457fb0ccfe84,"Bella Vista Hotel Tuesdays",FIXED,gameActualStartDateTime,false,25550,2025-07-01T15:45:19.000Z,2025-07-01T08:39:29.000Z,
51d0da5f-2e31-4c17-933e-1aeac8e5b3b0,"Colossus Satty 1 in 6",FIXED,gameActualStartDateTime,false,13663,2024-06-14T10:52:56.000Z,2024-06-14T07:05:13.000Z,
e6f30254-f068-4d86-93fd-cdc430f1572f,"MEGA FREEZE SHOT CLOCK Dealer Dealt - 20 seconds to act",FIXED,totalDuration;gameEndDateTime;gameActualStartDateTime,false,21474,2024-06-23T09:02:10.000Z,2024-06-23T03:04:16.000Z,
1e38c8d7-1781-4794-9ea5-afa1058404df,"Churchill's SHOTCLOCK SUNDAY Poker @ Churchills Sports Bar 5 times a week!",FIXED,totalDuration;gameEndDateTime;gameActualStartDateTime,false,20430,2024-08-25T13:41:46.000Z,2024-08-25T08:01:16.000Z,
11403077-a473-4af9-9877-9aa55d974d73,"Wenty Leagues 10k Gtd",FIXED,gameActualStartDateTime,false,23239,2024-04-24T14:59:15.000Z,2024-04-24T08:31:56.000Z,
7725763d-7a5f-4ca8-90e4-6a1f26567767,"Tuesday Highroller Poker @ Churchills Sports Bar 5 times a week!",FIXED,totalDuration;gameEndDateTime;gameActualStartDateTime,false,29594,2025-08-26T16:13:38.000Z,2025-08-26T08:00:24.000Z,
8cdcc6e9-1188-4a1f-bf6e-14e9352c989a,"June Big Extra Late rego and rebuys until 9:20pm",FIXED,totalDuration;gameEndDateTime;gameActualStartDateTime,false,30969,2025-06-03T16:36:23.000Z,2025-06-03T08:00:14.000Z,
56fd0a38-89b9-4391-9fd5-991c27d96ec3,"Churchill's SHOTCLOCK SUNDAY Poker @ Churchills Sports Bar 5 times a week!",FIXED,totalDuration;gameEndDateTime;gameActualStartDateTime,false,21703,2024-07-21T14:02:40.000Z,2024-07-21T08:00:57.000Z,
3db6a035-3438-48e5-9254-d5a11676626b,"Signature Series Main Event Satty Thursday 6 Main Event Seats Guaranteed Every Thursday",NO_S3_KEY,,false,,,,
62017f6c-867a-4631-872f-6cec745ec1e2,"MINI MAIN EVENT FLT A  $20,000 GTD $20,000 Guaranteed",FIXED,totalDuration;gameEndDateTime;gameActualStartDateTime,true,15788,2024-03-08T12:28:12.000Z,2024-03-08T08:05:04.000Z,
53cbb2a2-2b0c-4949-b33c-6109b1f57c4f,"Churchill's SHOTCLOCK SUNDAY Poker @ Churchills Sports Bar 5 times a week!",FIXED,totalDuration;gameEndDateTime;gameActualStartDateTime,false,23293,2024-01-07T13:29:26.000Z,2024-01-07T07:01:13.000Z,
2f0e376f-0b35-48d1-b082-575652207a1f,"$2,000 GTD Monday's at Kings Room Monday Weekly $100 rebuy until 9:10pm",FIXED,gameActualStartDateTime,false,,,2023-06-19T08:30:29.000Z,
bb74211b-0583-4776-8b77-632d5dece7b7,"Wenty Leagues 10k GTD Weekly",FIXED,gameActualStartDateTime,false,23996,2024-02-28T14:15:03.000Z,2024-02-28T07:35:07.000Z,
7e5e021c-d67c-4b70-ae08-fd9bb957b41c,"Wenty's Wednesdays $6k GTD",FIXED,gameActualStartDateTime,false,18147,2025-04-23T13:58:00.000Z,2025-04-23T08:55:33.000Z,
e55f507c-3976-438b-b9fb-063206b2a6a9,"Kings Room Signature series Event 6: THE BIG STACK",FIXED,gameActualStartDateTime,false,,,2023-05-13T08:02:05.000Z,
fd0680da-3467-4426-b543-643cb2aa12cf,"MAIN EVENT Flight C - $50,000 GTD $50,000 Guaranteed - Dealer dealt",FIXED,totalDuration;gameEndDateTime;gameActualStartDateTime,true,22861,2023-11-09T12:55:36.000Z,2023-11-09T06:34:35.000Z,
8a07d772-519a-43d5-bba0-76cda2ef7b54,"1KHR LAST CHANCE SATY 1 x 1KHR seat guaranteed",FIXED,totalDuration;gameEndDateTime;gameActualStartDateTime,false,8741,2024-06-28T08:35:51.000Z,2024-06-28T06:10:10.000Z,
dbd608d6-1562-4702-9bcd-d8f4ceb5aa16,"MEGA FREEZE SHOT CLOCK Dealer Dealt - 20 seconds to act",FIXED,totalDuration;gameEndDateTime;gameActualStartDateTime,false,22643,2025-07-13T08:52:12.000Z,2025-07-13T02:34:49.000Z,
82cb96d2-41d1-4709-a5a3-5e5ef59c12d5,"KC @ Churchills Event 8: The 300 Late rego and rebuys until 9:20pm",FIXED,totalDuration;gameEndDateTime;gameActualStartDateTime,false,36288,2025-09-09T18:05:01.000Z,2025-09-09T08:00:13.000Z,
88f3a273-3ca1-41e1-a40d-1dab602ebbe0,"$5,000 Gtd Monday Bankroll Builder Monday Weekly $120 re-entry until 9:40pm",FIXED,gameActualStartDateTime,false,19649,2025-03-17T13:02:29.000Z,2025-03-17T07:35:00.000Z,
8371e93c-eaa0-4c0f-b98d-7ed919968a71,"Bella Vista Hotel Tuesdays $6k GTD",FIXED,gameActualStartDateTime,false,19951,2025-10-21T13:12:47.000Z,2025-10-21T07:40:16.000Z,
3edc216a-8169-459a-8e1b-1e72c29b4e3f,"Thursday Colosus Satty (6 Seats Gtd) Thursday Weekly Colosus Satty $120 re-entries until 9:40pm",FIXED,gameActualStartDateTime,false,18118,2024-05-16T13:38:01.000Z,2024-05-16T08:36:03.000Z,
8ec1202a-1b51-47d7-9453-78cba9b72608,"Hillside Hotel Mondays",FIXED,gameActualStartDateTime,false,20303,2025-10-20T13:16:34.000Z,2025-10-20T07:38:11.000Z,
69d8918c-243d-4155-8b3c-deaf16b69c0e,"MAIN EVENT HYPER SATY 1 x Main Event $350 seat awarded for every $350 in the pool",FIXED,totalDuration;gameEndDateTime;gameActualStartDateTime,false,5858,2023-11-08T12:31:34.000Z,2023-11-08T10:53:56.000Z,
ab56276c-0f47-4b94-87b4-d34ce66fc61f,"SUPER FREEZE 100K ss Freezeout",FIXED,totalDuration;gameEndDateTime;gameActualStartDateTime,false,24727,2024-03-15T12:52:19.000Z,2024-03-15T06:00:12.000Z,
a3a67998-3d58-4c36-8f03-a331e86902fa,"Kings Room Signature Series Event 11: MAIN EVENT Flight 1D Turbo",FIXED,gameActualStartDateTime,false,,,2023-08-12T09:00:01.000Z,
f90c5e38-ffdf-4f7f-a503-392a1aeb64e2,"Churchill's SHOTCLOCK SUNDAY Poker @ Churchills Sports Bar 5 times a week!",FIXED,totalDuration;gameEndDateTime;gameActualStartDateTime,false,20522,2025-02-02T12:43:49.000Z,2025-02-02T07:01:47.000Z,
4ef58c7b-09b8-454d-b346-0ac0f2d23167,"Wenty Leagues 10k Est",FIXED,gameActualStartDateTime,false,19371,2024-03-27T13:24:54.000Z,2024-03-27T08:02:03.000Z,
753b9477-81af-431f-b7c6-9b127cb613d5,"Friday night CASH GAME St George Leagues",FIXED,gameActualStartDateTime,false,2,2025-11-14T14:39:55.000Z,2025-11-14T14:39:53.000Z,
fa024979-aa41-4e2a-ba2c-3c61af926161,"Colossus Milestone satty - 10 seats GTD",FIXED,gameActualStartDateTime,false,16052,2025-10-22T10:57:41.000Z,2025-10-22T06:30:09.000Z,
464a722e-2b66-4f84-b37c-bccfcdb16c70,"Kings Room Signature series Event 6: THE BIG STACK Shotclock",FIXED,gameActualStartDateTime,false,,,2023-08-05T07:00:51.000Z,
f4f4fdc9-7cea-44b4-b592-9508cbe925cb,"Manly Leagues Series Event 2: Main Event Flight 1D 2 x Re-entry",FIXED,totalDuration;gameEndDateTime;gameActualStartDateTime,true,29702,2023-09-09T15:15:04.000Z,2023-09-09T07:00:02.000Z,
1603bd1e-b0d7-4e1d-9519-c2c6f1efca21,"KINGS ULTRA STACK $5000 GTD",FIXED,totalDuration;gameEndDateTime;gameActualStartDateTime,false,22482,2025-07-14T13:20:38.000Z,2025-07-14T07:05:56.000Z,
4890e86d-972d-422c-b01e-9a1b1ce2be1f,"MEGA FREEROLL TURBO SATY 1 x Main $250 & 1 x $450HR Seat GTD - $25 re-entries",FIXED,totalDuration;gameEndDateTime;gameActualStartDateTime,false,14089,2023-03-03T04:56:16.000Z,2023-03-03T01:01:27.000Z,
07badcae-00f0-478e-bd95-bc49946c2d7f,"Sydney Millions Event Event 14: The Iron Throne",FIXED,gameActualStartDateTime,false,36512,2025-11-01T11:09:31.000Z,2025-11-01T01:00:59.000Z,
e156d61d-0166-4902-9696-0e6fa7d12fed,"Hillside Hotel Monday $4k GTD",FIXED,gameActualStartDateTime,false,21353,2025-12-08T13:29:55.000Z,2025-12-08T07:34:02.000Z,
e8eb0535-6369-4fc2-ab31-00cd3410165f,"Kings Cup Event 3: The Big Gun Late rego and rebuys until 9:20pm",FIXED,totalDuration;gameEndDateTime;gameActualStartDateTime,false,34170,2025-02-11T16:30:09.000Z,2025-02-11T07:00:39.000Z,
9931042c-7a87-4425-b524-95349d94f66e,"Super Series Event 1 : Main Event Day 3",FIXED,gameActualStartDateTime,true,70504,2025-08-10T19:00:51.000Z,2025-08-09T23:25:47.000Z,
fe292a39-ef47-4ca2-8eb3-ff98ec14df1f,"Signature Series Event 2: HIGHROLLER SC",FIXED,gameActualStartDateTime,true,28800,2024-02-18T13:01:52.000Z,2024-02-18T05:01:52.000Z,
7f2140cf-0406-4eb2-82a7-4de624e20068,"POKERSHOP CHALLENGE THANKS TO POKERSHOP.COM.AU",FIXED,totalDuration;gameEndDateTime;gameActualStartDateTime,false,18449,2024-06-24T13:08:51.000Z,2024-06-24T08:01:22.000Z,
cd667285-422d-4572-affb-60977fb4467c,"Bella Vista Hotel Tuesdays $6k GTD",FIXED,gameActualStartDateTime,false,23455,2025-11-11T14:09:34.000Z,2025-11-11T07:38:39.000Z,
bd5211ff-27e7-443e-93b1-8a7cf20e4b4d,"KC @ Churchills Event 3: MINI MAIN Flight 1D $100,000 GTD 2 Re-Entry",FIXED,totalDuration;gameEndDateTime;gameActualStartDateTime,true,28200,2025-09-05T14:50:09.000Z,2025-09-05T07:00:09.000Z,
31dbdcff-7611-41e0-80db-24e1ea9cc836,"Thursday night CASH GAME St George Leagues",FIXED,gameActualStartDateTime,false,2919,2025-11-27T12:14:46.000Z,2025-11-27T11:26:07.000Z,
5f0499ac-3e5f-472c-85b3-cf00fd88ab0e,"Wednesday night CASH GAME St George Leagues",FIXED,gameActualStartDateTime,false,55046,2025-08-07T06:14:10.000Z,2025-08-06T14:56:44.000Z,
7554ccbb-c78c-42cd-959a-00dd42dbc4ca,"$5,000 GTD Thursday Grind Thursday Weekly $120 rebuy until 9:40pm",FIXED,gameActualStartDateTime,false,22770,2024-06-27T14:58:26.000Z,2024-06-27T08:38:56.000Z,
76bb7bbb-b3de-49b1-ac4f-64769033ba19,"Sydney Millions Event 1: Opening Event SC",FIXED,gameActualStartDateTime,false,,,2023-10-25T04:47:06.000Z,
971bff35-1a7f-4ad4-9e15-015ecd73eb0c,"Kc @ churchills event 3: mini main 2025 Event 3",NO_S3_KEY,,false,,,,
31769d9c-b8b1-4e01-99ad-eb656b888d09,"Kings Room Signature series Event 1: HIGHROLLER Day 2",FIXED,gameActualStartDateTime,false,,,2023-02-16T15:41:24.000Z,
1625e1a8-b03e-4b7d-996b-14d103e6b024,"Holiday Special at Kings Room STG $20,000 GTD. re-entry until end of level 9",FIXED,gameActualStartDateTime,false,29552,2024-12-27T14:12:39.000Z,2024-12-27T06:00:07.000Z,
565519e3-b39b-4e8b-9b18-759d180e3673,"Super Series Event 3 : PLO4/5/6",FIXED,gameActualStartDateTime,false,25152,2025-08-10T14:01:02.000Z,2025-08-10T07:01:50.000Z,
8f7902a3-1f30-4ed9-997e-6776149daa0d,"Sydney Millions Event 6 : PLO/NLH Rotation",FIXED,gameActualStartDateTime,false,30298,2024-11-03T14:59:24.000Z,2024-11-03T06:34:26.000Z,
8871a14f-6d68-462f-94a9-206dd21e5993,"Tuesday HighRoller Poker @ Churchills Sports Bar 5 times a week!",FIXED,totalDuration;gameEndDateTime;gameActualStartDateTime,false,29065,2024-02-27T15:05:18.000Z,2024-02-27T07:00:53.000Z,
67403ee7-4040-4423-9f51-0e382df5a95f,"Wednesday night CASH GAME St George Leagues",FIXED,totalDuration;gameActualStartDateTime,false,21579,2026-01-14T13:45:44.000Z,2026-01-14T07:46:05.000Z,
2320dd41-e6cf-41d1-a82a-86c72f833c62,"Tuesday HighRoller Poker @ Churchills Sports Bar 5 times a week!",FIXED,totalDuration;gameEndDateTime;gameActualStartDateTime,false,26749,2024-08-13T15:27:13.000Z,2024-08-13T08:01:24.000Z,
3136e344-383a-4f94-9282-a288aaf55cc5,"MAIN EVENT SATTY 1 x Main Event $400 seats guaranteed",FIXED,totalDuration;gameEndDateTime;gameActualStartDateTime,false,7324,2025-11-18T12:55:22.000Z,2025-11-18T10:53:18.000Z,
82480e6d-d62c-4f95-a7ee-e95293c83493,"DOUBLE BARREL SHOT CLOCK Fully dealer dealt",FIXED,totalDuration;gameEndDateTime;gameActualStartDateTime,false,22327,2025-03-27T07:16:53.000Z,2025-03-27T01:04:46.000Z,
4cc1775b-a2fc-49e7-b9a3-41bec0094b2a,"$5,000 Gtd Monday Bankroll Builder Monday Weekly $120 re-entry until 9:40pm",FIXED,gameActualStartDateTime,false,22422,2025-04-07T14:47:12.000Z,2025-04-07T08:33:30.000Z,
3da3fb39-e539-4a60-98e7-5b588d10b78d,"Kings Room Signature Series Event 8: MAIN EVENT Flight 1C",FIXED,gameActualStartDateTime,false,,,2023-05-20T02:01:41.000Z,
4bb72797-05ab-476a-a312-c7f2d1a4e212,"6-MAX SHOT CLOCK 20 seconds to act",FIXED,totalDuration;gameEndDateTime;gameActualStartDateTime,false,26613,2025-07-17T10:25:51.000Z,2025-07-17T03:02:18.000Z,
1eebba34-ab76-4aad-8eb7-3ad0af83afb1,"$2,500 GTD Monday Bankroll Builder Monday Weekly $120 rebuy until 9:40pm",FIXED,gameActualStartDateTime,false,21516,2024-01-22T13:36:05.000Z,2024-01-22T07:37:29.000Z,
673907cc-41d0-4bea-8273-ea0d3cf52ce2,"6 x Collosus seat Plus Mini Main GTD satty",FIXED,gameActualStartDateTime,false,19572,2025-09-29T14:06:15.000Z,2025-09-29T08:40:03.000Z,
682060ca-30db-4c72-9433-9aae300b948c,"Bella Vista Hotel Tuesdays",FIXED,gameActualStartDateTime,false,21117,2025-05-20T14:22:27.000Z,2025-05-20T08:30:30.000Z,
bf4984e5-4bda-4a73-b4ba-4177bc400e64,"Signature Series Thursday Mega Satty (1kHr + Main) 2 Mega Packages Guaranteed",FIXED,gameActualStartDateTime,false,17866,2025-02-20T13:01:22.000Z,2025-02-20T08:03:36.000Z,
4ff3ffc6-9d5b-44bc-ae52-491869c462c5,"Friday night CASH GAME St George Leagues",FIXED,gameActualStartDateTime,false,2,2025-11-07T13:07:00.000Z,2025-11-07T13:06:58.000Z,
e18a3c20-6585-4358-b831-b85698915806,"Kings Cup Event 1: MINI MAIN Flight 1A $50,000 GTD 2 x Re-entry",FIXED,totalDuration;gameEndDateTime;gameActualStartDateTime,true,25501,2023-11-29T14:08:43.000Z,2023-11-29T07:03:42.000Z,
345ea656-81b1-483d-8edc-bd0096db08fa,"$5,000 GTD Monday Bankroll Builder Monday Weekly $120 re-entry until 9:40pm",FIXED,gameActualStartDateTime,false,23317,2025-02-03T14:11:59.000Z,2025-02-03T07:43:22.000Z,
c0d01092-b625-4847-82db-6286ace092d7,"Kings Cup MINI MAIN Day 2 $15,000 GTD Triple Barrel @ 5pm TONIGHT",FIXED,totalDuration;gameEndDateTime;gameActualStartDateTime,false,36201,2024-06-29T14:04:56.000Z,2024-06-29T04:01:35.000Z,
76b9562f-573a-439d-a2b5-d7f2ac398e5f,"MAIN EVENT - $50,000 GTD $50,000 Guaranteed - $119,700 RECORD PP",NO_S3_KEY,,false,,,,
bf157448-6ec1-45cd-a093-045c5a5ae572,"Sydney Millions Colossus Satellite Monday. 6 Gtd 6 Colossus Seats Guaranteed Every Monday",FIXED,gameActualStartDateTime,false,20498,2024-09-23T14:18:07.000Z,2024-09-23T08:36:29.000Z,
41fe4f08-b12b-4696-aa9b-b26937b2f570,"Colossus MEGA Satty 10 seats GTD. 1 in 6",FIXED,gameActualStartDateTime,true,14349,2024-06-12T12:03:48.000Z,2024-06-12T08:04:39.000Z,
3771ce7a-a176-4b76-b3e4-17bf09ca5892,"Tuesday HighRoller Poker @ Churchills Sports Bar 5 times a week!",FIXED,totalDuration;gameEndDateTime;gameActualStartDateTime,false,28310,2024-05-21T15:52:22.000Z,2024-05-21T08:00:32.000Z,
fb729b1e-5114-4b62-a86b-cb8ac1b565cb,"Signature Series Thursday Mega Satty (1kHr + Main) 3 Mega Packages Guaranteed",FIXED,gameActualStartDateTime,false,20499,2025-02-06T13:15:50.000Z,2025-02-06T07:34:11.000Z,
0ee536b0-0082-4615-8dd4-8a87cabd6b5f,"Churchills $10k GTD",FIXED,totalDuration;gameEndDateTime;gameActualStartDateTime,false,31283,2024-08-17T16:41:40.000Z,2024-08-17T08:00:17.000Z,
5c435245-80bb-41e2-895e-f874abdc85ee,"Big Extra Xmas Edition Late rego and rebuys until 9:20pm",FIXED,totalDuration;gameEndDateTime;gameActualStartDateTime,false,30908,2024-12-17T15:35:13.000Z,2024-12-17T07:00:05.000Z,
0b99ab6a-ee56-4220-9630-e2d530905b85,"Friday 6k Gtd Friday Weekly $150 re-entry until 9:40pm",FIXED,gameActualStartDateTime,false,22222,2025-01-17T13:46:34.000Z,2025-01-17T07:36:12.000Z,
910daf25-97f6-40e6-8f22-65e249e9ade7,"450HR FREEROLL SATY 2 X 450HR SEATS GUARANTEED",FIXED,totalDuration;gameEndDateTime;gameActualStartDateTime,false,15000,2024-11-08T05:10:40.000Z,2024-11-08T01:00:40.000Z,
a7f7447f-fe88-44e3-a4bb-8c9be7d2e0e7,"SM ME satty - 2 seats GTD",FIXED,gameActualStartDateTime,false,16806,2025-09-12T13:40:32.000Z,2025-09-12T09:00:26.000Z,
8aa6077f-4421-40f8-a9e3-075abae376b0,"Kings Room Championships Day 2",FIXED,gameActualStartDateTime,false,,,2023-04-15T01:05:47.000Z,
d0e52c7b-b479-4f48-a5d9-ac7b3f7b8ce8,"TRIPLE BARREL $5000 GTD",FIXED,totalDuration;gameEndDateTime;gameActualStartDateTime,false,19212,2025-03-28T12:26:25.000Z,2025-03-28T07:06:13.000Z,
260c445c-4ea1-474f-a959-7a328315da86,"Kings Room Signature Series Event 8 MAIN EVENT Flight 1C",FIXED,gameActualStartDateTime,false,,,2023-02-25T03:01:37.000Z,
21d37cef-4ef4-4574-941e-92b0aed81f17,"Friday St. George Leagues Club $8,000 GTD $8000 GTD",FIXED,gameActualStartDateTime,false,,,2023-04-21T08:30:40.000Z,
d4c7b0f7-189d-45be-8d0c-9797da16e4ab,"Sydney Millions 2025 Event 1",NO_S3_KEY,,false,,,,
c93c038c-eeab-41bb-99bc-1f37c4fc098b,"KC @ Churchills Event 5: Triple Barrel",FIXED,totalDuration;gameEndDateTime;gameActualStartDateTime,false,33066,2025-12-06T15:11:07.000Z,2025-12-06T06:00:01.000Z,
565db456-8c25-4e3d-b40b-ff09650b2418,"BIG PLO Dealer Dealt",FIXED,totalDuration;gameEndDateTime;gameActualStartDateTime,false,26151,2024-06-30T11:31:06.000Z,2024-06-30T04:15:15.000Z,
5e1b50cc-22b1-4abf-81f1-e652a489a5fb,"KC @ Churchills Event 5: Sunday Grind",FIXED,totalDuration;gameEndDateTime;gameActualStartDateTime,false,42887,2025-05-04T14:25:53.000Z,2025-05-04T02:31:06.000Z,
2b9efb31-b2bc-48ae-8119-13398914afeb,"Sydney Millions Event 5: MAIN EVENT Flight 1E",FIXED,gameActualStartDateTime,true,29701,2023-11-18T09:15:24.000Z,2023-11-18T01:00:23.000Z,
93fccc53-a27f-4968-a6af-06e460340817,"Tuesday HighRoller Poker @ Churchills Sports Bar 5 times a week!",FIXED,totalDuration;gameEndDateTime;gameActualStartDateTime,true,29416,2024-05-14T16:10:34.000Z,2024-05-14T08:00:18.000Z,
6d0d5466-adeb-497f-8270-0fac571d1417,"Colossus Series HR satty - 3 seats GTD",FIXED,gameActualStartDateTime,false,15552,2025-06-08T12:29:33.000Z,2025-06-08T08:10:21.000Z,
077237ec-4862-41f7-bbc9-690eb32a7f3d,"Thursday Colosus Satty (6 Seats Gtd) Thursday Weekly Colosus Satty $120 re-entries until 9:40pm",FIXED,gameActualStartDateTime,false,19502,2024-05-23T14:12:22.000Z,2024-05-23T08:47:20.000Z,
e067e2b9-0849-431a-8645-60c7971e62d2,"Sydney Millions Event 19: Super Freeze SC",FIXED,gameActualStartDateTime,false,31766,2023-11-22T16:24:30.000Z,2023-11-22T07:35:04.000Z,
c6f4c68d-59bf-434c-91bf-36b459f8eadf,"Easts $10k GTD",FIXED,totalDuration;gameEndDateTime;gameActualStartDateTime,false,26652,2025-04-12T15:24:32.000Z,2025-04-12T08:00:20.000Z,
97c97f18-bbf5-4d24-9e19-637871fe70aa,"OPENING EVENT DAY 2 $12,500 GUARANTEED",FIXED,totalDuration;gameEndDateTime;gameActualStartDateTime,false,18868,2024-06-22T06:16:37.000Z,2024-06-22T01:02:09.000Z,
8a63d4f5-a5f1-4c8c-8ef3-70fbab3ceee2,"Churchill's SHOTCLOCK SUNDAY Poker @ Churchills Sports Bar 5 times a week!",FIXED,totalDuration;gameEndDateTime;gameActualStartDateTime,false,22484,2025-10-12T13:16:54.000Z,2025-10-12T07:02:10.000Z,
a481e0f1-6e8c-4a52-b148-e190d9ef548f,"Colossus Series 1Event D : Poker Rewards+ Flight D",FIXED,gameActualStartDateTime,true,28500,2025-06-07T14:58:36.000Z,2025-06-07T07:03:36.000Z,
9957d243-36b2-4db5-8189-a8786bfd9b8f,"Sydney Millions ME satellite Thursday. 3 Gtd. 1 in 10.",FIXED,gameActualStartDateTime,false,21634,2024-09-19T14:40:15.000Z,2024-09-19T08:39:41.000Z,
6f2caafb-34ab-4b28-9bb9-0567b47e8eab,"BLOCKBUSTER SHOT CLOCK FLT A $30,000 Guaranteed - Dealer dealt",FIXED,totalDuration;gameEndDateTime;gameActualStartDateTime,true,17281,2025-11-13T12:48:01.000Z,2025-11-13T08:00:00.000Z,
1a7eeaa8-2bdb-452c-9d43-1c1d8fd9fcc2,"Kings Room Signature series Event 4: 6-max SHOTCLOCK",FIXED,gameActualStartDateTime,false,,,2023-05-13T02:13:27.000Z,
9e094def-5bdb-451d-883e-8500c8b7ea66,"Tuesday Highroller Poker @ Churchills Sports Bar 5 times a week!",FIXED,totalDuration;gameEndDateTime;gameActualStartDateTime,false,27227,2024-10-29T14:34:56.000Z,2024-10-29T07:01:09.000Z,
bb38e9f9-b283-4a5d-805e-48a0c673d21e,"Kings Room Signature series: SHR SATTY. 1 seat per 10 entries. 2 seats GTD",FIXED,gameActualStartDateTime,false,,,2023-08-07T08:30:17.000Z,
7e1059d2-0ea9-49f8-b885-9b4dc3006816,"Churchills $10k GTD",FIXED,totalDuration;gameEndDateTime;gameActualStartDateTime,false,28881,2025-05-31T16:01:24.000Z,2025-05-31T08:00:03.000Z,
421be02c-2392-4cf0-bf89-dcdd074ccd54,"MAIN EVENT - DAY 2 $75,000 Guaranteed - $119,700 RECORD PP",FIXED,totalDuration;gameEndDateTime;gameActualStartDateTime,false,33036,2025-07-20T10:14:09.000Z,2025-07-20T01:03:33.000Z,
d51de946-24c2-48f0-bab4-95098795744f,"Wentys Kings Bounty Survivor Top 6 bounties worth $500 per KO",FIXED,gameActualStartDateTime,false,20410,2024-04-14T09:42:21.000Z,2024-04-14T04:02:11.000Z,
17a17a8d-f364-4aa6-a0b6-7e371921fd48,"Tuesday Highroller Poker @ Churchills Sports Bar 5 times a week!",FIXED,totalDuration;gameEndDateTime;gameActualStartDateTime,false,27031,2025-10-21T14:32:00.000Z,2025-10-21T07:01:29.000Z,
9ce55d65-6e67-456b-8f23-a70bd7cfdbd7,"Sydney Millions ME satty",FIXED,gameActualStartDateTime,false,14890,2023-11-15T14:12:43.000Z,2023-11-15T10:04:33.000Z,
0bdbafe9-4cd0-4833-85b7-08b1e932b3f6,"Kings Cup Event 3: The Big Gun Late rego and rebuys until 9:20pm",FIXED,totalDuration;gameEndDateTime;gameActualStartDateTime,false,30482,2024-12-03T15:28:08.000Z,2024-12-03T07:00:06.000Z,
450d2c22-7e65-4999-a3d9-28c4b79386ae,"Sydney Millions Thursday Satty 2 seats guaranteed 1 in 10 wins",FIXED,gameActualStartDateTime,false,,,2023-09-21T08:35:22.000Z,
4289c158-6f0a-4383-8a9c-413c4138e4c6,"THE ACCELERATOR 20/15/10 min levels",FIXED,totalDuration;gameEndDateTime;gameActualStartDateTime,false,19031,2025-03-24T06:24:38.000Z,2025-03-24T01:07:27.000Z,
c55568c3-3dea-49c3-ba6f-641030ade497,"Sydney Millions Event 5: Players Champs Day 3",FIXED,gameActualStartDateTime,true,59167,2025-10-28T07:53:18.000Z,2025-10-27T15:27:11.000Z,
d6bb2f8b-1148-4755-8afa-e56ae1f076e4,"Sydney Millions Event 8: PLO/NLH Rotation",FIXED,gameActualStartDateTime,false,27391,2023-11-13T14:36:47.000Z,2023-11-13T07:00:16.000Z,
e2bf7343-1839-48ee-98d0-fc32d7e93241,"KINGDOM MAIN EVENT - Flight B $30000 GUARANTEED - DEALT",FIXED,totalDuration;gameEndDateTime;gameActualStartDateTime,true,19805,2023-03-02T12:00:43.000Z,2023-03-02T06:30:38.000Z,
200dfd18-4821-4d35-a971-d945f6d38f94,"Signature Series Event 10: Triple Barrel",FIXED,gameActualStartDateTime,false,24767,2025-03-03T14:01:24.000Z,2025-03-03T07:08:37.000Z,
ed938906-3813-45e3-bd17-76359339825c,"TRIPLE BARREL $5000 GTD",FIXED,totalDuration;gameEndDateTime;gameActualStartDateTime,false,18735,2025-07-18T13:43:21.000Z,2025-07-18T08:31:06.000Z,
e251cc8d-c7c1-4ed8-af97-817677941cfa,"July Big Extra Late rego and rebuys until 9:20pm",FIXED,totalDuration;gameEndDateTime;gameActualStartDateTime,false,32397,2025-07-01T17:00:14.000Z,2025-07-01T08:00:17.000Z,
faf595e7-6daf-4501-879d-c01e6357a4be,"1KHR $116,470 + $2380 POTS + $150 GOC",FIXED,totalDuration;gameEndDateTime;gameActualStartDateTime,true,69841,2024-06-29T02:27:06.000Z,2024-06-28T07:03:05.000Z,
f357d298-04c1-4405-9e77-190345442486,"Wenty's Wednesday $10k GTD",FIXED,totalDuration;gameActualStartDateTime,false,22947,2026-01-07T13:52:40.000Z,2026-01-07T07:30:13.000Z,
2574b6e5-1853-43f9-871f-46b4947f4017,"SUPER FREEZE SHOT CLOCK Dealer Dealt - 20 seconds to act",FIXED,totalDuration;gameEndDateTime;gameActualStartDateTime,false,20531,2023-07-21T10:46:35.000Z,2023-07-21T05:04:24.000Z,
9c877a18-baf7-43db-a0f6-e9b16aab7177,"Tuesday Highroller Poker @ Churchills Sports Bar 5 times a week!",FIXED,totalDuration;gameEndDateTime;gameActualStartDateTime,false,30099,2025-11-25T15:22:34.000Z,2025-11-25T07:00:55.000Z,
c052c23c-0c36-422d-8662-4f8a815f9718,"Sydney Millions Event 20: Closing Event",FIXED,gameActualStartDateTime,false,24374,2025-11-03T13:19:48.000Z,2025-11-03T06:33:34.000Z,
07bbf478-5f12-4a46-b189-0c6abde245f6,"Friday night CASH GAME St George Leagues",FIXED,totalDuration;gameEndDateTime;gameActualStartDateTime,false,2,2025-12-19T16:01:48.000Z,2025-12-19T16:01:46.000Z,
2ecb43c0-a27d-4f0b-bd59-bc061b1e134a,"Colossus Series Event 5A : Highroller SC Flight A $150,000 Guaranteed",FIXED,gameActualStartDateTime,true,29400,2025-06-08T11:10:45.000Z,2025-06-08T03:00:45.000Z,
4c10ad30-3157-4fc7-9c60-178f0ba8581f,"$5,000 GTD Thursday Grind Thursday Weekly $120 rebuy until 9:40pm",FIXED,gameActualStartDateTime,false,22734,2024-06-20T15:09:52.000Z,2024-06-20T08:50:58.000Z,
64d89eb7-98b5-4661-a2b9-312ba3e7ec59,"Thursday night CASH GAME St George Leagues",FIXED,totalDuration;gameEndDateTime;gameActualStartDateTime,false,3,2025-12-11T14:47:23.000Z,2025-12-11T14:47:20.000Z,
ed867ea3-0fe9-4ced-af8a-d1d8ac46bdc4,"Dragon Lunar Main Event Satellite $110 satellite into the $750 Dragon Lunar Main Event. 1 in 8 wins, 4 seats GTD!",FIXED,gameActualStartDateTime,false,23163,2024-01-29T14:11:06.000Z,2024-01-29T07:45:03.000Z,
a3155220-387d-4591-af3e-73999ef67394,"Manly Leagues Series ME satellite 5 seats GTD 5 seats GTD",FIXED,totalDuration;gameEndDateTime;gameActualStartDateTime,false,13507,2023-09-07T12:46:15.000Z,2023-09-07T09:01:08.000Z,
acb07e6f-89e0-4e35-a423-6545d9d333dd,"Tuesday HighRoller Poker @ Churchills Sports Bar 5 times a week!",FIXED,totalDuration;gameEndDateTime;gameActualStartDateTime,false,28879,2024-03-26T15:02:15.000Z,2024-03-26T07:00:56.000Z,
0f00a45a-c2ab-4aab-8817-c8d5a99b5713,"Wenty's Wednesdays $6k GTD",FIXED,gameActualStartDateTime,false,20267,2025-03-05T13:24:24.000Z,2025-03-05T07:46:37.000Z,
cbb77c0e-23cc-479d-a93d-e912ffb89c1f,"St George Leagues Friday $15k Gtd",FIXED,totalDuration;gameEndDateTime;gameActualStartDateTime,false,27193,2026-01-09T15:05:25.000Z,2026-01-09T07:32:12.000Z,
62b3f177-97eb-456c-a2b1-76d25228a63a,"450HR LAST CHANCE SATTY 3 x $450HR SEATS GUARANTEED",FIXED,totalDuration;gameEndDateTime;gameActualStartDateTime,false,8055,2025-03-22T06:44:32.000Z,2025-03-22T04:30:17.000Z,
9abe78e8-c778-411e-8822-f546ed9e72c6,"$5,000 GTD Thursday Grind Thursday Weekly $220 rebuy until 9:40pm",FIXED,gameActualStartDateTime,false,18352,2024-03-21T13:00:24.000Z,2024-03-21T07:54:32.000Z,
15398c5e-412e-4089-abda-7cc85ec0c1a8,"$5,000 GTD Monday Bankroll Builder Monday Weekly $120 re-entry until 9:40pm",FIXED,gameActualStartDateTime,false,25464,2024-05-06T15:35:17.000Z,2024-05-06T08:30:53.000Z,
221cbce1-b5ad-4669-b0d5-ded5896b8d9a,"Signature Series Event 18 : THE 450 BIG STACK",FIXED,gameActualStartDateTime,false,39235,2025-03-09T13:58:36.000Z,2025-03-09T03:04:41.000Z,
8e0ef0fc-939c-41cb-9d4a-bf08b24bbe14,"FLIP & GO DAY 2",FIXED,totalDuration;gameEndDateTime;gameActualStartDateTime,false,3566,2025-03-30T09:25:47.000Z,2025-03-30T08:26:21.000Z,
bb19ec40-a703-4210-bde0-0b4ff3696a19,"MAIN EVENT - DAY 2 $100,000 Guaranteed - $119,700 RECORD PP",FIXED,totalDuration;gameEndDateTime;gameActualStartDateTime,true,28951,2025-11-23T08:02:51.000Z,2025-11-23T00:00:20.000Z,
d856628e-11c4-4a22-8d18-22cd305e3aa4,"Signature Series Event 12D : Main Event Flight D",FIXED,gameActualStartDateTime,true,30010,2025-03-08T08:20:25.000Z,2025-03-08T00:00:15.000Z,
bc3ae163-aff5-418a-9053-cc7f6b022e58,"Sydney Millions Colossus Satty Rebuys available until the end of level 10",FIXED,gameActualStartDateTime,false,,,2023-10-09T07:30:34.000Z,
7343ef48-17d8-4a94-938f-6715b88efa71,"Wentys Kings Room Championship $100k Gtd Flight 1B Day 2 Sunday 14th at 12pm",FIXED,gameActualStartDateTime,true,25489,2024-04-12T15:08:01.000Z,2024-04-12T08:03:12.000Z,
28210136-eff6-4bd1-af14-5bbedc0e77da,"KC @ Churchills Event 10: Triple Barrel",FIXED,totalDuration;gameEndDateTime;gameActualStartDateTime,false,29551,2025-05-10T17:12:43.000Z,2025-05-10T09:00:12.000Z,
459d6f51-f426-4be4-9ba8-864e2b87afbd,"Kings Room Champs SATTY. 1 seat per 10 entries 4 x seats GTD",FIXED,gameActualStartDateTime,false,,,2023-09-04T08:46:28.000Z,
81e4a209-984a-498b-a274-ef4a7b62a0c7,"Kings Cup Event 10: MAIN EVENT Flight 1A",FIXED,totalDuration;gameEndDateTime;gameActualStartDateTime,true,30300,2025-02-19T14:25:18.000Z,2025-02-19T06:00:18.000Z,
45d46428-636c-4a46-8f79-8ec4dfe7c3ac,"Kings Room Champs Flight 1D Day 2 Sunday 5th at 12pm",FIXED,gameActualStartDateTime,true,25500,2024-05-04T14:07:11.000Z,2024-05-04T07:02:11.000Z,
b909d320-e995-44ea-a2d2-ab96a41a900d,"Sydney Millions Event 2: Mini Highroller",FIXED,gameActualStartDateTime,false,,,2023-10-25T05:03:26.000Z,
ee1926c1-04c5-4c33-a941-bd7d1b1b444b,"MYSTERY BOUNTY SHOT CLOCK $15,000 GUARANTEED",FIXED,totalDuration;gameEndDateTime;gameActualStartDateTime,false,28645,2025-11-19T15:27:25.000Z,2025-11-19T07:30:00.000Z,
cf99b159-29bf-4193-927d-902b312d50c2,"Kings Room Signature series Event 9: SUPER HIGHROLLER Day 2",FIXED,gameActualStartDateTime,false,,,2023-08-09T04:48:26.000Z,
e43cf91f-d20c-4759-bb60-22369ef5c213,"$5,000 GTD Monday Bankroll Builder Monday Weekly $120 re-entry until 9:40pm",FIXED,gameActualStartDateTime,false,23059,2024-05-20T15:05:06.000Z,2024-05-20T08:40:47.000Z,
287f57ba-f7bb-4b0d-bfde-9e5539ed92a4,"Wednesday night CASH GAME",FIXED,gameActualStartDateTime,false,2,2025-07-09T14:25:48.000Z,2025-07-09T14:25:46.000Z,
d14f984c-41ad-4588-b59f-d2fb6963679d,"Tuesday HighRoller Poker @ Churchills Sports Bar 5 times a week!",FIXED,totalDuration;gameEndDateTime;gameActualStartDateTime,false,30939,2023-10-03T15:37:59.000Z,2023-10-03T07:02:20.000Z,
3cf5035c-5361-4a5b-9a6c-24fada173428,"Sydney Millions Friday Satty 2 seats guaranteed 1 in 10 wins",FIXED,gameActualStartDateTime,false,,,2023-10-27T07:36:43.000Z,
b2bedbd3-6940-4c57-883b-fd52dbca7f03,"Signature Series Event 3D2 : 1K Highroller Day 3 BREAKING ORDER: 7, 8, 6, 9, 10, 5",FIXED,gameActualStartDateTime,true,50866,2024-08-06T20:04:40.000Z,2024-08-06T05:56:54.000Z,
c3356090-0c8e-4293-80de-b42d4ba16067,"Sydney Millions ME milestone satty",FIXED,gameActualStartDateTime,false,26940,2025-10-28T14:29:24.000Z,2025-10-28T07:00:24.000Z,
86a8ee32-8b49-4d66-82ec-8b57891e3940,"Signature Series 2023 Event 1",NO_S3_KEY,,false,,,,
2d08a9f7-29b6-4728-bf92-08aa00db0f36,"Tuesday Highroller Poker @ Churchills Sports Bar 5 times a week!",FIXED,totalDuration;gameEndDateTime;gameActualStartDateTime,false,28994,2025-01-28T15:03:59.000Z,2025-01-28T07:00:45.000Z,
9e8b934f-6513-4055-8890-b3553bb2b604,"NOVEMBER BIG EXTRA Late rego and rebuys until 9pm",FIXED,totalDuration;gameEndDateTime;gameActualStartDateTime,false,29071,2024-11-12T15:04:33.000Z,2024-11-12T07:00:02.000Z,
5fabaa7d-df52-4e35-9a02-f598a5061df5,"Colossus Series Event 9: Main Event Flight 1A",FIXED,gameActualStartDateTime,true,29704,2024-06-13T15:18:23.000Z,2024-06-13T07:03:19.000Z,
634b1393-5bbd-448c-bfb0-8c34068a7ddc,"Sydney Millions Event 4D3 : 1KHR Day 3",FIXED,gameActualStartDateTime,true,48613,2024-11-05T19:15:20.000Z,2024-11-05T05:45:07.000Z,
9b2f34bc-eb46-4dbb-a267-817e1d6ce2b9,"6-MAX SHOTCLOCK 20 seconds to act",FIXED,totalDuration;gameEndDateTime;gameActualStartDateTime,true,27182,2023-02-26T09:36:55.000Z,2023-02-26T02:03:53.000Z,
6cd7446b-aa68-43a9-89e1-e28f593e7b70,"$1100HR HYPER SATY 1 X $1100 HR seat for every $1100 in the pool",FIXED,totalDuration;gameEndDateTime;gameActualStartDateTime,false,3359,2023-07-14T12:59:42.000Z,2023-07-14T12:03:43.000Z,
25ad8a8e-9f1f-4456-a2b7-b956334bd289,"Dragon Lunar Main Event Satellite $110 satellite into the $750 Dragon Lunar Main Event. 1 in 8 wins, 8 seats GTD!",FIXED,gameActualStartDateTime,false,24939,2024-02-12T14:28:35.000Z,2024-02-12T07:32:56.000Z,
4104760e-b62a-4021-9e0e-790aa0f7b417,"MINI MAIN EVENT $540 AWARDED TO POTS & $150 TO GOC",NO_S3_KEY,,false,,,,
9b807988-a2f8-43c7-a117-7add5f1d9c6e,"Wenty Leagues 10k Est",FIXED,gameActualStartDateTime,false,13868,2024-04-17T13:10:33.000Z,2024-04-17T09:19:25.000Z,
f5ce6e9c-8b1b-46e4-94cb-29501b953512,"KC @ Churchills Event 10: MAIN EVENT - Day 2 Time banks replenish: 72, 45, 18, 9",FIXED,totalDuration;gameEndDateTime;gameActualStartDateTime,true,35486,2026-01-24T06:47:24.000Z,2026-01-23T20:55:58.000Z,
5aeb53ed-831b-4135-925b-ba3a18d51a2a,"Sydney Millions Event 2: Deep Freeze",FIXED,gameActualStartDateTime,false,30369,2025-10-23T15:27:22.000Z,2025-10-23T07:01:13.000Z,
c66a051c-0b6d-4bfe-a47c-accb047fbfc3,"Dragon Lunar MAIN EVENT",NO_S3_KEY,,false,,,,
76a43851-7c14-4cfb-b0f9-8d7e13b2430e,"(Bella Vista Hotel) APT Series Super Satty The Vault (2 Seat GTD)",FIXED,gameActualStartDateTime,false,18904,2025-07-17T13:47:35.000Z,2025-07-17T08:32:31.000Z,
f0c2ab76-9d97-479f-b626-41f963823986,"Bella Vista Hotel Tuesdays $6k GTD",FIXED,gameActualStartDateTime,false,24749,2025-10-14T14:46:06.000Z,2025-10-14T07:53:37.000Z,
81d616b0-c1cb-4210-83d2-4a4f971b313f,"Kings Cup Event 8: Mystery Bounty Late rego and re entry until 9:20pm",FIXED,totalDuration;gameEndDateTime;gameActualStartDateTime,false,26005,2025-02-17T14:14:03.000Z,2025-02-17T07:00:38.000Z,
775314cf-9db9-43b2-aebb-c00ad9072436,"Churchill's SHOTCLOCK SUNDAY Poker @ Churchills Sports Bar 5 times a week!",FIXED,totalDuration;gameEndDateTime;gameActualStartDateTime,false,19513,2024-03-10T12:30:32.000Z,2024-03-10T07:05:19.000Z,
884573b3-4dd7-4317-8e11-df6eff28ca27,"Sydney Millions Thursday Satty 2 seats guaranteed 1 in 10 wins",FIXED,gameActualStartDateTime,false,,,2023-10-12T07:48:07.000Z,
af2b17ca-3b2c-45b7-bbd2-3c0168a46418,"KC @ Churchills Event 8: MAIN EVENT Flight 1A",FIXED,totalDuration;gameEndDateTime;gameActualStartDateTime,true,29400,2025-09-08T15:10:29.000Z,2025-09-08T07:00:29.000Z,
e3338cdb-80a2-4a57-bbfd-e280047ff09a,"Signature Series Event 2 : Epic Bounty",FIXED,gameActualStartDateTime,false,23943,2024-08-03T15:55:01.000Z,2024-08-03T09:15:58.000Z,
586c0b22-533a-46ce-8ff0-232283d2321f,"$450 HIGH ROLLERS 10 levels of play on Day 1 - Day 2 starts Sat 11am 1 level of play for late reg",FIXED,totalDuration;gameEndDateTime;gameActualStartDateTime,true,45998,2023-11-10T19:48:33.000Z,2023-11-10T07:01:55.000Z,
cf3c580a-953d-40a9-9bcb-57fd5bd1a4b5,"NEWCASTLE'S MYSTERY BOUNTY 6 Bounties - $150 GOC for 1st - $64 to POS",FIXED,totalDuration;gameEndDateTime;gameActualStartDateTime,true,22433,2023-11-02T13:21:09.000Z,2023-11-02T07:07:16.000Z,
b4043c67-29e1-4089-83ad-f341d1f315a5,"Wenty's Wednesday $10k GTD",FIXED,totalDuration;gameActualStartDateTime,false,21912,2026-01-14T13:35:29.000Z,2026-01-14T07:30:17.000Z,
f5c1cead-0af1-4fc8-8f40-9dc66d770332,"Kings Room Champs Flight 1C Day 2 Sunday 5th at 12pm",FIXED,gameActualStartDateTime,true,25501,2024-05-04T09:08:52.000Z,2024-05-04T02:03:51.000Z,
bc7e1823-8476-4515-9677-ddb0369c0cb8,"THE KINGDOM CHAMPIONSHIP $10,000 GUARANTEED - Reigning Champ Terry Johnson",FIXED,totalDuration;gameEndDateTime;gameActualStartDateTime,false,35239,2023-02-25T10:49:32.000Z,2023-02-25T01:02:13.000Z,
6c34cb8b-b3b4-4390-9d75-591f9f3ac8bf,"Thursdays Grind St.George Leagues Thursday Weekly $120 rebuy until 9:40pm",FIXED,gameActualStartDateTime,false,19608,2025-08-28T13:56:59.000Z,2025-08-28T08:30:11.000Z,
853c14ff-c51e-480a-aab2-9a9d21c397ee,"SUPER BOUNTY TURBO $30 per Bounty",FIXED,totalDuration;gameEndDateTime;gameActualStartDateTime,false,14781,2025-03-21T06:24:57.000Z,2025-03-21T02:18:36.000Z,
847c0b0b-c049-4522-b41e-4d982f161d82,"Wednesday night CASH GAME St George Leagues",FIXED,gameActualStartDateTime,false,22242,2025-12-10T13:58:34.000Z,2025-12-10T07:47:52.000Z,
3773af71-a4df-4035-a0b7-9f16c2c63d3c,"MAIN EVENT Flight E Turbo Dealer dealt - Last chance",FIXED,totalDuration;gameEndDateTime;gameActualStartDateTime,true,14152,2023-07-22T13:44:02.000Z,2023-07-22T09:48:10.000Z,
5ee2be95-b46f-4c44-9c65-8bfda667fd3f,"THE MEGA JUGGERNAUT $5,000 GUARANTEED",FIXED,totalDuration;gameEndDateTime;gameActualStartDateTime,false,28907,2024-11-17T09:33:39.000Z,2024-11-17T01:31:52.000Z,
d9e5b37d-9eca-4aa3-93b4-c0330e40a9eb,"MAIN EVENT FLIGHT C - $50,000 GTD $50,000 Guaranteed - $119,700 RECORD PP",FIXED,totalDuration;gameEndDateTime;gameActualStartDateTime,true,23283,2025-03-26T13:29:23.000Z,2025-03-26T07:01:20.000Z,
1bb6785f-07ee-4798-a024-e9bb473afa60,"$5,000 GTD Thursday Grind Thursday Weekly $120 rebuy until 9:40pm",FIXED,gameActualStartDateTime,false,25235,2025-04-24T15:31:19.000Z,2025-04-24T08:30:44.000Z,
f27aaed5-2666-450c-badf-aecef58e5524,"DRAWMAHA (POT LIMIT) Dealer Dealt",FIXED,totalDuration;gameEndDateTime;gameActualStartDateTime,false,24930,2025-11-17T13:27:33.000Z,2025-11-17T06:32:03.000Z,
1e12ad15-f0fb-467c-801a-a1aaf18d3abd,"Sydney Millions Event 1: Colossus Flight 1B",FIXED,gameActualStartDateTime,true,26399,2025-10-21T13:22:36.000Z,2025-10-21T06:02:37.000Z,
dea70026-583c-481a-9b1d-30cf72adb7be,"$2,000 GTD Monday's at Kings Room Monday Weekly $100 rebuy until 9:10pm",FIXED,gameActualStartDateTime,false,,,2023-06-05T08:30:12.000Z,
caf50dfa-b756-4b66-b56b-7e40733e8299,"Sydney Millions ME satty",FIXED,gameActualStartDateTime,false,15350,2023-11-18T09:24:21.000Z,2023-11-18T05:08:31.000Z,
8a83abcc-977c-4a0e-b8ae-64e08554b595,"Super Series Event 1A : Main Event Flight A",FIXED,gameActualStartDateTime,true,29100,2025-08-05T15:08:43.000Z,2025-08-05T07:03:43.000Z,
445cbc96-8099-460f-8daa-61fd0aaae1ab,"Signature Series Friday Mega Satty (1kHr + Main) 3 Mega Packages Guaranteed",FIXED,gameActualStartDateTime,false,18532,2024-07-19T13:45:33.000Z,2024-07-19T08:36:41.000Z,
3cba21ee-6fe8-4f29-9c3d-b0a46f79ce3e,"Easts $10k GTD",FIXED,totalDuration;gameEndDateTime;gameActualStartDateTime,false,28355,2024-08-31T15:52:41.000Z,2024-08-31T08:00:06.000Z,
a2f19d2a-eec9-4c9a-8e34-e1a58e0931a6,"Dragon Lunar Super HIgh Roller Satty Friday Weekly Dragon Lunar Super HIgh Roller Satty $350 rebuy until 9:40pm",FIXED,gameActualStartDateTime,false,20598,2024-02-09T13:18:46.000Z,2024-02-09T07:35:28.000Z,
3d0f509c-ef4d-4253-8062-ac39e6e9f549,"St George Anzac Day $20,000 GTD $20,000 GTD. re-entry until end of level 8",FIXED,gameActualStartDateTime,false,45552,2024-04-25T14:40:53.000Z,2024-04-25T02:01:41.000Z,
62da6398-284c-4285-bbbd-73142f596147,"Kings Cup Event 8: MAIN EVENT Flight 1B 2 x Re-entry",FIXED,totalDuration;gameEndDateTime;gameActualStartDateTime,true,29701,2024-09-12T15:15:03.000Z,2024-09-12T07:00:02.000Z,
418adfca-9cdd-47c0-add1-003b58b77aa8,"Sydney Millions ME satty",FIXED,gameActualStartDateTime,false,17041,2023-11-17T09:56:27.000Z,2023-11-17T05:12:26.000Z,
098d00a5-96f4-4173-8ef3-b7447dd981d4,"KC @ Churchills Event 7: MAIN EVENT Flight 1D",FIXED,totalDuration;gameEndDateTime;gameActualStartDateTime,true,30916,2025-05-09T15:35:20.000Z,2025-05-09T07:00:04.000Z,
a44dc371-3dcc-475e-9cc5-2734f8c1248c,"Kings Cup Event 7: Bounty Survivor TOP 23 become bounties worth $500 each",FIXED,totalDuration;gameEndDateTime;gameActualStartDateTime,true,28410,2024-07-02T15:53:38.000Z,2024-07-02T08:00:08.000Z,
c64f4606-12e7-4be2-874c-980caf1ff42a,"MINI MAIN EVENT DAY 2 - $42,716 Restricted - $42,716 incl. POS & GOC",FIXED,totalDuration;gameEndDateTime;gameActualStartDateTime,false,16947,2023-07-18T12:43:32.000Z,2023-07-18T08:01:05.000Z,
5477d6ff-babd-4aeb-aa80-9680f554248f,"PLO 5 BLACK ACE BOMB POT Dealer dealt",FIXED,totalDuration;gameEndDateTime;gameActualStartDateTime,false,22052,2025-11-18T11:42:48.000Z,2025-11-18T05:35:16.000Z,
00bf6265-fce6-4049-b0e3-46056f9e058d,"Monday St. George Leagues Club $2,000 GTD $2000 GTD",FIXED,gameActualStartDateTime,false,,,2023-04-24T08:30:09.000Z,
2e81ab4d-b29d-4eec-a8dd-02d8838f71b5,"OPENING EVENT DAY 2 $20,000 GTD INC $200 GOC + $400 POS",FIXED,totalDuration;gameEndDateTime;gameActualStartDateTime,false,15743,2025-03-22T04:26:01.000Z,2025-03-22T00:03:38.000Z,
07e297e6-2892-422f-8402-882cb8393b63,"Dragon Lunar Opener Flight 1C Day 2 Sunday 18th at 12pm",FIXED,gameActualStartDateTime,true,29416,2024-02-16T14:10:20.000Z,2024-02-16T06:00:04.000Z,
6fd60c92-ce34-48eb-9f9d-e66e61264bfa,"MAIN EVENT SATY 1 x Main Event $350 seat awarded for every $350 in the pool",FIXED,totalDuration;gameEndDateTime;gameActualStartDateTime,false,11719,2024-03-11T13:46:22.000Z,2024-03-11T10:31:03.000Z,
2c20e8fe-e56e-424a-929c-064175dd9004,"MINI MAIN EVENT - $42,716 Restricted - $42,716 incl. POS & GOC",NO_S3_KEY,,false,,,,
da7b7961-57e2-4282-a29d-085f166dfea8,"MAIN EVENT HYPER SATY 1 x Main Event $350 seat awarded for every $350 in the pool",FIXED,totalDuration;gameEndDateTime;gameActualStartDateTime,false,7615,2023-11-06T12:58:42.000Z,2023-11-06T10:51:47.000Z,
582a9078-df0d-41ab-9b21-702609356079,"Signature Series Event 6 : Dealer's Choice [NHL, PLO 4/5](Bomb Pot)",FIXED,gameActualStartDateTime,false,24903,2024-08-07T15:24:21.000Z,2024-08-07T08:29:18.000Z,
f71b2473-a02f-4a7b-bf95-78abfae4c256,"Sydney Millions Event 6: Mini Main Flight 1E",FIXED,gameActualStartDateTime,true,24953,2025-10-30T13:25:55.000Z,2025-10-30T06:30:02.000Z,
0cff8e26-8c25-45c5-a424-3f104e65c6f0,"THE BIG SHOT - LIVE STREAMED LIVE STREAMED FROM THE KINGDOM",FIXED,totalDuration;gameEndDateTime;gameActualStartDateTime,true,21383,2023-10-15T09:10:00.000Z,2023-10-15T03:13:37.000Z,
645d6728-88d1-4cfb-8361-120285b93908,"Kings Room Championship Flight 1B",FIXED,gameActualStartDateTime,false,,,2023-07-07T08:00:07.000Z,
53b46c5b-ad5b-4b55-a36e-a9ffb80aa12d,"Signature Series 1D : Opening Event Flight D $100,000 Guaranteed",FIXED,gameActualStartDateTime,true,27900,2024-08-03T14:45:06.000Z,2024-08-03T07:00:06.000Z,
eeee316d-0702-4849-98ea-a5b80aa9cf25,"Tuesday Highroller Poker @ Churchills Sports Bar 5 times a week!",FIXED,totalDuration;gameEndDateTime;gameActualStartDateTime,true,28233,2024-09-24T15:51:17.000Z,2024-09-24T08:00:44.000Z,
52aeb28b-3d18-4c08-9e56-8067ae705410,"Wenty's Wednesdays $10k GTD",FIXED,gameActualStartDateTime,false,23711,2025-10-08T14:07:12.000Z,2025-10-08T07:32:01.000Z,
1e6a14a1-8efc-40d6-98c5-ac98a8355e0f,"$450HR LAST CHANCE SATTY 3 x $450HR SEATS GUARANTEED",FIXED,totalDuration;gameEndDateTime;gameActualStartDateTime,true,9629,2024-11-09T07:10:37.000Z,2024-11-09T04:30:08.000Z,
5754cd9f-fb3b-48ce-a3b3-6d9565f14f14,"Manly Leagues Series 2024 Event 2",NO_S3_KEY,,false,,,,
f007ffff-6403-4f10-92ce-cdbbb506f658,"2024 Sydney Millions Event 16 : Survivor Bounty Top 14 become bounties worth $500 each",FIXED,gameActualStartDateTime,false,29407,2024-11-09T14:47:03.000Z,2024-11-09T06:36:56.000Z,
713145de-0761-475f-825e-bb258394a63b,"Bella Vista Hotel Tuesdays $6k GTD",FIXED,gameActualStartDateTime,false,24603,2025-09-02T15:26:54.000Z,2025-09-02T08:36:51.000Z,
428e664f-647f-4fd0-9895-ffaf09a7f79d,"Sydney Millions ME satty",FIXED,gameActualStartDateTime,false,13233,2024-11-03T13:41:04.000Z,2024-11-03T10:00:31.000Z,
b8c84fcc-b700-4d7a-a3a8-ae10e7ce7800,"Sydney Millions Event 11: Mystery Bounty",FIXED,gameActualStartDateTime,true,39864,2025-10-30T13:38:07.000Z,2025-10-30T02:33:43.000Z,
ff125b14-be74-4125-aee4-358bf1611667,"Kings Cup 2025 Event 4",NO_S3_KEY,,false,,,,
615fbbf0-1c61-46c4-9a16-413b2c08db9e,"$5,000 Gtd Monday Bankroll Builder Monday Weekly $120 re-entry until 9:40pm",FIXED,gameActualStartDateTime,false,24209,2025-04-14T15:18:57.000Z,2025-04-14T08:35:28.000Z,
b90efe21-f0c6-4bf8-9336-f93cddd56ea5,"Churchill's SHOTCLOCK SUNDAY Poker @ Churchills Sports Bar 5 times a week!",FIXED,totalDuration;gameEndDateTime;gameActualStartDateTime,false,22236,2025-08-24T14:12:34.000Z,2025-08-24T08:01:58.000Z,
483c28d8-23eb-4514-a9a2-f5539fdf0a00,"Signature Series 2023 Event 7",NO_S3_KEY,,false,,,,
c050f0fa-5f51-49ea-afd2-d497ebc167b9,"Friday special 10k Gtd Friday Weekly $150 re-entry until 10:20pm",FIXED,gameActualStartDateTime,false,26079,2025-06-20T15:47:27.000Z,2025-06-20T08:32:48.000Z,
a2ba3de0-4b8f-48f8-984d-5b8c036bf88b,"10 x SM ME seats GTD satty",FIXED,gameActualStartDateTime,true,20579,2025-10-16T13:13:57.000Z,2025-10-16T07:30:58.000Z,
ddee5b6e-650c-4e69-9742-fde48d004623,"$5,000 GTD Monday Bankroll Builder Monday Weekly $120 re-entry until 9:40pm",FIXED,gameActualStartDateTime,false,25804,2024-12-23T14:40:19.000Z,2024-12-23T07:30:15.000Z,
642c4690-10b3-4006-ac76-7003d5e79102,"SUPER STACK FREEZE  $5000 GTD 100K ss Freezeout - $5000 Guaranteed",FIXED,totalDuration;gameEndDateTime;gameActualStartDateTime,false,24306,2024-06-21T14:34:09.000Z,2024-06-21T07:49:03.000Z,
d951be53-76c2-4f49-9caa-10922e8006c9,"$5,000 GTD Monday Bankroll Builder Monday Weekly $120 re-entry until 9:40pm",FIXED,gameActualStartDateTime,false,23632,2024-11-25T14:10:57.000Z,2024-11-25T07:37:05.000Z,
ea2e52d4-b737-48e6-9024-47c46180321f,"Sydney Millions ME satellite Thursday. 3 Gtd. 1 in 10.",FIXED,gameActualStartDateTime,false,19570,2024-09-05T14:26:19.000Z,2024-09-05T09:00:09.000Z,
0a87ed6a-bded-496a-b695-627443401afb,"Kings Cup Event 9: MAIN EVENT Flight 1C 2 x Re-entry",FIXED,totalDuration;gameEndDateTime;gameActualStartDateTime,true,30302,2024-12-13T14:25:28.000Z,2024-12-13T06:00:26.000Z,
6136d828-cb06-4f11-baa9-8db14ba5e956,"MINI MAIN EVENT 1C $20,000 Guaranteed",FIXED,totalDuration;gameEndDateTime;gameActualStartDateTime,false,15901,2023-11-03T12:25:47.000Z,2023-11-03T08:00:46.000Z,
7d48e9a0-a1ff-4450-8e3a-2c9e99cc376d,"Sydney Millions ME satty",FIXED,gameActualStartDateTime,false,16634,2023-11-10T14:38:02.000Z,2023-11-10T10:00:48.000Z,
513cb8c0-450b-4aa7-b093-453c3fe5d6e6,"$2,500 GTD Monday Bankroll Builder Monday Weekly $120 rebuy until 9:40pm",FIXED,gameActualStartDateTime,false,21960,2024-01-08T13:47:22.000Z,2024-01-08T07:41:22.000Z,
c952068e-ec6a-4c82-8db1-0e12389ce92e,"Kings Cup Event 8: The 300 Late rego and rebuys until 9:20pm",FIXED,totalDuration;gameEndDateTime;gameActualStartDateTime,false,31537,2024-12-10T15:45:45.000Z,2024-12-10T07:00:08.000Z,
d29ab9e6-fcdf-4734-be6f-547be8873639,"St George Leagues Thursday Grind Thursday Weekly $120 rebuy until 9:40pm",FIXED,totalDuration;gameEndDateTime;gameActualStartDateTime,false,22483,2026-01-08T13:45:05.000Z,2026-01-08T07:30:22.000Z,
5c272594-baed-4afa-b6c5-c88cfea246a1,"Tuesday HighRoller Poker @ Churchills Sports Bar 5 times a week!",FIXED,totalDuration;gameEndDateTime;gameActualStartDateTime,false,25762,2024-04-09T15:10:33.000Z,2024-04-09T08:01:11.000Z,
3075763c-01a7-4cc6-811d-e5cb78bc9fcd,"Colossus Series Event 12 : Mystery Bounty TOP 13 become bounties",FIXED,gameActualStartDateTime,false,35911,2025-06-13T13:14:46.000Z,2025-06-13T03:16:15.000Z,
0b7169c2-2e99-4fdd-8286-baf4f0489d21,"FLIP & GO",NO_S3_KEY,,false,,,,
65994bdf-9b25-44be-917f-5562d5c36325,"Colossus Series Event 8: 6 Max Terminator SC",FIXED,gameActualStartDateTime,false,26217,2024-06-12T15:18:32.000Z,2024-06-12T08:01:35.000Z,
edfe6d1e-955c-485a-b514-df319a576934,"APT Grind satty - 5 seats GTD - Bella Vista Hotel",FIXED,gameActualStartDateTime,false,20857,2025-07-22T14:22:56.000Z,2025-07-22T08:35:19.000Z,
de87b277-89ce-45d8-974d-1b428d1919ab,"Churchill's SHOTCLOCK SUNDAY Poker @ Churchills Sports Bar 5 times a week!",FIXED,totalDuration;gameEndDateTime;gameActualStartDateTime,false,21708,2023-10-29T13:05:04.000Z,2023-10-29T07:03:16.000Z,
7b1b07ae-1380-4348-ae72-a886b6a8b4f6,"Sydney Millions ME satty",FIXED,gameActualStartDateTime,false,20958,2023-11-09T16:14:46.000Z,2023-11-09T10:25:28.000Z,
d5f3f426-513d-4578-89ca-a7209da9c7d1,"Tuesday HighRoller Poker @ Churchills Sports Bar 5 times a week!",FIXED,totalDuration;gameEndDateTime;gameActualStartDateTime,false,23646,2024-06-11T14:40:25.000Z,2024-06-11T08:06:19.000Z,
75fae3b8-05ff-4b0f-ba22-3d7b05b9781d,"$5,000 GTD Monday Bankroll Builder Monday Weekly $120 re-entry until 9:40pm",FIXED,gameActualStartDateTime,false,25015,2024-04-29T15:35:38.000Z,2024-04-29T08:38:43.000Z,
a8786fb4-fd0d-499c-8e7b-928c9b6902f2,"Churchill's SHOTCLOCK SUNDAY Poker @ Churchills Sports Bar 5 times a week!",FIXED,totalDuration;gameEndDateTime;gameActualStartDateTime,false,25447,2023-10-01T14:06:29.000Z,2023-10-01T07:02:22.000Z,
382fedf6-af98-4d07-8020-77d98f222fdb,"LAST CHANCE MAIN EVENT SATY 1 x Main Event Seat for every $250 in the pool",FIXED,totalDuration;gameEndDateTime;gameActualStartDateTime,false,6962,2023-03-02T11:36:43.000Z,2023-03-02T09:40:41.000Z,
4e309a4d-9c2b-4156-98e5-d93c82efbf68,"Kings Cup Event 4: MINI MAIN Flight 1A $50,000 GTD 2 x Re-entry",FIXED,totalDuration;gameEndDateTime;gameActualStartDateTime,true,25505,2024-06-26T15:05:30.000Z,2024-06-26T08:00:25.000Z,
2f5d084b-d5d7-42af-b6ec-fab6dfe414ec,"Churchill's SHOTCLOCK SUNDAY Poker @ Churchills Sports Bar 5 times a week!",FIXED,totalDuration;gameEndDateTime;gameActualStartDateTime,false,21283,2023-10-15T12:56:07.000Z,2023-10-15T07:01:24.000Z,
3830ba87-689a-4758-badc-7f9226425a70,"KC @ Churchills Event 7D2: MAIN EVENT - Day 2 Breaking order: 13, 14, 12, 11, 10, 1, 2, 6, 9, 3, 4, 5, 8, 7",FIXED,totalDuration;gameEndDateTime;gameActualStartDateTime,true,45921,2025-05-10T13:08:15.000Z,2025-05-10T00:22:54.000Z,
be1bdcd4-03e2-4a13-aa4a-6218a3a58c86,"Churchill's SHOTCLOCK SUNDAY Poker @ Churchills Sports Bar 5 times a week!",FIXED,totalDuration;gameEndDateTime;gameActualStartDateTime,true,18164,2023-11-26T12:03:46.000Z,2023-11-26T07:01:02.000Z,
cb13d45d-b893-4271-bfdf-7a3ec95dec13,"KC @ Churchills Event 3: MINI MAIN Flight 1A $125,000 GTD 2 Re-Entry",FIXED,totalDuration;gameEndDateTime;gameActualStartDateTime,true,27778,2025-12-01T13:45:41.000Z,2025-12-01T06:02:43.000Z,
f917ff96-8cbd-47f1-8ce1-b524159945e4,"Kings Room Signature Series Event 8: MAIN EVENT Flight 1B",FIXED,gameActualStartDateTime,false,,,2023-02-24T06:00:58.000Z,
b2dd31f1-ec0d-4105-a1cf-4ca8af32e615,"Sydney Millions SHR satty",FIXED,gameActualStartDateTime,false,17011,2023-11-22T09:49:35.000Z,2023-11-22T05:06:04.000Z,
e4fe4d42-d42c-428c-bd9b-e5ede4599b60,"Churchill's SHOTCLOCK SUNDAY Poker @ Churchills Sports Bar 5 times a week!",FIXED,totalDuration;gameEndDateTime;gameActualStartDateTime,false,22417,2025-03-16T13:14:36.000Z,2025-03-16T07:00:59.000Z,
5afd7ee1-32e9-4767-a867-15033feab334,"Kings Cup Event 2: Bankroll Builder Late rego and re entry until 10:30pm",FIXED,totalDuration;gameEndDateTime;gameActualStartDateTime,false,22712,2025-04-28T15:50:08.000Z,2025-04-28T09:31:36.000Z,
3ffeaa64-ec54-4110-b9b1-bfc8a6f75a99,"Signature Series Event 5D2 : Main Event Day 3",FIXED,gameActualStartDateTime,true,57696,2024-08-11T16:09:03.000Z,2024-08-11T00:07:27.000Z,
ec911506-192b-4c28-a590-0de1e19f0ea3,"Sydney Millions ME satty",FIXED,gameActualStartDateTime,false,14990,2023-11-11T14:25:44.000Z,2023-11-11T10:15:54.000Z,
a73c3b7c-9fa7-4e4d-8302-6f3786b7416f,"Signature Series SHR satty",FIXED,gameActualStartDateTime,true,14357,2024-02-15T14:02:27.000Z,2024-02-15T10:03:10.000Z,
fa52ec0c-01f3-4db8-94b9-0d8e47071283,"Mondays Bankroll Builder Monday Weekly $120 re-entry until 9:40pm",FIXED,gameActualStartDateTime,false,17550,2025-05-05T14:06:52.000Z,2025-05-05T09:14:22.000Z,
f17927bc-9548-4b18-b76e-0217a1129f6a,"6-MAX SHOT CLOCK 20 seconds to act",FIXED,totalDuration;gameEndDateTime;gameActualStartDateTime,false,19668,2024-11-15T06:41:16.000Z,2024-11-15T01:13:28.000Z,
66b40a58-22e7-495b-b307-45524380d4b0,"Churchill's SHOTCLOCK SUNDAY Poker @ Churchills Sports Bar 5 times a week!",FIXED,totalDuration;gameEndDateTime;gameActualStartDateTime,false,22217,2025-08-03T14:14:38.000Z,2025-08-03T08:04:21.000Z,
4f504d54-ff78-4cc2-b1cd-aebda4612611,"Kings Cup 2025 Event 10: MAIN EVENT",NO_S3_KEY,,false,,,,
9897cb08-ab1a-4f8c-8eb3-b0ec2067e2e5,"Kings Cup 2024 Event 2",NO_S3_KEY,,false,,,,
d3008241-6b07-4fff-9c53-dbc63773f54e,"MAIN EVENT Flight B - $50,000 GTD $50,000 Guaranteed - Dealer dealt",FIXED,totalDuration;gameEndDateTime;gameActualStartDateTime,true,22297,2023-11-08T12:53:52.000Z,2023-11-08T06:42:15.000Z,
7ec5486e-5442-43a6-808a-704da8fb2bcf,"BIG STACK FREEZE 100K start stack",FIXED,totalDuration;gameEndDateTime;gameActualStartDateTime,false,21741,2025-07-16T14:02:28.000Z,2025-07-16T08:00:07.000Z,
6b2fed56-f593-4658-b128-461d2e598783,"Colossus Series Event 9E - Main Event Flight 1E",FIXED,gameActualStartDateTime,true,26221,2025-06-14T14:17:11.000Z,2025-06-14T07:00:10.000Z,
fb579ab2-a105-4894-bfcf-41f0cfcf3c4a,"Church $10k GTD",FIXED,totalDuration;gameEndDateTime;gameActualStartDateTime,false,30662,2024-10-12T15:31:07.000Z,2024-10-12T07:00:05.000Z,
1cac01b1-873c-468f-ab44-a432e070eea1,"Sydney Millions Colossus Satellite Monday. 6 Gtd 6 Colossus Seats Guaranteed Every Monday",FIXED,gameActualStartDateTime,true,19669,2024-10-21T13:04:16.000Z,2024-10-21T07:36:27.000Z,
edb9532c-c2e6-45ef-a041-f3bd6e7d96b0,"Kings Room Signature series Event 2: FREEZE",FIXED,gameActualStartDateTime,false,,,2023-05-11T08:01:10.000Z,
bed7ad57-e592-4574-8991-bbdc54beb2dd,"Highroller $1500 Satellite 2 seats Guaranteed 2 seats GTD for Highroller $1500 on 10th May. Rebuy End of Level 8 (9:40pm)",FIXED,gameActualStartDateTime,false,,,2023-05-05T08:30:11.000Z,
87d48f65-6493-4bb8-b95d-29ccbda62662,"Kings Sig series MAIN EVENT satellite. 1 seat per 10 entries. 2 seats GTD 2 x $750 ME seats GTD",FIXED,gameActualStartDateTime,false,,,2023-07-24T08:30:21.000Z,
e9b61680-4fbc-4ddf-b71c-1a57ea00c766,"BIG PLO 5 Dealer Dealt",FIXED,totalDuration;gameEndDateTime;gameActualStartDateTime,false,19854,2024-03-17T08:18:01.000Z,2024-03-17T02:47:07.000Z,
ce855af1-de57-483f-bd76-f901da7d58e4,"Super Series Event 1: MAIN EVENT",NO_S3_KEY,,false,,,,
1c5c8221-8260-430b-aeb6-f54d04a08aec,"Wenty's Wednesdays $10k GTD",FIXED,gameActualStartDateTime,false,25240,2025-10-22T14:30:53.000Z,2025-10-22T07:30:13.000Z,
45bf9eb0-b62b-43cf-82b0-be42e6efa76b,"Wenty Leagues 10k Gtd",FIXED,gameActualStartDateTime,false,23533,2024-03-20T14:05:09.000Z,2024-03-20T07:32:56.000Z,
a44acfd7-fa0e-4306-a94c-698a3aa01c89,"MONDAY night CASH GAME St George Leagues",FIXED,gameActualStartDateTime,false,2,2025-09-11T08:21:02.000Z,2025-09-11T08:21:00.000Z,
e9ff8dc4-688b-43df-a2c3-ed825556c56e,"Friday St. George Leagues Club $8,000 GTD Late rego 9:40pm",FIXED,gameActualStartDateTime,false,,,2023-06-09T08:32:25.000Z,
0cbe2853-4bfc-4454-8df2-bf2d3d682062,"MYSTERY BOUNTY SHOT CLOCK $5750 PP + $3800 IN BOUNTIES + GOC + POS",FIXED,totalDuration;gameEndDateTime;gameActualStartDateTime,false,24486,2024-06-27T13:55:14.000Z,2024-06-27T07:07:08.000Z,
d49fc436-951e-4e19-9a78-c362cab939bb,"Signature Series Event 2: PLO4",FIXED,gameActualStartDateTime,false,23356,2025-02-27T13:42:58.000Z,2025-02-27T07:13:42.000Z,
b3b575b9-991c-4e62-a695-c0460ee7128d,"Kings Cup Event 6: MAIN EVENT Flight 1C 2 x Re-entry",FIXED,totalDuration;gameEndDateTime;gameActualStartDateTime,true,29705,2023-12-08T14:16:03.000Z,2023-12-08T06:00:58.000Z,